checkout,0,1.71206E+15,1.71206E+15,0,0,0,0,0
checkout,1,1.71206E+15,1.71206E+15,0,0,0,0,0
checkout,2,1.71206E+15,1.71206E+15,0,0,0,0,0
checkout,3,1.71206E+15,1.71206E+15,0,0,0,0,0
checkout,4,1.71206E+15,1.71206E+15,0,0,0,0,0
checkout,5,1.71206E+15,1.71206E+15,0,0,0,0,0
checkout,6,1.71206E+15,1.71206E+15,0,0,0,0,0
checkout,7,1.71206E+15,1.71206E+15,0,0,0,0,0
checkout,8,1.71206E+15,1.71206E+15,0,0,0,0,0
checkout,9,1.71206E+15,1.71206E+15,0,0,0,0,0
checkout,10,1.71206E+15,1.71206E+15,0,0,0,0,0
checkout,11,1.71206E+15,1.71206E+15,0,0,0,0,0
checkout,12,1.71206E+15,1.71206E+15,0,0,0,0,0
checkout,13,1.71206E+15,1.71206E+15,0,0,0,0,0
checkout,14,1.71206E+15,1.71206E+15,0,0,0,0,0
checkout,15,1.71206E+15,1.71206E+15,28.377,23.433,48.6898,53.02836,90
checkout,16,1.71206E+15,1.71206E+15,16.61272727,16.577,18.817,19.0402,110
checkout,17,1.71206E+15,1.71206E+15,39.21238462,42.937,48.8618,52.16036,130
checkout,18,1.71206E+15,1.71206E+15,87.718875,90.2475,107.69945,109.74854,320
checkout,19,1.71206E+15,1.71206E+15,101.4881852,98.289,125.7006,141.8372,270
checkout,20,1.71206E+15,1.71206E+15,114.3074474,113.381,149.0042,165.70444,380
checkout,21,1.71206E+15,1.71206E+15,128.67325,128.364,158.7554,168.66021,280
checkout,22,1.71206E+15,1.71206E+15,122.3951923,115.8525,154.219,175.48975,260
checkout,23,1.71206E+15,1.71206E+15,129.0944839,125.207,158.5245,171.8328,310
checkout,24,1.71206E+15,1.71206E+15,141.3594063,145.6995,172.49945,181.59529,320
checkout,25,1.71206E+15,1.71206E+15,155.4167097,154.604,215.822,235.7976,310
checkout,26,1.71206E+15,1.71206E+15,187.9267647,192.314,262.45685,270.86923,340
checkout,27,1.71206E+15,1.71206E+15,193.3055769,189.122,260.29025,295.602,260
checkout,28,1.71206E+15,1.71206E+15,203.2109655,197.048,252.9356,264.71472,290
checkout,29,1.71206E+15,1.71206E+15,200.5981111,198.512,234.7429,291.26758,270
checkout,30,1.71206E+15,1.71206E+15,257.9346667,239.613,357.7795,367.4577,270
checkout,31,1.71206E+15,1.71206E+15,270.8765652,269.318,310.0833,319.86334,230
checkout,32,1.71206E+15,1.71206E+15,276.8507586,270.238,338.1712,387.91744,290
checkout,33,1.71206E+15,1.71206E+15,257.59788,268.073,294.5704,366.31968,250
checkout,34,1.71206E+15,1.71206E+15,326.4010345,320.417,410.8778,536.44316,290
checkout,35,1.71206E+15,1.71206E+15,314.4712581,306.146,394.7405,435.6871,310
checkout,36,1.71206E+15,1.71206E+15,329.7017692,318.946,417.70025,500.9305,260
checkout,37,1.71206E+15,1.71206E+15,474.6660667,497.3065,621.7508,646.38815,300
checkout,38,1.71206E+15,1.71206E+15,504.3315455,490.2315,620.7451,624.51157,220
checkout,39,1.71206E+15,1.71206E+15,484.2765517,463.423,600.4828,714.78456,290
checkout,40,1.71206E+15,1.71206E+15,516.257913,477.552,654.0808,865.77554,230
checkout,41,1.71206E+15,1.71206E+15,479.61165,416.208,648.44125,751.98745,200
checkout,42,1.71206E+15,1.71206E+15,449.9731481,426.805,582.7428,649.61786,270
checkout,43,1.71206E+15,1.71206E+15,487.7270811,463.955,635.716,668.70608,370
checkout,44,1.71206E+15,1.71206E+15,477.7783793,475.379,596.6458,715.44316,290
checkout,45,1.71206E+15,1.71206E+15,497.6422222,489.368,658.8415,736.4642,270
checkout,46,1.71206E+15,1.71206E+15,514.42944,502.237,702.863,746.50472,250
checkout,47,1.71206E+15,1.71206E+15,552.1118125,524.6425,695.38505,811.09314,320
checkout,48,1.71206E+15,1.71206E+15,534.816,527.07,627.498,694.08624,290
checkout,49,1.71206E+15,1.71206E+15,545.7396364,535.681,698.2251,739.21173,440
checkout,50,1.71206E+15,1.71206E+15,604.6803636,579.8045,732.74245,866.61788,220
checkout,51,1.71206E+15,1.71206E+15,582.3474211,578.174,678.6278,792.14156,190
checkout,52,1.71206E+15,1.71206E+15,612.1487037,585.171,718.9221,775.42122,270
checkout,53,1.71206E+15,1.71206E+15,609.3357576,599.798,752.4558,928.41304,330
checkout,54,1.71206E+15,1.71206E+15,679.0689688,623.2895,932.67455,1016.8829,320
checkout,55,1.71206E+15,1.71206E+15,641.55024,623.764,777.201,803.90012,250
checkout,56,1.71206E+15,1.71206E+15,654.7229032,646.128,802.554,873.3428,310
checkout,57,1.71206E+15,1.71206E+15,685.7740294,645.346,881.3907,904.1964,340
checkout,58,1.71206E+15,1.71206E+15,679.7359565,687.889,754.7191,777.85848,230
checkout,59,1.71206E+15,1.71206E+15,710.3299714,694.973,889.2988,1074.01956,350
checkout,60,1.71206E+15,1.71206E+15,735.2818438,717.7795,875.2462,1003.68712,320
checkout,61,1.71206E+15,1.71206E+15,743.8144483,724.604,895.634,1056.13856,290
checkout,62,1.71206E+15,1.71206E+15,752.3300345,728.627,895.32,943.35936,290
checkout,63,1.71206E+15,1.71206E+15,719.3876842,712.764,896.1006,984.77292,190
checkout,64,1.71206E+15,1.71206E+15,748.9975,754.5715,845.58275,879.06655,320
checkout,65,1.71206E+15,1.71206E+15,766.1040333,752.9885,1038.04785,1109.49121,300
checkout,66,1.71206E+15,1.71206E+15,837.7777143,752.036,1052.492,1067.508,210
checkout,67,1.71206E+15,1.71206E+15,773.6567857,775.6585,979.711,1001.2078,140
checkout,68,1.71206E+15,1.71206E+15,798.4089286,775.115,1062.1333,1108.80729,280
checkout,69,1.71206E+15,1.71206E+15,823.8573571,788.6505,1092.9054,1302.27808,280
checkout,70,1.71206E+15,1.71206E+15,799.3375172,802.336,967.5018,1076.21452,290
checkout,71,1.71206E+15,1.71206E+15,822.5257879,803.505,1058.7076,1074.55844,330
checkout,72,1.71206E+15,1.71206E+15,831.5657407,795.984,1074.587,1311.94838,270
checkout,73,1.71206E+15,1.71206E+15,833.4748235,822.166,886.7198,1031.03276,170
checkout,74,1.71206E+15,1.71206E+15,875.5332174,812.612,1115.9988,1119.07726,230
checkout,75,1.71206E+15,1.71206E+15,896.8441765,840.2035,1139.759,1703.30473,340
checkout,76,1.71206E+15,1.71206E+15,895.3490741,853.991,1177.9772,1357.2483,270
checkout,77,1.71206E+15,1.71206E+15,892.0714483,880.537,925.3078,1102.927,290
checkout,78,1.71206E+15,1.71206E+15,881.957625,880.8495,906.2379,1138.34999,240
checkout,79,1.71206E+15,1.71206E+15,922.9005161,905.071,1179.1755,1189.6069,310
checkout,80,1.71206E+15,1.71206E+15,905.4459643,917.9595,957.8109,965.64152,280
checkout,81,1.71206E+15,1.71206E+15,966.6392857,911.869,1458.0652,1691.67252,350
checkout,82,1.71206E+15,1.71206E+15,922.8717895,903.632,1259.51815,1497.51191,380
checkout,83,1.71206E+15,1.71206E+15,998.0327826,923.948,1220.1119,1443.51618,230
checkout,84,1.71206E+15,1.71206E+15,899.4952105,915.641,927.7346,932.03012,190
checkout,85,1.71206E+15,1.71206E+15,965.7720769,916.065,1234.4535,1467.70225,260
checkout,86,1.71206E+15,1.71206E+15,908.0355238,947.054,982.866,988.8188,210
checkout,87,1.71206E+15,1.71206E+15,973.4250909,943.754,1246.49795,1269.92631,220
checkout,88,1.71206E+15,1.71206E+15,911.1100588,935.173,946.872,950.2608,170
checkout,89,1.71206E+15,1.71206E+15,969.3812903,929.931,1264.6855,1296.2973,310
checkout,90,1.71206E+15,1.71206E+15,933.5766875,929.1025,946.6218,1152.71793,320
checkout,91,1.71206E+15,1.71206E+15,977.6951053,936.169,1560.6763,1581.33526,190
checkout,92,1.71206E+15,1.71206E+15,937.7664167,950.849,1235.25695,1285.45671,240
checkout,93,1.71206E+15,1.71206E+15,960.642963,971.538,1199.1475,1314.59524,270
checkout,94,1.71206E+15,1.71206E+15,987.0387333,990.351,1174.9717,1324.2001,300
checkout,95,1.71206E+15,1.71206E+15,1024.693355,985.749,1308.775,1318.8267,310
checkout,96,1.71206E+15,1.71206E+15,1003.203526,989.8,1035.9652,1249.74184,190
checkout,97,1.71206E+15,1.71206E+15,1002.107533,1000.4885,1316.69435,1342.80083,300
checkout,98,1.71206E+15,1.71206E+15,1036.113625,995.2225,1344.4549,1352.18023,320
checkout,99,1.71206E+15,1.71206E+15,1042.418846,1000.1765,1352.5,1363.44275,260
checkout,100,1.71206E+15,1.71206E+15,1016.619033,1001.3045,1215.9303,1359.07648,300
checkout,101,1.71206E+15,1.71206E+15,1057.578576,1028.268,1385.4678,1403.42272,330
checkout,102,1.71206E+15,1.71206E+15,1059.375476,1021.581,1411.445,1677.8586,210
checkout,103,1.71206E+15,1.71206E+15,1061.884389,1034.876,1381.70375,1387.26685,360
checkout,104,1.71206E+15,1.71206E+15,1089.409304,1036.415,1439.7411,1695.39714,230
checkout,105,1.71206E+15,1.71206E+15,1064.838115,1044.4015,1343.383,1462.85,260
checkout,106,1.71206E+15,1.71206E+15,1097.9375,1055.8195,1455.92605,1469.87462,280
checkout,107,1.71206E+15,1.71206E+15,1143.714548,1077.486,1487.35,1717.8768,310
checkout,108,1.71206E+15,1.71206E+15,1160.295048,1076.464,1536.052,1851.3184,210
checkout,109,1.71206E+15,1.71206E+15,1068.877154,1070.708,1276.13375,1479.3125,260
checkout,110,1.71206E+15,1.71206E+15,1120.5798,1069.639,1462.284,1472.812,150
checkout,111,1.71206E+15,1.71206E+15,1044.848545,1073.607,1116.4882,1344.89416,330
checkout,112,1.71206E+15,1.71206E+15,1088.765457,1081.571,1381.9173,1466.8493,350
checkout,113,1.71206E+15,1.71206E+15,1152.285067,1100.627,1484.8868,1543.59361,300
checkout,114,1.71206E+15,1.71206E+15,1184.265323,1127.103,1553.6725,1849.7997,310
checkout,115,1.71206E+15,1.71206E+15,1151.086152,1113.699,1717.038,1970.8646,330
checkout,116,1.71206E+15,1.71206E+15,1081.411857,1113.5275,1141.6313,1400.60441,280
checkout,117,1.71206E+15,1.71206E+15,1095.465185,1108.009,1128.7326,1132.34956,270
checkout,118,1.71206E+15,1.71206E+15,1153.798176,1111.061,1380.122,1492.74784,340
checkout,119,1.71206E+15,1.71206E+15,1118.03235,1134.7045,1184.67955,1696.1025,400
checkout,120,1.71206E+15,1.71206E+15,1152.9335,1130.9295,1520.11175,1572.19325,260
checkout,121,1.71206E+15,1.71206E+15,1114.784286,1112.24,1335.073,1520.5986,210
checkout,122,1.71206E+15,1.71206E+15,1173.45639,1130.526,1562.573,1817.341,410
checkout,123,1.71206E+15,1.71206E+15,1126.347964,1124.2365,1273.3168,1485.63558,280
checkout,124,1.71206E+15,1.71206E+15,1222.173444,1174.5245,1566.3722,1570.40324,180
checkout,125,1.71206E+15,1.71206E+15,1228.250414,1173.615,1563.2294,1595.58292,290
checkout,126,1.71206E+15,1.71206E+15,1164.936069,1170.962,1483.2408,1601.88056,290
checkout,127,1.71206E+15,1.71206E+15,1185.551759,1176.303,1214.6954,1604.30404,290
checkout,128,1.71206E+15,1.71206E+15,1235.94175,1209.2365,1618.1715,1635.87245,360
checkout,129,1.71206E+15,1.71206E+15,1174.950167,1200.8375,1416.68735,1607.46451,300
checkout,130,1.71206E+15,1.71206E+15,1177.019143,1173.26,1212.844,1508.4448,210
checkout,131,1.71206E+15,1.71206E+15,1158.75836,1163.541,1507.3384,1537.07488,250
checkout,132,1.71206E+15,1.71206E+15,1216.312,1169.042,1592.1652,1871.44061,380
checkout,133,1.71206E+15,1.71206E+15,1172.671086,1166.999,1317.5774,1587.41986,350
checkout,134,1.71206E+15,1.71206E+15,1199.882,1194.405,1316.0614,1644.09804,370
checkout,135,1.71206E+15,1.71206E+15,1208.344387,1239.701,1400.0845,1548.9683,310
checkout,136,1.71206E+15,1.71206E+15,1267.491484,1253.031,1508.347,1733.1484,310
checkout,137,1.71206E+15,1.71206E+15,1318.115333,1248.424,1769.254,1772.3556,210
checkout,138,1.71206E+15,1.71206E+15,1232.063966,1218.52,1663.4672,1696.02624,290
checkout,139,1.71206E+15,1.71206E+15,1225.184261,1219.427,1252.5882,1621.0137,230
checkout,140,1.71206E+15,1.71206E+15,1221.269067,1248.2525,1275.4405,1275.65687,300
checkout,141,1.71206E+15,1.71206E+15,1250.874885,1267.3285,1334.67675,1635.887,260
checkout,142,1.71206E+15,1.71206E+15,1250.058077,1300.0425,1343.217,1528.97775,260
checkout,143,1.71206E+15,1.71206E+15,1090.508643,1004.956,1591.03665,1663.74894,280
checkout,144,1.71206E+15,1.71206E+15,939.5873929,846.4105,1367.48195,1555.33425,280
checkout,145,1.71206E+15,1.71206E+15,1093.928194,1196.298,1450.197,1630.6457,310
checkout,146,1.71206E+15,1.71206E+15,1106.019818,1128.5075,1508.6628,1614.73311,220
checkout,147,1.71206E+15,1.71206E+15,906.75412,875.257,1431.033,1473.5356,250
checkout,148,1.71206E+15,1.71206E+15,899.5582353,887.386,1312.1522,1383.18691,340
checkout,149,1.71206E+15,1.71206E+15,802.287913,854.018,1193.9166,1216.47534,230
checkout,150,1.71206E+15,1.71206E+15,792.6147143,821.09,1269.44,1298.3152,210
checkout,151,1.71206E+15,1.71206E+15,819.6652308,972.788,1145.40275,1241.6765,260
checkout,152,1.71206E+15,1.71206E+15,669.7194857,728.194,1003.446,1032.82818,350
checkout,153,1.71206E+15,1.71206E+15,747.4633333,719.408,994.641,1150.14462,270
checkout,154,1.71206E+15,1.71206E+15,694.2832,699.298,1016.28,1076.84268,250
checkout,155,1.71206E+15,1.71206E+15,645.2101379,667.545,877.6296,903.32264,290
checkout,156,1.71206E+15,1.71206E+15,632.341125,654.4865,867.1326,929.60409,240
checkout,157,1.71206E+15,1.71206E+15,625.6955172,587.543,789.7142,876.7506,290
checkout,158,1.71206E+15,1.71206E+15,566.8005556,552.407,745.8,785.99048,270
checkout,159,1.71206E+15,1.71206E+15,543.54596,545.43,677.2888,766.47488,250
checkout,160,1.71206E+15,1.71206E+15,505.5271379,474.151,670.6216,701.89728,290
checkout,161,1.71206E+15,1.71206E+15,503.5392059,500.714,592.487,606.58777,340
checkout,162,1.71206E+15,1.71206E+15,439.3289643,427.867,504.58185,527.37965,280
checkout,163,1.71206E+15,1.71206E+15,419.471931,416.61,504.176,554.97208,290
checkout,164,1.71206E+15,1.71206E+15,376.747,378.793,407.539,409.83825,260
checkout,165,1.71206E+15,1.71206E+15,346.0439167,345.489,393.0498,399.97265,240
checkout,166,1.71206E+15,1.71206E+15,366.2319032,371.465,418.7085,538.7854,310
checkout,167,1.71206E+15,1.71206E+15,381.6603226,365.169,478.8525,625.5763,310
checkout,168,1.71206E+15,1.71206E+15,351.29864,345.087,376.7652,377.50768,250
checkout,169,1.71206E+15,1.71206E+15,337.13685,333.6185,362.1887,374.49614,200
checkout,170,1.71206E+15,1.71206E+15,330.3987222,331.947,358.45275,411.9718,360
checkout,171,1.71206E+15,1.71206E+15,362.6140294,369.1485,395.77965,410.83978,340
checkout,172,1.71206E+15,1.71206E+15,359.8497647,358.9485,399.2765,402.68353,340
checkout,173,1.71206E+15,1.71206E+15,373.6301724,356.429,488.7502,550.05884,290
checkout,174,1.71206E+15,1.71206E+15,364.3532414,344.561,507.4266,635.17828,290
checkout,175,1.71206E+15,1.71206E+15,346.7192222,345.264,389.8198,390.4876,270
checkout,176,1.71206E+15,1.71206E+15,353.8997143,340.274,392.2813,571.29156,280
checkout,177,1.71206E+15,1.71206E+15,318.0362759,331.406,357.8524,365.57496,290
checkout,178,1.71206E+15,1.71206E+15,342.0615556,336.035,369.5265,590.40526,270
checkout,179,1.71206E+15,1.71206E+15,339.2695652,336.288,361.7887,365.52386,230
checkout,180,1.71206E+15,1.71206E+15,327.85115,333.718,342.8699,344.44918,200
checkout,181,1.71206E+15,1.71206E+15,340.2576,318.664,361.0802,566.82732,250
checkout,182,1.71206E+15,1.71206E+15,376.5025556,331.064,702.9311,719.37996,270
checkout,183,1.71206E+15,1.71206E+15,336.7611852,342.578,366.884,425.8669,270
checkout,184,1.71206E+15,1.71206E+15,392.7923667,394.2475,448.08495,448.81495,300
checkout,185,1.71206E+15,1.71206E+15,408.0859545,409.91,444.1458,622.71278,220
checkout,186,1.71206E+15,1.71206E+15,391.0596154,389.1695,411.05675,412.154,260
checkout,187,1.71206E+15,1.71206E+15,365.3207667,347.927,470.3201,556.73968,300
checkout,188,1.71206E+15,1.71206E+15,328.301875,330.878,347.7732,462.40225,240
checkout,189,1.71206E+15,1.71206E+15,317.0694,316.763,348.232,354.03916,250
checkout,190,1.71206E+15,1.71206E+15,302.44152,301.661,331.2412,335.48116,250
checkout,191,1.71206E+15,1.71206E+15,290.291375,287.1815,309.0614,313.94515,240
checkout,192,1.71206E+15,1.71206E+15,275.8689032,275.565,297.7375,301.7735,310
checkout,193,1.71206E+15,1.71206E+15,236.5819143,253.527,273.645,369.7767,350
checkout,194,1.71206E+15,1.71206E+15,247.1515417,247.403,268.77795,271.19646,240
checkout,195,1.71206E+15,1.71206E+15,229.0438788,234.169,247.0366,248.18668,330
checkout,196,1.71206E+15,1.71206E+15,219.8709615,208.672,311.608,358.7395,260
checkout,197,1.71206E+15,1.71206E+15,191.2692333,191.025,212.7012,213.01581,300
checkout,198,1.71206E+15,1.71206E+15,172.0475556,169.974,193.2265,193.3651,270
checkout,199,1.71206E+15,1.71206E+15,150.7474762,150.562,164.971,164.9894,210
checkout,200,1.71206E+15,1.71206E+15,144.0722121,142.605,163.2378,163.88448,330
checkout,201,1.71206E+15,1.71206E+15,139.2468947,136.544,165.68655,255.94189,380
checkout,202,1.71206E+15,1.71206E+15,115.7090417,118.694,136.85285,169.77655,240
checkout,203,1.71206E+15,1.71206E+15,103.6816552,104.838,124.0864,127.24072,290
checkout,204,1.71206E+15,1.71206E+15,91.22842308,88.933,109.3235,129.68125,260
checkout,205,1.71206E+15,1.71206E+15,65.9213,64.118,90.5068,90.7696,300
checkout,206,1.71206E+15,1.71206E+15,52.22308,52.314,63.5818,63.75072,250
checkout,207,1.71206E+15,1.71206E+15,43.44516,39.746,65.416,67.64884,250
checkout,208,1.71206E+15,1.71206E+15,26.70924,28.756,37.1866,37.7842,250
checkout,209,1.71206E+15,1.71206E+15,25.07356522,25.044,29.1846,34.92286,230
checkout,210,1.71206E+15,1.71206E+15,24.84441667,23.914,35.03365,35.29098,240
checkout,211,1.71206E+15,1.71206E+15,30.92970968,31.016,38.5815,40.3857,310
checkout,212,1.71206E+15,1.71206E+15,26.57232,24.435,37.429,40.5968,250
checkout,213,1.71206E+15,1.71206E+15,26.65193333,27.8455,35.17955,35.96417,300
checkout,214,1.71206E+15,1.71206E+15,22.45758621,22.494,28.1068,29.37576,290
checkout,215,1.71206E+15,1.71206E+15,19.75339286,17.785,26.4761,29.86571,280
checkout,216,1.71206E+15,1.71206E+15,19.72671429,19.866,25.7145,26.69904,350
checkout,217,1.71206E+15,1.71206E+15,26.49462069,27.843,32.5598,32.98852,290
checkout,218,1.71206E+15,1.71206E+15,26.35783333,23.6125,37.4714,39.44584,300
checkout,219,1.71206E+15,1.71206E+15,25.1429375,24.1485,33.3818,34.23982,320
checkout,220,1.71206E+15,1.71206E+15,24.1202963,23.634,32.5178,38.22284,270
checkout,221,1.71206E+15,1.71206E+15,19.69613636,18.878,27.6901,28.42922,220
checkout,222,1.71206E+15,1.71206E+15,29.2305,29.2085,35.22675,37.3833,360
checkout,223,1.71206E+15,1.71206E+15,23.96043478,22.161,33.5777,34.55038,230
checkout,224,1.71206E+15,1.71206E+15,19.10605882,17.735,24.8516,26.43752,170
checkout,225,1.71206E+15,1.71206E+15,21.88971429,21.845,27.7935,28.50441,280
checkout,226,1.71206E+15,1.71206E+15,30.11984375,27.266,42.2701,43.33599,320
checkout,227,1.71206E+15,1.71206E+15,30.68487879,29.196,43.186,44.46712,330
checkout,228,1.71206E+15,1.71206E+15,25.5962963,22.664,41.2152,42.31828,270
checkout,229,1.71206E+15,1.71206E+15,27.14139394,23.662,40.1466,41.58928,330
checkout,230,1.71206E+15,1.71206E+15,27.93383333,25.084,45.19195,45.83234,300
checkout,231,1.71206E+15,1.71206E+15,35.71761111,31.562,53.191,54.4026,360
checkout,232,1.71206E+15,1.71206E+15,27.18225,26.5985,40.4931,41.60422,200
checkout,233,1.71206E+15,1.71206E+15,30.63483333,30.6645,35.92875,36.81955,360
checkout,234,1.71206E+15,1.71206E+15,25.85811111,22.851,47.9805,50.0063,270
checkout,235,1.71206E+15,1.71206E+15,21.07584848,21.898,26.9866,27.42276,330
checkout,236,1.71206E+15,1.71206E+15,28.08163889,21.3145,60.51275,69.09965,360
checkout,237,1.71206E+15,1.71206E+15,27.97046875,25.0315,45.58255,47.60651,320
checkout,238,1.71206E+15,1.71206E+15,30.9958,27.396,53.3026,55.8304,250
checkout,239,1.71206E+15,1.71206E+15,32.26286207,25.27,56.3612,56.80016,290
checkout,240,1.71206E+15,1.71206E+15,30.02696429,28.126,41.74385,42.09616,280
checkout,241,1.71206E+15,1.71206E+15,41.73236364,42.153,54.864,58.53304,330
checkout,242,1.71206E+15,1.71206E+15,47.56235294,46.469,53.85735,55.67985,340
checkout,243,1.71206E+15,1.71206E+15,29.10495652,29.548,36.7323,37.3749,230
checkout,244,1.71206E+15,1.71206E+15,24.13095652,26.06,32.2378,34.39264,230
checkout,245,1.71206E+15,1.71206E+15,22.34229032,21.036,30.4745,31.8392,310
checkout,246,1.71206E+15,1.71206E+15,19.92982609,19.632,23.6623,23.92946,230
checkout,247,1.71206E+15,1.71206E+15,21.83748148,21.34,29.8515,31.31388,270
checkout,248,1.71206E+15,1.71206E+15,20.07740741,19.902,25.7785,27.60672,270
checkout,249,1.71206E+15,1.71206E+15,22.10462162,22.349,27.1826,28.87364,370
checkout,250,1.71206E+15,1.71206E+15,18.32778947,17.695,20.9355,22.3863,190
checkout,251,1.71206E+15,1.71206E+15,19.83318519,19.657,24.2492,24.77212,270
checkout,252,1.71206E+15,1.71206E+15,28.8745,25.276,44.82215,46.35963,180
checkout,253,1.71206E+15,1.71206E+15,35.66351163,29.647,73.7472,77.44118,430
checkout,254,1.71206E+15,1.71206E+15,41.50073333,40.2665,59.86105,63.75102,300
checkout,255,1.71206E+15,1.71206E+15,30.31434375,27.06,43.6042,68.95976,320
checkout,256,1.71206E+15,1.71206E+15,31.19934615,27.5955,62.47225,67.29075,260
checkout,257,1.71206E+15,1.71206E+15,23.07384848,23.211,30.2384,31.90232,330
checkout,258,1.71206E+15,1.71206E+15,17.57317857,16.5615,20.9164,22.12749,280
checkout,259,1.71206E+15,1.71206E+15,32.54148387,33.626,39.329,44.3769,310
checkout,260,1.71206E+15,1.71206E+15,32.34986364,32.1765,35.3853,40.42592,220
checkout,261,1.71206E+15,1.71206E+15,36.04416,34.441,50.0948,50.52476,250
checkout,262,1.71206E+15,1.71206E+15,30.11039286,28.5595,43.86505,44.7116,280
checkout,263,1.71206E+15,1.71206E+15,35.01154839,35.168,40.2405,43.1395,310
checkout,264,1.71206E+15,1.71206E+15,28.97037838,29.77,34.3062,35.05404,370
checkout,265,1.71206E+15,1.71206E+15,28.946,29.829,33.13,33.59,210
checkout,266,1.71206E+15,1.71206E+15,22.7278,22.3575,29.1602,33.95873,300
checkout,267,1.71206E+15,1.71206E+15,22.18034615,21.897,30.185,30.53575,260
checkout,268,1.71206E+15,1.71206E+15,27.66174074,26.967,32.7296,34.9658,270
checkout,269,1.71206E+15,1.71206E+15,23.15382353,22.9175,29.70785,30.09773,340
checkout,270,1.71206E+15,1.71206E+15,20.80581481,21.41,24.4451,26.34778,270
checkout,271,1.71206E+15,1.71206E+15,19.78788235,18.841,25.1864,25.44368,170
checkout,272,1.71206E+15,1.71206E+15,19.40608333,19.1325,22.3021,23.63972,240
checkout,273,1.71206E+15,1.71206E+15,25.96341667,25.917,41.1705,43.69785,360
checkout,274,1.71206E+15,1.71206E+15,37.08712121,34.424,47.8438,48.33852,330
checkout,275,1.71206E+15,1.71206E+15,32.45233333,30.464,41.9749,42.74966,270
checkout,276,1.71206E+15,1.71206E+15,32.24648148,32.378,38.7747,39.83286,270
checkout,277,1.71206E+15,1.71206E+15,22.88073077,21.0615,33.97225,35.3855,260
checkout,278,1.71206E+15,1.71206E+15,19.3266,19.102,24.0398,24.45072,250
checkout,279,1.71206E+15,1.71206E+15,20.72917857,19.2345,25.36445,30.33953,280
checkout,280,1.71206E+15,1.71206E+15,21.74366667,20.074,30.8095,31.43028,270
checkout,281,1.71206E+15,1.71206E+15,22.9495,22.309,27.40125,28.71366,240
checkout,282,1.71206E+15,1.71206E+15,20.97442857,21.667,25.63925,27.42416,280
checkout,283,1.71206E+15,1.71206E+15,21.99577143,21.986,28.7868,29.08756,350
checkout,284,1.71206E+15,1.71206E+15,21.16691892,21.121,25.3482,27.985,370
checkout,285,1.71206E+15,1.71206E+15,19.96293103,19.947,23.5334,24.48348,290
checkout,286,1.71206E+15,1.71206E+15,20.12796154,19.8995,23.59275,24.2415,260
checkout,287,1.71206E+15,1.71206E+15,24.04924138,23.957,30.5522,39.1486,290
checkout,288,1.71206E+15,1.71206E+15,38.29830435,31.002,66.4576,83.41618,230
checkout,289,1.71206E+15,1.71206E+15,33.08605556,31.915,50.47915,51.36383,180
checkout,290,1.71206E+15,1.71206E+15,36.67084615,36.777,48.046,53.1945,260
checkout,291,1.71206E+15,1.71206E+15,30.15011538,30.63,40.4525,41.56575,260
checkout,292,1.71206E+15,1.71206E+15,27.34642105,24.0715,44.07205,48.11889,380
checkout,293,1.71206E+15,1.71206E+15,25.83825,22.5085,37.64215,39.26347,240
checkout,294,1.71206E+15,1.71206E+15,26.45996774,22.065,36.233,36.5444,310
checkout,295,1.71206E+15,1.71206E+15,30.12624138,29.712,36.322,37.38576,290
checkout,296,1.71206E+15,1.71206E+15,27.765,28.2505,33.06705,34.39021,200
checkout,297,1.71206E+15,1.71206E+15,21.16872,21.189,24.1842,24.57736,250
checkout,298,1.71206E+15,1.71206E+15,19.938,19.6425,23.675,23.78133,280
checkout,299,1.71206E+15,1.71206E+15,21.91977273,22.558,24.93525,25.87707,220
checkout,300,1.71206E+15,1.71206E+15,32.97108,33.974,37.3508,38.62952,250
checkout,301,1.71206E+15,1.71206E+15,34.85155556,35.5435,38.6215,40.2026,360
checkout,302,1.71206E+15,1.71206E+15,24.91974194,23.787,32.58,33.8567,310
checkout,303,1.71206E+15,1.71206E+15,19.96734783,19.32,26.3475,27.18412,230
checkout,304,1.71206E+15,1.71206E+15,22.16886842,22.0345,26.15345,27.68713,380
checkout,305,1.71206E+15,1.71206E+15,29.13628571,26.7495,41.15415,44.24275,280
checkout,306,1.71206E+15,1.71206E+15,25.5293913,24.562,37.4381,39.6577,230
checkout,307,1.71206E+15,1.71206E+15,29.54741176,28.749,39.658,41.36435,340
checkout,308,1.71206E+15,1.71206E+15,28.13185,26.092,34.8537,37.88914,200
checkout,309,1.71206E+15,1.71206E+15,23.00834483,21.921,30.9454,32.04756,290
checkout,310,1.71206E+15,1.71206E+15,22.47789286,22.8335,26.7843,27.29543,280
checkout,311,1.71206E+15,1.71206E+15,23.89388462,23.1195,30.4825,31.4275,260
checkout,312,1.71206E+15,1.71206E+15,19.61813793,18.983,24.2986,24.99172,290
checkout,313,1.71206E+15,1.71206E+15,23.07259459,22.895,28.7702,29.207,370
checkout,314,1.71206E+15,1.71206E+15,23.85677419,23.904,28.2525,29.1754,310
checkout,315,1.71206E+15,1.71206E+15,19.12675,18.8325,21.82135,24.29889,280
checkout,316,1.71206E+15,1.71206E+15,19.805,20.657,23.039,23.143,210
checkout,317,1.71206E+15,1.71206E+15,20.02918519,19.783,23.1996,24.10774,270
checkout,318,1.71206E+15,1.71206E+15,20.12943333,19.596,24.9081,25.46527,300
checkout,319,1.71206E+15,1.71206E+15,26.46272727,27.32,32.843,35.90668,330
checkout,320,1.71206E+15,1.71206E+15,35.14346429,32.6395,50.10075,50.91064,280
checkout,321,1.71206E+15,1.71206E+15,27.883,24.852,44.2914,49.33908,120
checkout,322,1.71206E+15,1.71206E+15,25.16872414,24.493,33.0116,36.32224,290
checkout,323,1.71206E+15,1.71206E+15,21.59566667,22.62,26.5243,26.805,270
checkout,324,1.71206E+15,1.71206E+15,24.44035294,22.4945,33.50175,36.11974,340
checkout,325,1.71206E+15,1.71206E+15,21.41211538,20.592,31.11725,33.16225,260
checkout,326,1.71206E+15,1.71206E+15,22.60104348,22.982,28.1391,30.57376,230
checkout,327,1.71206E+15,1.71206E+15,19.37538462,18.463,22.8365,23.4505,260
checkout,328,1.71206E+15,1.71206E+15,22.51972727,22.756,25.8296,26.53976,330
checkout,329,1.71206E+15,1.71206E+15,28.92968421,28.585,34.4021,35.87162,190
checkout,330,1.71206E+15,1.71206E+15,24.16773913,24.529,29.8781,32.11084,230
checkout,331,1.71206E+15,1.71206E+15,24.18407143,23.811,29.59495,31.17496,280
checkout,332,1.71206E+15,1.71206E+15,30.08342308,30.2655,34.6185,37.426,260
checkout,333,1.71206E+15,1.71206E+15,28.86732,30.273,35.6618,36.90136,250
checkout,334,1.71206E+15,1.71206E+15,22.201,20.423,33.1386,34.63916,250
checkout,335,1.71206E+15,1.71206E+15,18.7965,18.603,21.42325,23.19925,260
checkout,336,1.71206E+15,1.71206E+15,21.73647826,20.998,26.8218,36.8705,230
checkout,337,1.71206E+15,1.71206E+15,25.28,23.776,38.5752,40.86872,290
checkout,338,1.71206E+15,1.71206E+15,26.77836667,22.8445,47.8428,51.2367,300
checkout,339,1.71206E+15,1.71206E+15,29.1982963,22.538,41.4795,42.42502,270
checkout,340,1.71206E+15,1.71206E+15,25.52654545,27.393,29.669,30.13412,330
checkout,341,1.71206E+15,1.71206E+15,41.74827273,41.8675,45.75185,48.73482,220
checkout,342,1.71206E+15,1.71206E+15,53.48970588,53.689,59.8982,62.91351,340
checkout,343,1.71206E+15,1.71206E+15,49.911,49.304,60.144,61.35884,330
checkout,344,1.71206E+15,1.71206E+15,41.90538235,38.9885,53.08335,56.11277,340
checkout,345,1.71206E+15,1.71206E+15,31.58685,32.4535,42.39515,42.44303,200
checkout,346,1.71206E+15,1.71206E+15,22.35226087,21.729,28.4634,29.30522,230
checkout,347,1.71206E+15,1.71206E+15,21.98806897,21.438,25.438,26.44328,290
checkout,348,1.71206E+15,1.71206E+15,21.38422581,22.022,26.1555,28.7353,310
checkout,349,1.71206E+15,1.71206E+15,21.701,21.219,25.1283,26.52624,230
checkout,350,1.71206E+15,1.71206E+15,21.05463636,21.626,25.81185,26.78528,220
checkout,351,1.71206E+15,1.71206E+15,26.24871429,26.165,30.6784,32.56036,280
checkout,352,1.71206E+15,1.71206E+15,24.29344118,23.549,33.35625,35.83205,340
checkout,353,1.71206E+15,1.71206E+15,33.36030303,30.058,61.4694,71.9548,330
checkout,354,1.71206E+15,1.71206E+15,45.20840741,45.895,59.4393,68.92066,270
checkout,355,1.71206E+15,1.71206E+15,29.46444828,29.131,34.7568,35.19496,290
checkout,356,1.71206E+15,1.71206E+15,26.53266667,25.38,35.0086,35.41572,330
checkout,357,1.71206E+15,1.71206E+15,21.70155556,19.978,29.1242,29.86698,270
checkout,358,1.71206E+15,1.71206E+15,29.13130303,27.101,46.4922,61.84708,330
checkout,359,1.71206E+15,1.71206E+15,41.16328571,34.201,69.4096,84.96318,280
checkout,360,1.71206E+15,1.71206E+15,21.23146154,20.911,26.164,27.92475,260
checkout,361,1.71206E+15,1.71206E+15,21.633,21.6175,26.30595,27.05335,220
checkout,362,1.71206E+15,1.71206E+15,27.82114815,28.229,32.1674,36.78338,270
checkout,363,1.71206E+15,1.71206E+15,21.22947826,20.736,26.8636,28.7946,230
checkout,364,1.71206E+15,1.71206E+15,21.8566,21.248,31.45355,34.39551,200
checkout,365,1.71206E+15,1.71206E+15,27.72473684,24.9595,39.27665,42.93732,380
checkout,366,1.71206E+15,1.71206E+15,31.35957576,30.25,40.3458,43.4494,330
checkout,367,1.71206E+15,1.71206E+15,36.89503333,35.528,49.96595,52.56684,300
checkout,368,1.71206E+15,1.71206E+15,36.03315625,33.659,48.98835,49.76157,320
checkout,369,1.71206E+15,1.71206E+15,36.7096,36.108,54.8038,56.29284,250
checkout,370,1.71206E+15,1.71206E+15,38.54685185,35.052,53.511,54.15232,270
checkout,371,1.71206E+15,1.71206E+15,38.547,39.0575,49.642,53.9407,360
checkout,372,1.71206E+15,1.71206E+15,25.21883333,23.178,45.3415,48.86813,300
checkout,373,1.71206E+15,1.71206E+15,23.03912121,23.333,27.4128,30.37024,330
checkout,374,1.71206E+15,1.71206E+15,23.02826471,22.5565,26.91565,28.39759,340
checkout,375,1.71206E+15,1.71206E+15,29.93703448,30.369,33.6326,33.97644,290
checkout,376,1.71206E+15,1.71206E+15,34.08923077,35.7085,40.46825,41.88075,260
checkout,377,1.71206E+15,1.71206E+15,27.80525,26.3375,38.429,38.98705,360
checkout,378,1.71206E+15,1.71206E+15,26.77815789,21.784,42.0842,43.17284,190
checkout,379,1.71206E+15,1.71206E+15,22.70826316,22.599,27.8878,28.30396,190
checkout,380,1.71206E+15,1.71206E+15,23.31496429,22.594,33.57555,35.29396,280
checkout,381,1.71206E+15,1.71206E+15,25.77151429,25.915,34.1634,36.41084,350
checkout,382,1.71206E+15,1.71206E+15,23.298,22.393,30.9253,32.60186,200
checkout,383,1.71206E+15,1.71206E+15,23.0772963,23.089,28.0114,29.25524,270
checkout,384,1.71206E+15,1.71206E+15,17.74165385,17.5585,20.21875,21.83875,260
checkout,385,1.71206E+15,1.71206E+15,30.21571875,32.276,40.2845,40.88581,320
checkout,386,1.71206E+15,1.71206E+15,44.06831034,40.599,68.6856,77.5824,290
checkout,387,1.71206E+15,1.71206E+15,33.12925806,32.062,43.9525,44.4973,310
checkout,388,1.71206E+15,1.71206E+15,44.93391304,37.913,63.7881,63.88292,230
checkout,389,1.71206E+15,1.71206E+15,57.23254545,54.357,89.00355,89.71382,220
checkout,390,1.71206E+15,1.71206E+15,43.88439394,43.827,57.5506,57.7276,330
checkout,391,1.71206E+15,1.71206E+15,43.7553,41.808,59.01985,61.01458,300
checkout,392,1.71206E+15,1.71206E+15,45.6954375,45.99,50.91715,52.44206,320
checkout,393,1.71206E+15,1.71206E+15,35.279875,37.0715,40.5644,40.73984,240
checkout,394,1.71206E+15,1.71206E+15,23.35084615,23.229,31.30225,36.6455,260
checkout,395,1.71206E+15,1.71206E+15,31.05873077,27.6945,46.06375,56.623,260
checkout,396,1.71206E+15,1.71206E+15,40.069,41.422,52.96315,55.72273,380
checkout,397,1.71206E+15,1.71206E+15,30.62404762,29.374,44.377,44.6402,210
checkout,398,1.71206E+15,1.71206E+15,23.40722222,22.913,28.6076,30.07024,270
checkout,399,1.71206E+15,1.71206E+15,23.04746154,23.4565,29.337,29.545,260
checkout,400,1.71206E+15,1.71206E+15,21.9060303,21.101,27.3776,30.57548,330
checkout,401,1.71206E+15,1.71206E+15,28.09816667,28.2435,31.70945,33.37564,300
checkout,402,1.71206E+15,1.71206E+15,24.06278571,23.8555,29.795,31.02282,280
checkout,403,1.71206E+15,1.71206E+15,27.43815625,26.4615,36.2148,38.17561,320
checkout,404,1.71206E+15,1.71206E+15,25.6934,25.4555,31.6231,32.0607,300
checkout,405,1.71206E+15,1.71206E+15,20.30439394,19.975,24.1074,24.92304,330
checkout,406,1.71206E+15,1.71206E+15,22.93905263,21.705,35.9294,37.43708,190
checkout,407,1.71206E+15,1.71206E+15,38.07907692,36.284,49.01,49.23675,260
checkout,408,1.71206E+15,1.71206E+15,32.56694286,29.782,44.7181,53.09284,350
checkout,409,1.71206E+15,1.71206E+15,39.63975,39.8755,52.10935,55.32187,200
checkout,410,1.71206E+15,1.71206E+15,31.50377419,31.145,40.571,43.5465,310
checkout,411,1.71206E+15,1.71206E+15,25.33386667,22.733,39.29425,41.23259,300
checkout,412,1.71206E+15,1.71206E+15,29.79606897,30.237,41.4466,41.95148,290
checkout,413,1.71206E+15,1.71206E+15,22.99870833,20.6755,31.9721,33.16259,240
checkout,414,1.71206E+15,1.71206E+15,22.1855,22.328,25.77845,27.37316,280
checkout,415,1.71206E+15,1.71206E+15,19.58041379,18.659,25.2388,32.23848,290
checkout,416,1.71206E+15,1.71206E+15,22.20869231,21.506,26.9811,31.24804,390
checkout,417,1.71206E+15,1.71206E+15,28.25080556,26.7895,47.412,49.07435,360
checkout,418,1.71206E+15,1.71206E+15,26.04932,22.622,41.5508,43.71876,250
checkout,419,1.71206E+15,1.71206E+15,20.58982759,20.562,23.9388,24.56648,290
checkout,420,1.71206E+15,1.71206E+15,34.0416,35.773,44.8902,46.06235,400
checkout,421,1.71206E+15,1.71206E+15,42.15865,44.162,51.5832,57.68144,200
checkout,422,1.71206E+15,1.71206E+15,23.06607143,23.207,30.32545,31.7819,280
checkout,423,1.71206E+15,1.71206E+15,22.6436,22.448,28.4498,28.66888,250
checkout,424,1.71206E+15,1.71206E+15,27.83733333,27.84,32.7079,34.6845,270
checkout,425,1.71206E+15,1.71206E+15,24.61592857,24.27,31.1693,33.10573,280
checkout,426,1.71206E+15,1.71206E+15,30.24144444,30.496,37.1476,39.66772,270
checkout,427,1.71206E+15,1.71206E+15,43.70813514,43.309,50.0528,50.72544,370
checkout,428,1.71206E+15,1.71206E+15,54.72893548,49.259,67.3435,72.6717,310
checkout,429,1.71206E+15,1.71206E+15,45.91968182,44.286,54.6375,57.3623,220
checkout,430,1.71206E+15,1.71206E+15,41.17808696,40.543,51.1042,52.92204,230
checkout,431,1.71206E+15,1.71206E+15,44.00062069,43.899,49.1068,52.14152,290
checkout,432,1.71206E+15,1.71206E+15,40.2745,39.0165,47.3623,49.30444,240
checkout,433,1.71206E+15,1.71206E+15,25.05992593,23.891,34.0452,36.43032,270
checkout,434,1.71206E+15,1.71206E+15,29.39904167,29.1605,36.3468,37.82868,240
checkout,435,1.71206E+15,1.71206E+15,29.96694444,29.133,39.47755,41.39311,180
checkout,436,1.71206E+15,1.71206E+15,52.41493548,58.262,76.6645,86.629,310
checkout,437,1.71206E+15,1.71206E+15,45.9705,49.273,57.27955,65.94377,300
checkout,438,1.71206E+15,1.71206E+15,65.30751613,61.077,90.047,104.3515,310
checkout,439,1.71206E+15,1.71206E+15,59.92745,58.0345,75.37185,81.88565,400
checkout,440,1.71206E+15,1.71206E+15,41.89005263,32.518,81.0678,97.15836,230
checkout,441,1.71206E+15,1.71206E+15,54.74466667,52.252,88.5933,97.62308,290
checkout,442,1.71206E+15,1.71206E+15,56.31223077,60.385,85.4946,85.91172,370
checkout,443,1.71206E+15,1.71206E+15,51.10922222,55.1325,88.7415,89.5371,400
checkout,444,1.71206E+15,1.71206E+15,54.07757143,37.852,109.528,212.5864,200
checkout,445,1.71206E+15,1.71206E+15,89.56115,91.3115,158.4405,164.0417,260
checkout,446,1.71206E+15,1.71206E+15,92.46021053,90.824,145.3491,145.67382,190
checkout,447,1.71206E+15,1.71206E+15,86.06590909,90.221,112.039,113.4862,210
checkout,448,1.71206E+15,1.71206E+15,55.03136842,64.097,90.9109,101.66698,390
checkout,449,1.71206E+15,1.71206E+15,34.87288889,29.9955,62.3336,70.36032,350
checkout,450,1.71206E+15,1.71206E+15,37.18952632,35.303,66.53,68.0708,230
checkout,451,1.71206E+15,1.71206E+15,28.01891667,31.0375,47.8979,53.25798,260
checkout,452,1.71206E+15,1.71206E+15,28.77185,27.4375,54.67135,56.81987,160
checkout,453,1.71206E+15,1.71206E+15,22.73411765,21.941,46.457,50.8282,270
checkout,454,1.71206E+15,1.71206E+15,27.24113043,13.351,79.2049,81.46598,270
checkout,455,1.71206E+15,1.71206E+15,65.79035,62.626,110.49055,120.53091,250
checkout,456,1.71206E+15,1.71206E+15,39.08271429,39.099,63.3986,64.77972,270
checkout,457,1.71206E+15,1.71206E+15,28.02285,23.6875,52.6904,60.38768,200
checkout,458,1.71206E+15,1.71206E+15,21.25746667,13.27,57.7254,57.83068,250
checkout,459,1.71206E+15,1.71206E+15,32.01215789,34.837,56.9392,58.82704,200
checkout,460,1.71206E+15,1.71206E+15,17.70941176,12.524,33.7058,40.21396,260
checkout,461,1.71206E+15,1.71206E+15,32.55633333,41.1045,47.901,47.9714,250
checkout,462,1.71206E+15,1.71206E+15,21.12315,17.9415,34.92665,52.00613,290
checkout,463,1.71206E+15,1.71206E+15,25.98875,18.5885,49.7967,53.90654,240
checkout,464,1.71206E+15,1.71206E+15,22.72107692,21.665,43.122,53.922,300
checkout,465,1.71206E+15,1.71206E+15,23.92515,22.573,41.77365,50.73633,290
checkout,466,1.71206E+15,1.71206E+15,17.65144444,11.731,41.883,52.5214,200
checkout,467,1.71206E+15,1.71206E+15,20.14510526,11.984,44.6114,48.89828,300
checkout,468,1.71206E+15,1.71206E+15,13.05482353,11.95,16.855,18.4806,240
checkout,469,1.71206E+15,1.71206E+15,16.436625,14.2355,23.99,26.1044,280
checkout,470,1.71206E+15,1.71206E+15,45.44323077,35.8,93.363,96.0798,330
checkout,471,1.71206E+15,1.71206E+15,28.9085,26.332,47.321,52.0922,240
checkout,472,1.71206E+15,1.71206E+15,25.53230769,13.397,53.143,58.8406,240
checkout,473,1.71206E+15,1.71206E+15,28.5044,16.746,64.1065,65.1789,300
checkout,474,1.71206E+15,1.71206E+15,74.94056522,71.004,192.4321,200.46102,250
checkout,475,1.71206E+15,1.71206E+15,95.92631818,104.913,145.94325,149.20978,310
checkout,476,1.71206E+15,1.71206E+15,82.54466667,87.9285,172.27475,187.56695,250
checkout,477,1.71206E+15,1.71206E+15,104.66,111.016,174.7363,196.64406,200
checkout,478,1.71206E+15,1.71206E+15,85.26533333,80.0155,150.6702,156.30044,280
checkout,479,1.71206E+15,1.71206E+15,91.29608333,88.512,167.0898,172.64436,310
checkout,480,1.71206E+15,1.71206E+15,87.88010526,102.633,146.2046,153.07052,380
checkout,481,1.71206E+15,1.71206E+15,75.66183333,74.553,123.21125,137.79505,270
checkout,482,1.71206E+15,1.71206E+15,66.72538462,70.093,113.1742,114.65404,320
checkout,483,1.71206E+15,1.71206E+15,66.41285,54.3215,120.92235,122.08287,300
checkout,484,1.71206E+15,1.71206E+15,53.18957895,55.751,105.9257,116.31314,170
checkout,485,1.71206E+15,1.71206E+15,19.16381818,11.724,52.165,69.137,340
checkout,486,1.71206E+15,1.71206E+15,35.46325,27.6705,70.62425,80.09525,250
checkout,487,1.71206E+15,1.71206E+15,47.44184211,41.843,76.7229,79.54458,340
checkout,488,1.71206E+15,1.71206E+15,42.02790909,43.9745,57.07195,65.78073,300
checkout,489,1.71206E+15,1.71206E+15,47.3784,46.017,83.1611,84.50902,320
checkout,490,1.71206E+15,1.71206E+15,52.2797,50.831,78.2846,93.31132,240
checkout,491,1.71206E+15,1.71206E+15,34.85517647,31.696,51.5858,53.69396,230
checkout,492,1.71206E+15,1.71206E+15,40.50357143,30.9755,82.41505,85.43261,310
checkout,493,1.71206E+15,1.71206E+15,58.59705,52.738,99.24,99.544,250
checkout,494,1.71206E+15,1.71206E+15,50.61847059,53.685,80.5018,93.13476,330
checkout,495,1.71206E+15,1.71206E+15,40.54428571,42.39,65.23725,70.44505,280
checkout,496,1.71206E+15,1.71206E+15,34.79540909,23.922,65.0755,67.2953,290
checkout,497,1.71206E+15,1.71206E+15,31.42578571,15.1135,69.04555,69.05231,250
checkout,498,1.71206E+15,1.71206E+15,35.1533125,30.6055,65.7545,66.8765,240
checkout,499,1.71206E+15,1.71206E+15,30.29433333,21.307,64.2192,68.13984,220
checkout,500,1.71206E+15,1.71206E+15,22.492,16.819,58.4616,64.37072,250
browse,0,1.71206E+15,1.71206E+15,0,0,0,0,0
browse,1,1.71206E+15,1.71206E+15,0,0,0,0,0
browse,2,1.71206E+15,1.71206E+15,0,0,0,0,0
browse,3,1.71206E+15,1.71206E+15,0,0,0,0,0
browse,4,1.71206E+15,1.71206E+15,0,0,0,0,0
browse,5,1.71206E+15,1.71206E+15,0,0,0,0,0
browse,6,1.71206E+15,1.71206E+15,0,0,0,0,0
browse,7,1.71206E+15,1.71206E+15,0,0,0,0,0
browse,8,1.71206E+15,1.71206E+15,0,0,0,0,0
browse,9,1.71206E+15,1.71206E+15,0,0,0,0,0
browse,10,1.71206E+15,1.71206E+15,0,0,0,0,0
browse,11,1.71206E+15,1.71206E+15,0,0,0,0,0
browse,12,1.71206E+15,1.71206E+15,0,0,0,0,0
browse,13,1.71206E+15,1.71206E+15,0,0,0,0,0
browse,14,1.71206E+15,1.71206E+15,0,0,0,0,0
browse,15,1.71206E+15,1.71206E+15,16.96057143,10.438,34.8788,36.83576,70
browse,16,1.71206E+15,1.71206E+15,11.2695,10.544,15.87175,16.97675,180
browse,17,1.71206E+15,1.71206E+15,51.00657895,46.897,95.804,113.228,190
browse,18,1.71206E+15,1.71206E+15,74.2689,69.55,96.8732,110.32511,400
browse,19,1.71206E+15,1.71206E+15,69.61451724,67.138,105.7428,112.12704,290
browse,20,1.71206E+15,1.71206E+15,90.82484375,91.542,112.72385,160.69842,320
browse,21,1.71206E+15,1.71206E+15,98.32836667,99.677,126.55065,134.50213,300
browse,22,1.71206E+15,1.71206E+15,122.3269048,119.599,180.753,220.6098,210
browse,23,1.71206E+15,1.71206E+15,146.929225,146.7825,208.24905,238.50961,400
browse,24,1.71206E+15,1.71206E+15,171.8424615,173.758,225.275,260.25125,260
browse,25,1.71206E+15,1.71206E+15,214.0896053,214.7875,290.77525,312.07117,380
browse,26,1.71206E+15,1.71206E+15,214.9193913,216.494,275.1988,302.95244,230
browse,27,1.71206E+15,1.71206E+15,259.7423529,256.984,437.9014,472.57468,170
browse,28,1.71206E+15,1.71206E+15,251.3985938,241.857,351.9056,397.17469,320
browse,29,1.71206E+15,1.71206E+15,237.3569333,234.3185,290.6801,339.42445,300
browse,30,1.71206E+15,1.71206E+15,252.24496,261.845,299.0982,331.43604,250
browse,31,1.71206E+15,1.71206E+15,258.3164091,245.268,356.6309,361.08455,220
browse,32,1.71206E+15,1.71206E+15,258.0354667,251.493,411.401,431.45002,300
browse,33,1.71206E+15,1.71206E+15,266.7572162,265.951,337.0834,492.08388,370
browse,34,1.71206E+15,1.71206E+15,274.098,278.877,403.6118,436.79219,300
browse,35,1.71206E+15,1.71206E+15,329.9798571,304.388,562.9832,601.6525,350
browse,36,1.71206E+15,1.71206E+15,356.1862917,351.465,562.7885,593.54477,240
browse,37,1.71206E+15,1.71206E+15,455.1624,437.74,646.7962,857.85983,300
browse,38,1.71206E+15,1.71206E+15,615.5241875,564.548,925.555,940.0174,160
browse,39,1.71206E+15,1.71206E+15,611.4866522,576.565,795.6796,828.78444,230
browse,40,1.71206E+15,1.71206E+15,630.8941143,580.931,937.9559,1042.42928,350
browse,41,1.71206E+15,1.71206E+15,645.2425652,620.657,863.2982,865.77762,230
browse,42,1.71206E+15,1.71206E+15,652.4159667,640.8105,853.73125,981.1849,300
browse,43,1.71206E+15,1.71206E+15,736.68975,703.369,1028.0145,1174.3677,200
browse,44,1.71206E+15,1.71206E+15,755.1204706,724.796,994.40285,1028.23163,340
browse,45,1.71206E+15,1.71206E+15,742.3802143,742.09,985.6847,1014.39021,280
browse,46,1.71206E+15,1.71206E+15,792.3583514,739.334,1082.9542,1271.9038,370
browse,47,1.71206E+15,1.71206E+15,802.0970333,770.782,1066.3884,1092.25914,300
browse,48,1.71206E+15,1.71206E+15,771.5738214,764.2685,871.99005,1064.6173,280
browse,49,1.71206E+15,1.71206E+15,844.4344571,818.532,1134.4944,1197.1053,350
browse,50,1.71206E+15,1.71206E+15,814.3358571,800.811,1121.228,1168.7336,210
browse,51,1.71206E+15,1.71206E+15,847.8373871,854.046,1132.124,1150.2333,310
browse,52,1.71206E+15,1.71206E+15,871.1883,853.928,1132.903,1216.30576,300
browse,53,1.71206E+15,1.71206E+15,899.45315,895.767,1161.0109,1181.51418,200
browse,54,1.71206E+15,1.71206E+15,913.9610455,890.739,1257.6648,1269.43149,220
browse,55,1.71206E+15,1.71206E+15,973.5406111,909.3595,1287.8095,1403.7026,360
browse,56,1.71206E+15,1.71206E+15,1008.0852,936.308,1288.3664,1413.22672,250
browse,57,1.71206E+15,1.71206E+15,994.3099231,952.222,1304.17375,1314.72125,260
browse,58,1.71206E+15,1.71206E+15,938.81056,937.955,1137.8332,1244.81664,250
browse,59,1.71206E+15,1.71206E+15,954.5414483,939.818,1278.7518,1299.88004,290
browse,60,1.71206E+15,1.71206E+15,964.6850588,941.832,1262.94875,1486.09997,340
browse,61,1.71206E+15,1.71206E+15,997.9226296,960.638,1302.8431,1308.6559,270
browse,62,1.71206E+15,1.71206E+15,1014.579576,968.862,1300.0902,1571.758,330
browse,63,1.71206E+15,1.71206E+15,962.8795185,975.657,995.5096,1225.65296,270
browse,64,1.71206E+15,1.71206E+15,986.0147727,969.5955,1314.52995,1335.38876,220
browse,65,1.71206E+15,1.71206E+15,980.0288235,970.941,1306.1511,1559.49533,340
browse,66,1.71206E+15,1.71206E+15,1017.840538,1002.1975,1366.7555,1379.7295,260
browse,67,1.71206E+15,1.71206E+15,1029.8535,988.803,1339.8771,1351.9547,240
browse,68,1.71206E+15,1.71206E+15,990.720037,989.709,1340.3408,1352.08268,270
browse,69,1.71206E+15,1.71206E+15,1124.595556,1025.981,1677.6439,2128.51618,270
browse,70,1.71206E+15,1.71206E+15,1092.575733,1031.0705,1421.8925,1717.51052,300
browse,71,1.71206E+15,1.71206E+15,1051.270333,1028.586,1415.086,1420.018,210
browse,72,1.71206E+15,1.71206E+15,1055.943967,1062.4905,1443.9865,1448.49938,300
browse,73,1.71206E+15,1.71206E+15,1088.405939,1071.853,1460.9512,1491.70004,330
browse,74,1.71206E+15,1.71206E+15,1164.936382,1095.9875,1500.16525,1510.44948,340
browse,75,1.71206E+15,1.71206E+15,1149.170909,1116.525,1504.4241,1507.08646,220
browse,76,1.71206E+15,1.71206E+15,1160.540793,1145.763,1404.462,1566.87232,290
browse,77,1.71206E+15,1.71206E+15,1193.177412,1169.24,1582.82975,1600.40896,340
browse,78,1.71206E+15,1.71206E+15,1232.813467,1185.22,1605.93225,1620.59926,300
browse,79,1.71206E+15,1.71206E+15,1221.491655,1205.208,1251.4722,1512.45396,290
browse,80,1.71206E+15,1.71206E+15,1198.919074,1210.717,1648.1861,1697.62636,270
browse,81,1.71206E+15,1.71206E+15,1246.716192,1219.1675,1669.23725,1719.15475,260
browse,82,1.71206E+15,1.71206E+15,1304.198774,1234.301,1753.5715,1779.7255,310
browse,83,1.71206E+15,1.71206E+15,1286.03512,1273.958,1620.809,1717.5016,250
browse,84,1.71206E+15,1.71206E+15,1297.818222,1298.572,1626.5048,1744.9061,270
browse,85,1.71206E+15,1.71206E+15,1376.843586,1345.53,1822.7736,2223.51304,290
browse,86,1.71206E+15,1.71206E+15,1467.239185,1395.614,1899.9728,1904.12378,270
browse,87,1.71206E+15,1.71206E+15,1379.810348,1395.115,1473.061,1765.60976,230
browse,88,1.71206E+15,1.71206E+15,1442.801364,1427.5045,1863.0286,1908.34043,220
browse,89,1.71206E+15,1.71206E+15,1446.688,1437.732,1992.875,2258.0956,410
browse,90,1.71206E+15,1.71206E+15,1411.19837,1425.806,1757.1993,1960.6757,270
browse,91,1.71206E+15,1.71206E+15,1498.240042,1437.9225,1930.3528,1981.05823,240
browse,92,1.71206E+15,1.71206E+15,1511.696576,1445.919,2024.1058,2747.20316,330
browse,93,1.71206E+15,1.71206E+15,1507.748217,1455.882,1978.502,1985.11048,230
browse,94,1.71206E+15,1.71206E+15,1554.206071,1481.1255,2029.7851,2410.03047,280
browse,95,1.71206E+15,1.71206E+15,1613.543031,1495.081,2304.4645,3008.52167,320
browse,96,1.71206E+15,1.71206E+15,1545.751778,1505.305,2049.4743,2408.6178,270
browse,97,1.71206E+15,1.71206E+15,1532.424667,1511.4915,2028.89845,2051.50705,240
browse,98,1.71206E+15,1.71206E+15,1531.490844,1517.397,2092.35965,2113.15344,320
browse,99,1.71206E+15,1.71206E+15,1582.291583,1538.5775,2047.66785,2146.16821,240
browse,100,1.71206E+15,1.71206E+15,1709.763448,1583.683,2138.4272,2567.38472,290
browse,101,1.71206E+15,1.71206E+15,1574.98544,1572.006,1995.8566,2098.15104,250
browse,102,1.71206E+15,1.71206E+15,1546.153241,1586.02,1909.5704,2143.28928,290
browse,103,1.71206E+15,1.71206E+15,1656.57308,1594.684,2141.3752,2160.36972,250
browse,104,1.71206E+15,1.71206E+15,1614.701,1578.504,2163.833,2169.1698,210
browse,105,1.71206E+15,1.71206E+15,1593.730625,1618.771,2075.92935,2164.41667,240
browse,106,1.71206E+15,1.71206E+15,1651.136278,1613.619,2181.5622,2241.54364,180
browse,107,1.71206E+15,1.71206E+15,1754.816613,1655.259,2246.071,2632.9468,310
browse,108,1.71206E+15,1.71206E+15,1614.3872,1631.176,1668.7398,1677.67428,250
browse,109,1.71206E+15,1.71206E+15,1752.754542,1656.8675,2268.8912,2799.10759,240
browse,110,1.71206E+15,1.71206E+15,1737.439077,1673.2515,2266.12725,2304.4805,260
browse,111,1.71206E+15,1.71206E+15,1717.713429,1687.195,2307.4131,2319.3641,350
browse,112,1.71206E+15,1.71206E+15,1696.64975,1688.7105,2099.6432,2316.3529,280
browse,113,1.71206E+15,1.71206E+15,1791.175682,1710.1475,2348.5032,2901.84564,220
browse,114,1.71206E+15,1.71206E+15,1657.136286,1707.943,1745.317,1748.8578,210
browse,115,1.71206E+15,1.71206E+15,1790.975892,1743.436,2338.875,2715.2758,370
browse,116,1.71206E+15,1.71206E+15,1804.5712,1764.13,2384.86425,2410.57021,300
browse,117,1.71206E+15,1.71206E+15,1879.864619,1777.333,2373.997,2393.125,210
browse,118,1.71206E+15,1.71206E+15,1899.842696,1769.184,2403.9577,2405.96634,230
browse,119,1.71206E+15,1.71206E+15,1857.343077,1762.891,2387.32725,2816.509,260
browse,120,1.71206E+15,1.71206E+15,1897.391188,1857.63,2520.89905,2938.69038,320
browse,121,1.71206E+15,1.71206E+15,1813.702632,1806.628,2431.1345,2446.6181,190
browse,122,1.71206E+15,1.71206E+15,1822.50944,1835.564,2239.004,2383.75612,250
browse,123,1.71206E+15,1.71206E+15,1935.691,1848.598,2745.4218,3125.107,330
browse,124,1.71206E+15,1.71206E+15,1860.138333,1837.669,2505.834,2508.3092,180
browse,125,1.71206E+15,1.71206E+15,1866.85876,1850.239,2419.6144,2536.90932,250
browse,126,1.71206E+15,1.71206E+15,1763.503963,1831.495,1908.9598,2380.6556,270
browse,127,1.71206E+15,1.71206E+15,1867.746833,1881.047,2440.9585,2519.81816,240
browse,128,1.71206E+15,1.71206E+15,1927.208846,1862.383,2568.53925,2598.60175,260
browse,129,1.71206E+15,1.71206E+15,1867.33819,1837.345,2412.868,2542.2416,210
browse,130,1.71206E+15,1.71206E+15,2018.064892,1882.749,2613.994,3448.822,370
browse,131,1.71206E+15,1.71206E+15,1916.428718,1874.633,2474.086,2984.52748,390
browse,132,1.71206E+15,1.71206E+15,1980.759583,1878.4975,2562.37245,2616.19421,240
browse,133,1.71206E+15,1.71206E+15,2037.471025,1888.9065,2823.0694,3377.24847,400
browse,134,1.71206E+15,1.71206E+15,1900.6184,1912.155,2543.7746,2630.24304,250
browse,135,1.71206E+15,1.71206E+15,2091.871174,1938.654,2699.1825,2710.32582,230
browse,136,1.71206E+15,1.71206E+15,1868.592467,1915.8085,2021.0802,2054.17738,300
browse,137,1.71206E+15,1.71206E+15,2029.9919,1988.281,2720.01125,2751.25908,300
browse,138,1.71206E+15,1.71206E+15,2042.982793,2027.735,2710.8612,2788.35672,290
browse,139,1.71206E+15,1.71206E+15,1994.198156,2051.0815,2106.8122,2124.57499,320
browse,140,1.71206E+15,1.71206E+15,2103.94713,2040.728,2769.0865,2795.86746,230
browse,141,1.71206E+15,1.71206E+15,2102.55415,2075.1695,2730.62285,2777.78617,200
browse,142,1.71206E+15,1.71206E+15,2173.165226,2046.094,2830.271,3283.2749,310
browse,143,1.71206E+15,1.71206E+15,2174.064296,2111.5,2851.171,3397.4218,270
browse,144,1.71206E+15,1.71206E+15,2081.853963,2092.506,2665.275,3397.25762,270
browse,145,1.71206E+15,1.71206E+15,2224.095212,2119.482,2884.522,3376.35124,330
browse,146,1.71206E+15,1.71206E+15,2227.074806,2141.835,2857.638,2885.5808,310
browse,147,1.71206E+15,1.71206E+15,2176.42648,2154.607,2669.5892,2832.66028,250
browse,148,1.71206E+15,1.71206E+15,2247.482481,2141.452,2876.0619,2930.09764,270
browse,149,1.71206E+15,1.71206E+15,2215.991515,2165.881,2932.0014,2975.25464,330
browse,150,1.71206E+15,1.71206E+15,2312.891,2205.429,2925.5968,3441.28964,230
browse,151,1.71206E+15,1.71206E+15,2214.614783,2226.399,2889.6222,3433.30188,230
browse,152,1.71206E+15,1.71206E+15,2298.734333,2212.602,2985.8393,3033.74836,270
browse,153,1.71206E+15,1.71206E+15,2223.8682,2223.568,2944.84195,2985.60759,200
browse,154,1.71206E+15,1.71206E+15,2279.244741,2240.703,2915.8299,2919.39502,270
browse,155,1.71206E+15,1.71206E+15,2260.779667,2233.926,2890.5308,2901.36652,330
browse,156,1.71206E+15,1.71206E+15,2237.859219,2226.078,2935.1271,3304.90467,320
browse,157,1.71206E+15,1.71206E+15,2165.262679,2233.4625,2672.88655,2943.57025,280
browse,158,1.71206E+15,1.71206E+15,2307.20155,2253.2245,2963.5022,3311.84364,200
browse,159,1.71206E+15,1.71206E+15,2264.087486,2232.402,2861.8256,2882.2888,370
browse,160,1.71206E+15,1.71206E+15,2229.728923,2232.814,2274.78175,2702.7785,260
browse,161,1.71206E+15,1.71206E+15,2170.7152,2195.886,2232.623,2235.57956,250
browse,162,1.71206E+15,1.71206E+15,2257.100294,2189.733,2802.78595,3177.23248,340
browse,163,1.71206E+15,1.71206E+15,2099.752111,2166.934,2616.0357,2842.40422,270
browse,164,1.71206E+15,1.71206E+15,2212.399778,2205.823,2564.8215,2763.31652,270
browse,165,1.71206E+15,1.71206E+15,2129.523,2177.639,2241.9662,2606.67264,250
browse,166,1.71206E+15,1.71206E+15,2205.833083,2168.9695,2728.96625,2765.38073,240
browse,167,1.71206E+15,1.71206E+15,2205.622071,2154.575,2737.51115,2755.40503,280
browse,168,1.71206E+15,1.71206E+15,2202.163037,2124.905,2721.0539,2746.00374,270
browse,169,1.71206E+15,1.71206E+15,2020.484083,2073.301,2114.74835,2490.79472,240
browse,170,1.71206E+15,1.71206E+15,1992.72864,2048.492,2467.1868,2597.95684,250
browse,171,1.71206E+15,1.71206E+15,2003.502533,2023.083,2588.84665,2639.34673,300
browse,172,1.71206E+15,1.71206E+15,2130.144939,2019.478,2609.49,2673.87272,330
browse,173,1.71206E+15,1.71206E+15,1990.094158,1988.776,2098.8035,2467.6127,190
browse,174,1.71206E+15,1.71206E+15,2120.46192,1996.352,2555.7452,2557.3204,250
browse,175,1.71206E+15,1.71206E+15,2056.267483,1986.708,2550.6936,2563.20176,290
browse,176,1.71206E+15,1.71206E+15,2061.76525,1976.607,2594.77755,2920.29639,240
browse,177,1.71206E+15,1.71206E+15,1953.418852,1943.757,2323.7799,2503.78272,270
browse,178,1.71206E+15,1.71206E+15,2048.422741,1918.025,2496.5399,2527.02404,270
browse,179,1.71206E+15,1.71206E+15,1874.7825,1901.446,2101.2175,2491.39445,360
browse,180,1.71206E+15,1.71206E+15,1904.813167,1883.1785,1928.5242,2344.74455,240
browse,181,1.71206E+15,1.71206E+15,1940.664947,1863.439,2441.4083,2830.63526,190
browse,182,1.71206E+15,1.71206E+15,1826.680345,1843.524,2207.4662,2386.37428,290
browse,183,1.71206E+15,1.71206E+15,1958.221636,1852.4155,2404.65375,2456.93532,220
browse,184,1.71206E+15,1.71206E+15,1795.149706,1812.925,2324.9402,2404.13444,170
browse,185,1.71206E+15,1.71206E+15,1824.665654,1823.36,2226.44875,2307.32775,260
browse,186,1.71206E+15,1.71206E+15,1822.571533,1802.916,2243.058,2294.86634,300
browse,187,1.71206E+15,1.71206E+15,1882.068103,1799.879,2258.2684,2288.8172,290
browse,188,1.71206E+15,1.71206E+15,1795.319294,1753.632,2286.06015,2426.73235,340
browse,189,1.71206E+15,1.71206E+15,1719.67925,1728.145,2145.6736,2177.65657,280
browse,190,1.71206E+15,1.71206E+15,1815.277381,1732.535,2147.445,2172.7746,210
browse,191,1.71206E+15,1.71206E+15,1674.206,1687.334,1965.9649,2158.61971,300
browse,192,1.71206E+15,1.71206E+15,1672.913432,1668.906,2048.0994,2456.04724,370
browse,193,1.71206E+15,1.71206E+15,1828.302931,1669.166,2363.5846,2526.0302,290
browse,194,1.71206E+15,1.71206E+15,1604.76992,1602.146,1681.3044,2212.081,250
browse,195,1.71206E+15,1.71206E+15,1631.241882,1563.752,2058.896,2316.352,170
browse,196,1.71206E+15,1.71206E+15,1540.700657,1545.43,1943.8274,2014.70606,350
browse,197,1.71206E+15,1.71206E+15,1544.006171,1533.321,1964.7535,2295.7671,350
browse,198,1.71206E+15,1.71206E+15,1461.641769,1497.2065,1563.30925,1845.994,260
browse,199,1.71206E+15,1.71206E+15,1542.553133,1510.283,1874.47915,1967.60768,300
browse,200,1.71206E+15,1.71206E+15,1461.603737,1466.818,1548.1297,1747.97074,190
browse,201,1.71206E+15,1.71206E+15,1509.496235,1411.384,1885.4184,1929.00048,170
browse,202,1.71206E+15,1.71206E+15,1459.485192,1406.988,1823.55975,2144.97475,260
browse,203,1.71206E+15,1.71206E+15,1464.011161,1420.067,1802.5125,1953.6951,310
browse,204,1.71206E+15,1.71206E+15,1420.8452,1371.943,1799.2872,1809.89276,250
browse,205,1.71206E+15,1.71206E+15,1393.243583,1332.877,1779.9953,1804.48206,240
browse,206,1.71206E+15,1.71206E+15,1335.710333,1326.305,1510.935,2016.59108,270
browse,207,1.71206E+15,1.71206E+15,1295.243958,1305.67,1385.41155,1558.1151,240
browse,208,1.71206E+15,1.71206E+15,1320.130591,1289.461,1637.52515,1654.13391,220
browse,209,1.71206E+15,1.71206E+15,1179.155333,1232.7315,1334.377,1583.3794,180
browse,210,1.71206E+15,1.71206E+15,1281.4893,1217.732,1679.6,1682.22334,300
browse,211,1.71206E+15,1.71206E+15,1218.52165,1234.463,1553.7676,1581.24312,200
browse,212,1.71206E+15,1.71206E+15,1219.291083,1209.232,1521.6621,1827.00927,240
browse,213,1.71206E+15,1.71206E+15,1174.190056,1176.5245,1548.38805,1566.57601,180
browse,214,1.71206E+15,1.71206E+15,1095.191,1113.6055,1201.24895,1208.23955,240
browse,215,1.71206E+15,1.71206E+15,1114.423175,1110.0605,1479.3661,1507.76467,400
browse,216,1.71206E+15,1.71206E+15,1119.071235,1075.843,1480.2626,1530.25812,170
browse,217,1.71206E+15,1.71206E+15,1095.113778,1056.952,1432.8161,1514.72416,270
browse,218,1.71206E+15,1.71206E+15,1056.951406,1063.9955,1385.38995,1447.10002,320
browse,219,1.71206E+15,1.71206E+15,1038.897,1048.96,1229.0015,1261.40575,260
browse,220,1.71206E+15,1.71206E+15,1023.353469,1020.6075,1332.848,1563.0205,320
browse,221,1.71206E+15,1.71206E+15,1012.720238,1030.155,1116.493,1331.0042,210
browse,222,1.71206E+15,1.71206E+15,1057.639029,1055.319,1304.87615,1341.05476,340
browse,223,1.71206E+15,1.71206E+15,971.9678966,982.538,1273.5312,1340.87808,290
browse,224,1.71206E+15,1.71206E+15,971.00625,971.1205,1176.496,1444.24915,360
browse,225,1.71206E+15,1.71206E+15,962.8800455,944.3455,1199.06185,1470.79641,220
browse,226,1.71206E+15,1.71206E+15,937.255,941.142,1278.64,1391.6304,210
browse,227,1.71206E+15,1.71206E+15,829.9138485,858.833,1028.4204,1048.20456,330
browse,228,1.71206E+15,1.71206E+15,932.3684688,922.687,1206.10345,1297.37139,320
browse,229,1.71206E+15,1.71206E+15,863.5761538,819.014,1257.018,1397.00825,260
browse,230,1.71206E+15,1.71206E+15,846.2589091,828.846,1036.4534,1218.85868,330
browse,231,1.71206E+15,1.71206E+15,809.1611667,795.5315,1023.7629,1278.27536,300
browse,232,1.71206E+15,1.71206E+15,795.62308,811.153,969.034,1311.3044,250
browse,233,1.71206E+15,1.71206E+15,778.8241935,761.782,981.8125,1059.8795,310
browse,234,1.71206E+15,1.71206E+15,783.1403158,777.622,1065.4515,1188.47323,380
browse,235,1.71206E+15,1.71206E+15,760.6517105,793.0095,931.52485,1093.51111,380
browse,236,1.71206E+15,1.71206E+15,774.83775,776.687,928.26835,1017.91804,240
browse,237,1.71206E+15,1.71206E+15,722.8104583,757.181,897.83045,1085.88406,240
browse,238,1.71206E+15,1.71206E+15,707.7554167,750.338,968.75165,996.28643,240
browse,239,1.71206E+15,1.71206E+15,675.3281667,636.6535,875.94805,1140.35638,240
browse,240,1.71206E+15,1.71206E+15,678.97912,681.997,893.2952,955.18248,250
browse,241,1.71206E+15,1.71206E+15,644.1518947,669.834,812.9031,884.45742,190
browse,242,1.71206E+15,1.71206E+15,604.8391333,546.6005,990.45965,1004.22658,300
browse,243,1.71206E+15,1.71206E+15,601.3777586,611.579,869.8042,960.405,290
browse,244,1.71206E+15,1.71206E+15,527.6047778,507.634,685.9982,733.18994,270
browse,245,1.71206E+15,1.71206E+15,553.7850323,487.264,797.2365,801.4242,310
browse,246,1.71206E+15,1.71206E+15,543.1676452,555.326,739.0975,776.7384,310
browse,247,1.71206E+15,1.71206E+15,518.3664286,557.01,726.8901,771.83846,350
browse,248,1.71206E+15,1.71206E+15,485.3106,442.473,724.8929,754.81598,300
browse,249,1.71206E+15,1.71206E+15,439.8464737,401.59,676.3358,799.46876,190
browse,250,1.71206E+15,1.71206E+15,409.1476786,392.584,616.8399,617.32037,280
browse,251,1.71206E+15,1.71206E+15,402.9027368,366.941,614.9798,637.51436,190
browse,252,1.71206E+15,1.71206E+15,456.8826818,445.0155,754.64055,929.14,220
browse,253,1.71206E+15,1.71206E+15,397.1821935,415.391,696.5905,777.2751,310
browse,254,1.71206E+15,1.71206E+15,325.7897273,285.7405,558.332,711.95157,220
browse,255,1.71206E+15,1.71206E+15,362.5486364,305.099,656.9954,844.07644,330
browse,256,1.71206E+15,1.71206E+15,329.0862917,256.082,598.7509,708.9864,240
browse,257,1.71206E+15,1.71206E+15,348.4446667,305.848,614.8556,697.25732,330
browse,258,1.71206E+15,1.71206E+15,312.5337917,275.365,527.62995,549.59065,240
browse,259,1.71206E+15,1.71206E+15,278.7767727,224.414,506.10785,506.77443,220
browse,260,1.71206E+15,1.71206E+15,297.0362667,326.936,504.448,685.27297,300
browse,261,1.71206E+15,1.71206E+15,259.8697692,327.3155,470.023,480.6815,260
browse,262,1.71206E+15,1.71206E+15,225.4372222,175.133,412.5414,453.50682,270
browse,263,1.71206E+15,1.71206E+15,248.29796,182.461,451.7722,453.50992,250
browse,264,1.71206E+15,1.71206E+15,270.18212,294.617,435.9848,436.5752,250
browse,265,1.71206E+15,1.71206E+15,236.3762258,274.514,404.4825,408.0286,310
browse,266,1.71206E+15,1.71206E+15,206.7545333,183.516,389.6919,582.69198,300
browse,267,1.71206E+15,1.71206E+15,232.1257407,163.745,375.3855,434.21984,270
browse,268,1.71206E+15,1.71206E+15,186.6902414,145.802,350.1244,355.70328,290
browse,269,1.71206E+15,1.71206E+15,209.033,221.9505,336.1318,376.97687,240
browse,270,1.71206E+15,1.71206E+15,172.9056176,130.5715,316.09455,362.40499,340
browse,271,1.71206E+15,1.71206E+15,148.2356667,173.494,261.678,262.8348,210
browse,272,1.71206E+15,1.71206E+15,144.3920323,164.085,259.071,294.7583,310
browse,273,1.71206E+15,1.71206E+15,144.0222727,158.2745,234.706,275.27383,220
browse,274,1.71206E+15,1.71206E+15,127.7551667,116.068,258.46545,296.67218,300
browse,275,1.71206E+15,1.71206E+15,88.43845455,77.125,189.20465,229.30819,220
browse,276,1.71206E+15,1.71206E+15,92.63596667,74.6485,169.23575,170.23192,300
browse,277,1.71206E+15,1.71206E+15,90.59851282,111.216,166.7616,192.32952,390
browse,278,1.71206E+15,1.71206E+15,86.48292857,94.6845,142.31825,152.88137,280
browse,279,1.71206E+15,1.71206E+15,77.85942857,87.201,129.677,131.0866,210
browse,280,1.71206E+15,1.71206E+15,67.16371429,69.71,121.71735,136.39461,280
browse,281,1.71206E+15,1.71206E+15,73.14909677,79.488,124.8805,127.4294,310
browse,282,1.71206E+15,1.71206E+15,57.4035,56.379,105.2005,105.2233,200
browse,283,1.71206E+15,1.71206E+15,39.502125,40.0495,58.56375,61.89569,240
browse,284,1.71206E+15,1.71206E+15,26.15248,22.068,44.1776,51.38784,250
browse,285,1.71206E+15,1.71206E+15,17.2252963,14.189,29.4879,32.3969,270
browse,286,1.71206E+15,1.71206E+15,13.78848571,14.277,17.2992,17.79344,350
browse,287,1.71206E+15,1.71206E+15,11.95414286,11.325,14.72,15.6568,210
browse,288,1.71206E+15,1.71206E+15,11.88631818,10.9105,15.8663,16.08456,220
browse,289,1.71206E+15,1.71206E+15,11.97848485,11.754,16.6304,18.8836,330
browse,290,1.71206E+15,1.71206E+15,22.55182609,16.313,49.7401,74.92714,230
browse,291,1.71206E+15,1.71206E+15,42.81951724,43.434,55.2542,56.90836,290
browse,292,1.71206E+15,1.71206E+15,32.21040625,32.14,44.13575,47.3745,320
browse,293,1.71206E+15,1.71206E+15,15.83629167,16.4705,19.54315,20.17559,240
browse,294,1.71206E+15,1.71206E+15,11.67714286,11.265,17.699,17.7718,210
browse,295,1.71206E+15,1.71206E+15,11.78269565,11.393,15.6648,16.47178,230
browse,296,1.71206E+15,1.71206E+15,14.72265517,12.829,23.3178,26.36476,290
browse,297,1.71206E+15,1.71206E+15,15.646875,15.141,23.22595,24.18969,320
browse,298,1.71206E+15,1.71206E+15,13.04658621,12.612,17.6154,20.36716,290
browse,299,1.71206E+15,1.71206E+15,14.46356757,14.381,19.6948,20.95544,370
browse,300,1.71206E+15,1.71206E+15,14.415125,14.316,21.23445,21.81655,240
browse,301,1.71206E+15,1.71206E+15,12.64742857,12.548,15.7668,17.1527,280
browse,302,1.71206E+15,1.71206E+15,28.56196154,25.997,48.56975,51.61125,260
browse,303,1.71206E+15,1.71206E+15,31.61326087,30.232,45.0609,51.622,230
browse,304,1.71206E+15,1.71206E+15,12.07776471,11.305,16.4544,17.73888,170
browse,305,1.71206E+15,1.71206E+15,13.47821212,13.331,18.1816,18.42444,330
browse,306,1.71206E+15,1.71206E+15,18.29432143,18.3845,32.66045,36.24001,280
browse,307,1.71206E+15,1.71206E+15,16.2912963,16.855,24.3732,26.40744,270
browse,308,1.71206E+15,1.71206E+15,12.8506,12.755,17.5266,20.04544,350
browse,309,1.71206E+15,1.71206E+15,23.15875758,23.811,32.7694,33.47964,330
browse,310,1.71206E+15,1.71206E+15,13.03465517,12.53,16.8136,20.05672,290
browse,311,1.71206E+15,1.71206E+15,20.96321429,19.856,30.06275,33.1578,280
browse,312,1.71206E+15,1.71206E+15,23.20316,23.096,31.6308,33.32864,250
browse,313,1.71206E+15,1.71206E+15,19.8575,20.1255,29.9938,31.58135,300
browse,314,1.71206E+15,1.71206E+15,26.78842857,26.9305,46.2663,51.12286,280
browse,315,1.71206E+15,1.71206E+15,26.59553571,28.119,33.1012,38.52124,280
browse,316,1.71206E+15,1.71206E+15,23.34441176,23.055,34.5907,35.28189,340
browse,317,1.71206E+15,1.71206E+15,19.22080769,18.6075,33.87625,36.275,260
browse,318,1.71206E+15,1.71206E+15,13.79548571,13.721,19.7363,20.8356,350
browse,319,1.71206E+15,1.71206E+15,26.01263158,28.136,36.3421,39.56842,190
browse,320,1.71206E+15,1.71206E+15,21.08742105,20.838,26.7782,36.44204,190
browse,321,1.71206E+15,1.71206E+15,21.1102069,21.97,36.4472,40.8164,290
browse,322,1.71206E+15,1.71206E+15,27.02654839,27.254,40.7995,43.9515,310
browse,323,1.71206E+15,1.71206E+15,14.0441875,12.86,22.6718,23.14651,320
browse,324,1.71206E+15,1.71206E+15,18.17295833,18.1405,25.2335,27.3716,240
browse,325,1.71206E+15,1.71206E+15,12.41996552,11.539,16.7512,19.64856,290
browse,326,1.71206E+15,1.71206E+15,14.12541935,12.602,21.011,21.484,310
browse,327,1.71206E+15,1.71206E+15,16.06909375,16.3665,20.9253,21.90421,320
browse,328,1.71206E+15,1.71206E+15,11.44195238,11.009,13.868,14.6064,210
browse,329,1.71206E+15,1.71206E+15,12.82057143,13.1385,16.62405,17.43388,280
browse,330,1.71206E+15,1.71206E+15,28.90358621,29.888,42.9454,46.83988,290
browse,331,1.71206E+15,1.71206E+15,17.64527273,17.041,27.75775,31.71195,220
browse,332,1.71206E+15,1.71206E+15,16.41120833,15.6375,26.61485,28.13838,240
browse,333,1.71206E+15,1.71206E+15,16.50452174,13.116,26.2416,27.76934,230
browse,334,1.71206E+15,1.71206E+15,12.49183871,12.101,15.9845,16.2466,310
browse,335,1.71206E+15,1.71206E+15,13.36182857,13.141,17.3661,18.50702,350
browse,336,1.71206E+15,1.71206E+15,18.68875,18.4705,30.00115,32.43758,280
browse,337,1.71206E+15,1.71206E+15,13.41696296,13.557,16.4812,18.99916,270
browse,338,1.71206E+15,1.71206E+15,12.54151429,11.873,14.776,16.18572,350
browse,339,1.71206E+15,1.71206E+15,16.06460714,15.299,22.92185,24.70273,280
browse,340,1.71206E+15,1.71206E+15,31.50921739,24.206,64.2393,64.35268,230
browse,341,1.71206E+15,1.71206E+15,51.652625,50.6125,69.10235,74.07007,320
browse,342,1.71206E+15,1.71206E+15,42.32230303,41.601,58.5902,60.69596,330
browse,343,1.71206E+15,1.71206E+15,34.232,31.761,54.54785,65.76871,220
browse,344,1.71206E+15,1.71206E+15,16.25092,13.998,28.2648,28.93716,250
browse,345,1.71206E+15,1.71206E+15,26.59890909,28.401,36.0498,37.0234,330
browse,346,1.71206E+15,1.71206E+15,40.00315625,36.2875,57.4092,80.63725,320
browse,347,1.71206E+15,1.71206E+15,34.18462963,33.901,49.2437,59.74636,270
browse,348,1.71206E+15,1.71206E+15,33.80219444,34.914,46.913,48.3211,360
browse,349,1.71206E+15,1.71206E+15,17.50022727,16.4905,26.77,27.48644,220
browse,350,1.71206E+15,1.71206E+15,20.96011765,20.178,30.5693,34.13701,340
browse,351,1.71206E+15,1.71206E+15,13.03265625,12.1285,19.8446,21.53672,320
browse,352,1.71206E+15,1.71206E+15,12.0858,10.762,21.048,23.0658,250
browse,353,1.71206E+15,1.71206E+15,34.70796,36.206,47.5432,54.1842,250
browse,354,1.71206E+15,1.71206E+15,30.17377419,28.824,45.2325,51.5123,310
browse,355,1.71206E+15,1.71206E+15,20.89107407,21.278,26.9208,31.0724,270
browse,356,1.71206E+15,1.71206E+15,15.13296296,14.962,19.5045,22.42796,270
browse,357,1.71206E+15,1.71206E+15,23.66809677,23.404,34.0315,34.3267,310
browse,358,1.71206E+15,1.71206E+15,13.95994737,11.93,22.329,23.4882,190
browse,359,1.71206E+15,1.71206E+15,25.28189655,24.547,45.604,48.37464,290
browse,360,1.71206E+15,1.71206E+15,16.53360714,14.631,25.5543,29.34714,280
browse,361,1.71206E+15,1.71206E+15,15.66476,14.215,21.4002,26.67836,250
browse,362,1.71206E+15,1.71206E+15,18.45316667,16.7275,29.59595,34.92603,240
browse,363,1.71206E+15,1.71206E+15,12.40407692,12.248,16.544,17.9395,260
browse,364,1.71206E+15,1.71206E+15,26.62488235,27.4345,34.17065,50.56595,340
browse,365,1.71206E+15,1.71206E+15,32.60392,32.399,60.7428,68.34712,250
browse,366,1.71206E+15,1.71206E+15,30.3405,29.8695,43.9753,44.74353,280
browse,367,1.71206E+15,1.71206E+15,18.439875,15.6385,32.27445,33.84856,320
browse,368,1.71206E+15,1.71206E+15,14.8070625,14.658,19.53265,22.18921,320
browse,369,1.71206E+15,1.71206E+15,14.86725,13.3015,26.9934,28.4224,320
browse,370,1.71206E+15,1.71206E+15,21.69133333,21.683,33.6056,34.82355,300
browse,371,1.71206E+15,1.71206E+15,23.26961538,22.448,31.55,37.5345,260
browse,372,1.71206E+15,1.71206E+15,30.42366667,30.8085,39.6877,47.96752,300
browse,373,1.71206E+15,1.71206E+15,17.34910714,16.2905,27.42245,33.26552,280
browse,374,1.71206E+15,1.71206E+15,17.81505263,17.677,26.2818,27.54036,190
browse,375,1.71206E+15,1.71206E+15,11.32091304,11.338,13.1898,16.34108,230
browse,376,1.71206E+15,1.71206E+15,10.80728,10.867,12.633,12.87564,250
browse,377,1.71206E+15,1.71206E+15,18.82707407,19.399,25.09,27.23936,270
browse,378,1.71206E+15,1.71206E+15,37.03832353,36.292,54.0602,55.03797,340
browse,379,1.71206E+15,1.71206E+15,56.016125,53.9075,79.98085,84.36656,320
browse,380,1.71206E+15,1.71206E+15,33.15523077,33.6145,45.48,47.98925,260
browse,381,1.71206E+15,1.71206E+15,11.98885185,11.134,17.3853,19.83946,270
browse,382,1.71206E+15,1.71206E+15,17.9822,13.6805,29.43095,30.87401,300
browse,383,1.71206E+15,1.71206E+15,29.5903125,28.68,45.0571,48.476,320
browse,384,1.71206E+15,1.71206E+15,17.39292593,15.946,29.158,31.8879,270
browse,385,1.71206E+15,1.71206E+15,14.11879412,13.613,23.24215,27.10309,340
browse,386,1.71206E+15,1.71206E+15,12.30237931,12.65,15.1124,15.52848,290
browse,387,1.71206E+15,1.71206E+15,16.65926471,16.7955,23.83905,25.75836,340
browse,388,1.71206E+15,1.71206E+15,12.55872727,12.299,17.2658,18.5048,330
browse,389,1.71206E+15,1.71206E+15,19.2813871,19.597,25.8135,35.9463,310
browse,390,1.71206E+15,1.71206E+15,43.863625,41.667,60.43655,63.73387,240
browse,391,1.71206E+15,1.71206E+15,46.23126087,45.911,58.4163,68.277,230
browse,392,1.71206E+15,1.71206E+15,30.49809677,29.092,45.5775,47.9551,310
browse,393,1.71206E+15,1.71206E+15,28.12824138,29.689,33.8422,35.17396,290
browse,394,1.71206E+15,1.71206E+15,20.73746667,19.103,33.03035,43.43074,300
browse,395,1.71206E+15,1.71206E+15,22.01073913,21.54,28.5783,36.85958,230
browse,396,1.71206E+15,1.71206E+15,27.96237931,26.525,34.8254,40.41268,290
browse,397,1.71206E+15,1.71206E+15,33.07205556,32.264,44.8695,51.842,360
browse,398,1.71206E+15,1.71206E+15,25.54190323,25.585,36.1305,39.6381,310
browse,399,1.71206E+15,1.71206E+15,28.30257143,30.124,40.8172,44.43416,350
browse,400,1.71206E+15,1.71206E+15,34.66071429,34.595,45.52075,68.13653,280
browse,401,1.71206E+15,1.71206E+15,38.85096667,37.7175,51.281,55.5273,300
browse,402,1.71206E+15,1.71206E+15,33.672375,34.7655,43.50345,55.14447,320
browse,403,1.71206E+15,1.71206E+15,32.96472414,31.963,45.1048,49.94528,290
browse,404,1.71206E+15,1.71206E+15,32.58090909,33.776,56.4954,59.7228,330
browse,405,1.71206E+15,1.71206E+15,23.95792593,23.552,33.5196,34.61554,270
browse,406,1.71206E+15,1.71206E+15,18.84772222,18.9505,33.7631,36.75102,180
browse,407,1.71206E+15,1.71206E+15,25.35532353,24.8365,36.7476,40.96791,340
browse,408,1.71206E+15,1.71206E+15,23.1100625,21.245,39.52115,40.06467,320
browse,409,1.71206E+15,1.71206E+15,16.75784615,14.224,29.902,30.661,260
browse,410,1.71206E+15,1.71206E+15,27.13522727,27.7515,35.4211,35.89462,220
browse,411,1.71206E+15,1.71206E+15,28.587875,29.627,35.283,41.4618,320
browse,412,1.71206E+15,1.71206E+15,24.03732353,22.252,37.5557,42.27697,340
browse,413,1.71206E+15,1.71206E+15,18.05194595,16.747,26.1208,33.65904,370
browse,414,1.71206E+15,1.71206E+15,16.02013793,15.461,20.2596,27.58976,290
browse,415,1.71206E+15,1.71206E+15,11.55142857,11.0595,16.53465,17.73739,280
browse,416,1.71206E+15,1.71206E+15,12.61941667,12.176,16.5134,19.68403,240
browse,417,1.71206E+15,1.71206E+15,11.5022,11.0945,15.03065,15.05573,200
browse,418,1.71206E+15,1.71206E+15,12.20106667,11.387,16.1783,16.46446,150
browse,419,1.71206E+15,1.71206E+15,14.886,14.2565,20.59465,21.10613,200
browse,420,1.71206E+15,1.71206E+15,11.0366,10.356,13.5807,13.63054,150
browse,421,1.71206E+15,1.71206E+15,11.437125,10.7395,16.75805,17.85372,240
browse,422,1.71206E+15,1.71206E+15,22.30146154,22.5,34.01825,41.84275,260
browse,423,1.71206E+15,1.71206E+15,13.13262963,12.869,18.6812,19.2477,270
browse,424,1.71206E+15,1.71206E+15,13.65611111,12.178,19.16775,21.19325,360
browse,425,1.71206E+15,1.71206E+15,23.20304762,23.456,31.133,33.0474,210
browse,426,1.71206E+15,1.71206E+15,14.01868182,12.081,21.1143,26.85633,220
browse,427,1.71206E+15,1.71206E+15,11.16704,10.804,13.776,14.07768,250
browse,428,1.71206E+15,1.71206E+15,11.24545714,11.01,14.3124,16.52822,350
browse,429,1.71206E+15,1.71206E+15,21.76589655,22.576,34.6816,36.57376,290
browse,430,1.71206E+15,1.71206E+15,16.25693333,15.26,24.44155,24.89573,300
browse,431,1.71206E+15,1.71206E+15,11.30421875,11.098,13.79035,15.09427,320
browse,432,1.71206E+15,1.71206E+15,13.6545,12.1285,21.75175,21.92697,280
browse,433,1.71206E+15,1.71206E+15,14.8665,15.423,17.621,18.941,260
browse,434,1.71206E+15,1.71206E+15,12.63762162,12.65,15.422,15.49064,370
browse,435,1.71206E+15,1.71206E+15,11.0262,10.7875,13.42505,13.94908,300
browse,436,1.71206E+15,1.71206E+15,10.45092593,9.718,15.2487,15.78448,270
browse,437,1.71206E+15,1.71206E+15,13.43034286,12.829,19.8221,22.71186,350
browse,438,1.71206E+15,1.71206E+15,11.10788889,10.9115,13.82605,15.16361,180
browse,439,1.71206E+15,1.71206E+15,11.42866667,11.385,13.7837,15.99442,270
browse,440,1.71206E+15,1.71206E+15,24.76130769,15.6815,48.06225,48.8885,260
browse,441,1.71206E+15,1.71206E+15,27.97507407,29.102,38.6553,40.32868,270
browse,442,1.71206E+15,1.71206E+15,10.5885,10.645,12.29415,13.12445,240
browse,443,1.71206E+15,1.71206E+15,12.41133333,10.6175,19.4447,24.75479,240
browse,444,1.71206E+15,1.71206E+15,13.02773684,12.884,16.455,17.247,190
browse,445,1.71206E+15,1.71206E+15,15.28578261,13.848,22.3923,22.9219,230
browse,446,1.71206E+15,1.71206E+15,17.74196429,17.192,26.93225,28.23706,280
browse,447,1.71206E+15,1.71206E+15,29.58937037,28.9,46.4204,46.91082,270
browse,448,1.71206E+15,1.71206E+15,14.62784848,13.174,24.6134,27.55972,330
browse,449,1.71206E+15,1.71206E+15,11.71322222,10.398,17.3293,18.18566,270
browse,450,1.71206E+15,1.71206E+15,14.28211111,9.851,26.4112,28.81128,270
browse,451,1.71206E+15,1.71206E+15,12.97611538,9.8285,24.82575,25.7985,260
browse,452,1.71206E+15,1.71206E+15,12.36771053,11.932,16.94275,17.64416,380
browse,453,1.71206E+15,1.71206E+15,13.38225806,12.572,23.9065,26.057,310
browse,454,1.71206E+15,1.71206E+15,11.61565517,10.38,18.1972,18.67024,290
browse,455,1.71206E+15,1.71206E+15,10.68375862,9.731,14.5518,16.243,290
browse,456,1.71206E+15,1.71206E+15,11.23422581,10.636,15.7225,16.1965,310
browse,457,1.71206E+15,1.71206E+15,10.17926923,9.818,12.52225,12.59175,260
browse,458,1.71206E+15,1.71206E+15,10.32477778,10.143,11.9283,13.70332,270
browse,459,1.71206E+15,1.71206E+15,17.32832432,17.922,27.7606,35.17196,370
browse,460,1.71206E+15,1.71206E+15,9.530884615,9.324,11.37,11.69175,260
browse,461,1.71206E+15,1.71206E+15,10.03409524,9.499,12.334,14.1548,210
browse,462,1.71206E+15,1.71206E+15,11.48464,9.913,18.3866,19.3482,250
browse,463,1.71206E+15,1.71206E+15,9.43152381,9.277,10.618,11.3828,210
browse,464,1.71206E+15,1.71206E+15,11.42872222,10.8995,16.65675,17.07085,360
browse,465,1.71206E+15,1.71206E+15,14.18524,12.67,22.8804,26.24004,250
browse,466,1.71206E+15,1.71206E+15,13.50971053,12.3365,19.4096,26.13003,380
browse,467,1.71206E+15,1.71206E+15,19.41086957,19.429,33.314,33.82274,230
browse,468,1.71206E+15,1.71206E+15,13.10881818,13.181,18.0326,19.18576,330
browse,469,1.71206E+15,1.71206E+15,12.90530435,11.318,20.7828,21.46888,230
browse,470,1.71206E+15,1.71206E+15,10.48119048,9.194,17.59,18.082,210
browse,471,1.71206E+15,1.71206E+15,11.48754286,9.492,19.5527,21.21426,350
browse,472,1.71206E+15,1.71206E+15,9.964074074,9.153,13.2212,13.5761,270
browse,473,1.71206E+15,1.71206E+15,9.9112,9.4045,12.49355,12.84398,300
browse,474,1.71206E+15,1.71206E+15,11.70878125,10.736,17.4633,18.63414,320
browse,475,1.71206E+15,1.71206E+15,10.97917647,9.418,17.5226,22.54212,170
browse,476,1.71206E+15,1.71206E+15,9.904818182,9.232,13.0118,14.68484,330
browse,477,1.71206E+15,1.71206E+15,10.34332143,9.596,13.4574,13.74487,280
browse,478,1.71206E+15,1.71206E+15,11.741625,10.5755,15.8581,17.6956,240
browse,479,1.71206E+15,1.71206E+15,10.352,9.723,13.2988,13.96856,330
browse,480,1.71206E+15,1.71206E+15,10.41561538,9.6275,14.35675,14.7325,260
browse,481,1.71206E+15,1.71206E+15,14.80484615,10.747,32.28175,34.0975,260
browse,482,1.71206E+15,1.71206E+15,14.77484211,13.6025,25.13545,31.37845,380
browse,483,1.71206E+15,1.71206E+15,16.98671429,16.9995,25.8724,31.79457,280
browse,484,1.71206E+15,1.71206E+15,13.79051613,11.683,24.765,25.7717,310
browse,485,1.71206E+15,1.71206E+15,10.4665,10.048,13.6326,16.24369,280
browse,486,1.71206E+15,1.71206E+15,10.02155,9.802,12.23725,13.71545,200
browse,487,1.71206E+15,1.71206E+15,11.27002857,10.37,17.7373,18.22484,350
browse,488,1.71206E+15,1.71206E+15,10.60092308,9.37,16.4385,17.913,260
browse,489,1.71206E+15,1.71206E+15,9.629241379,9.075,12.511,13.84836,290
browse,490,1.71206E+15,1.71206E+15,20.071,12.3325,43.0142,43.68929,240
browse,491,1.71206E+15,1.71206E+15,27.41214286,25.721,50.4471,58.00575,280
browse,492,1.71206E+15,1.71206E+15,32.53751429,33.999,46.4319,53.12768,350
browse,493,1.71206E+15,1.71206E+15,26.94996552,26.114,43.7322,58.9118,290
browse,494,1.71206E+15,1.71206E+15,14.87808333,10.4385,31.33115,34.43445,240
browse,495,1.71206E+15,1.71206E+15,10.291,9.91,13.382,14.151,310
browse,496,1.71206E+15,1.71206E+15,10.01569697,9.508,12.407,12.60548,330
browse,497,1.71206E+15,1.71206E+15,9.752541667,9.3755,10.83165,13.01924,240
browse,498,1.71206E+15,1.71206E+15,9.2506,9.073,10.2395,11.02772,350
browse,499,1.71206E+15,1.71206E+15,9.460956522,9.171,11.6183,12.04646,230
browse,500,1.71206E+15,1.71206E+15,9.763138889,9.3655,11.936,12.225,360
view,0,1.71206E+15,1.71206E+15,0,0,0,0,0
view,1,1.71206E+15,1.71206E+15,0,0,0,0,0
view,2,1.71206E+15,1.71206E+15,0,0,0,0,0
view,3,1.71206E+15,1.71206E+15,0,0,0,0,0
view,4,1.71206E+15,1.71206E+15,0,0,0,0,0
view,5,1.71206E+15,1.71206E+15,0,0,0,0,0
view,6,1.71206E+15,1.71206E+15,0,0,0,0,0
view,7,1.71206E+15,1.71206E+15,0,0,0,0,0
view,8,1.71206E+15,1.71206E+15,0,0,0,0,0
view,9,1.71206E+15,1.71206E+15,0,0,0,0,0
view,10,1.71206E+15,1.71206E+15,0,0,0,0,0
view,11,1.71206E+15,1.71206E+15,0,0,0,0,0
view,12,1.71206E+15,1.71206E+15,0,0,0,0,0
view,13,1.71206E+15,1.71206E+15,0,0,0,0,0
view,14,1.71206E+15,1.71206E+15,0,0,0,0,0
view,15,1.71206E+15,1.71206E+15,13.115,11.719,17.1806,17.93452,50
view,16,1.71206E+15,1.71206E+15,11.616,11.616,12.1155,12.1599,20
view,17,1.71206E+15,1.71206E+15,28.944,28.7655,30.69425,31.01805,60
view,18,1.71206E+15,1.71206E+15,19.65458824,15.246,31.4354,33.58708,170
view,19,1.71206E+15,1.71206E+15,12.99861905,12.83,14.701,14.7186,210
view,20,1.71206E+15,1.71206E+15,12.67847826,12.455,14.4435,15.24768,230
view,21,1.71206E+15,1.71206E+15,12.48933333,12.362,14.0686,14.28812,150
view,22,1.71206E+15,1.71206E+15,13.98178947,12.801,19.3824,19.80288,190
view,23,1.71206E+15,1.71206E+15,12.12505882,12.19,13.3368,14.00816,170
view,24,1.71206E+15,1.71206E+15,12.16544444,11.5825,13.75415,14.32603,180
view,25,1.71206E+15,1.71206E+15,12.94491667,13.047,14.1116,14.32632,120
view,26,1.71206E+15,1.71206E+15,12.3684,11.8745,14.10185,15.23957,200
view,27,1.71206E+15,1.71206E+15,14.42972727,13.992,19.4096,21.93668,220
view,28,1.71206E+15,1.71206E+15,12.10161905,11.782,13.21,14.9756,210
view,29,1.71206E+15,1.71206E+15,12.11360714,11.7285,13.92845,14.30681,280
view,30,1.71206E+15,1.71206E+15,11.97509091,11.559,13.736,13.9112,110
view,31,1.71206E+15,1.71206E+15,12.8371875,12.4455,15.31225,17.39365,160
view,32,1.71206E+15,1.71206E+15,13.51338889,12.222,23.03715,23.67703,180
view,33,1.71206E+15,1.71206E+15,15.79866667,16.055,22.1495,23.8323,150
view,34,1.71206E+15,1.71206E+15,12.613,11.937,15.069,16.3394,170
view,35,1.71206E+15,1.71206E+15,13.63554545,12.247,20.5896,25.86461,220
view,36,1.71206E+15,1.71206E+15,11.81928571,11.586,13.08825,13.51205,140
view,37,1.71206E+15,1.71206E+15,12.847,12.412,15.3855,15.4235,110
view,38,1.71206E+15,1.71206E+15,12.0665,11.828,13.903,14.3614,160
view,39,1.71206E+15,1.71206E+15,19.02957143,15.3145,32.09705,34.57381,140
view,40,1.71206E+15,1.71206E+15,39.87965,29.7205,76.2004,84.61208,200
view,41,1.71206E+15,1.71206E+15,44.7068,43.0955,65.3005,65.3185,100
view,42,1.71206E+15,1.71206E+15,89.4069375,80.3435,158.4135,164.6571,160
view,43,1.71206E+15,1.71206E+15,79.21118182,78.9275,136.32575,154.81597,220
view,44,1.71206E+15,1.71206E+15,57.37611765,54.659,103.4532,112.17704,170
view,45,1.71206E+15,1.71206E+15,19.76607143,17.8555,31.05695,36.07859,140
view,46,1.71206E+15,1.71206E+15,13.58636,12.287,19.481,24.12964,250
view,47,1.71206E+15,1.71206E+15,12.26346667,11.988,14.5524,15.54808,150
view,48,1.71206E+15,1.71206E+15,12.09195,12.1055,12.99055,14.56451,200
view,49,1.71206E+15,1.71206E+15,12.1915,11.7415,14.13775,14.39395,160
view,50,1.71206E+15,1.71206E+15,12.21804762,11.841,14.906,15.8132,210
view,51,1.71206E+15,1.71206E+15,12.72407143,12.034,16.77965,17.08073,140
view,52,1.71206E+15,1.71206E+15,12.08845,12.141,13.0423,13.92846,200
view,53,1.71206E+15,1.71206E+15,15.2019375,13.03,30.93,32.73,160
view,54,1.71206E+15,1.71206E+15,13.1413125,12.2415,19.30525,19.35865,160
view,55,1.71206E+15,1.71206E+15,11.98827273,11.779,13.0405,13.3689,110
view,56,1.71206E+15,1.71206E+15,13.25853333,11.971,20.4552,21.17984,150
view,57,1.71206E+15,1.71206E+15,12.3466875,11.7135,14.50225,14.58445,160
view,58,1.71206E+15,1.71206E+15,11.926875,11.785,12.81915,13.05183,80
view,59,1.71206E+15,1.71206E+15,12.28376667,11.9635,13.9302,14.44303,300
view,60,1.71206E+15,1.71206E+15,12.74445,11.9525,17.447,17.8118,200
view,61,1.71206E+15,1.71206E+15,13.4550625,11.5715,19.67325,20.99145,160
view,62,1.71206E+15,1.71206E+15,14.82475,12.4785,20.4386,21.08452,120
view,63,1.71206E+15,1.71206E+15,12.930625,12.069,18.24975,18.45555,160
view,64,1.71206E+15,1.71206E+15,12.98988,12.517,17.037,17.29412,250
view,65,1.71206E+15,1.71206E+15,12.4613913,11.818,15.2132,17.4467,230
view,66,1.71206E+15,1.71206E+15,16.72390909,14.1205,28.404,28.96727,220
view,67,1.71206E+15,1.71206E+15,11.71128571,11.579,13.042,13.3204,210
view,68,1.71206E+15,1.71206E+15,12.11716667,11.9205,13.1149,13.15978,120
view,69,1.71206E+15,1.71206E+15,13.7816875,12.5115,17.595,17.9406,160
view,70,1.71206E+15,1.71206E+15,12.1457,11.8035,13.50995,14.01079,200
view,71,1.71206E+15,1.71206E+15,12.290875,11.9725,14.2938,15.06996,80
view,72,1.71206E+15,1.71206E+15,12.20257895,11.55,14.7186,14.93892,190
view,73,1.71206E+15,1.71206E+15,11.97866667,12.021,13.0999,13.99758,150
view,74,1.71206E+15,1.71206E+15,11.57092857,11.5545,12.10335,12.18707,140
view,75,1.71206E+15,1.71206E+15,13.086,11.9605,17.59615,19.36483,100
view,76,1.71206E+15,1.71206E+15,12.05772222,11.8535,13.74235,14.94527,180
view,77,1.71206E+15,1.71206E+15,12.54963636,11.89,13.99865,18.25814,220
view,78,1.71206E+15,1.71206E+15,11.55328571,11.5955,11.91925,11.95825,140
view,79,1.71206E+15,1.71206E+15,12.14552941,11.84,14.238,14.3212,170
view,80,1.71206E+15,1.71206E+15,11.89545,11.8375,13.1073,13.58306,200
view,81,1.71206E+15,1.71206E+15,11.75414286,11.7465,12.6491,12.89142,140
view,82,1.71206E+15,1.71206E+15,12.06646667,11.745,13.8901,16.61562,150
view,83,1.71206E+15,1.71206E+15,11.8926,11.759,12.61805,12.70121,100
view,84,1.71206E+15,1.71206E+15,11.938,11.572,13.5606,14.20572,190
view,85,1.71206E+15,1.71206E+15,11.75847619,11.683,12.576,12.7528,210
view,86,1.71206E+15,1.71206E+15,11.9222,11.666,12.9014,13.25868,150
view,87,1.71206E+15,1.71206E+15,12.02483333,11.827,13.90695,14.07899,180
view,88,1.71206E+15,1.71206E+15,14.21763636,12.573,18.1865,18.4469,110
view,89,1.71206E+15,1.71206E+15,15.99282759,14.764,26.1872,28.30792,290
view,90,1.71206E+15,1.71206E+15,11.70573684,11.646,12.3873,12.59826,190
view,91,1.71206E+15,1.71206E+15,11.61925,11.57,12.0966,12.12652,120
view,92,1.71206E+15,1.71206E+15,12.91313333,12.345,15.4015,16.9275,150
view,93,1.71206E+15,1.71206E+15,11.65345455,11.605,12.4025,12.7517,110
view,94,1.71206E+15,1.71206E+15,12.34872222,11.946,14.6829,15.87018,180
view,95,1.71206E+15,1.71206E+15,11.84693333,11.424,13.2774,13.90348,150
view,96,1.71206E+15,1.71206E+15,11.66628571,11.764,12.519,12.7694,210
view,97,1.71206E+15,1.71206E+15,12.49688,11.914,15.524,18.49224,250
view,98,1.71206E+15,1.71206E+15,16.31810526,11.855,34.9613,35.31626,190
view,99,1.71206E+15,1.71206E+15,13.79686667,12.239,19.7403,20.92246,150
view,100,1.71206E+15,1.71206E+15,11.55834783,11.513,12.2274,13.0624,230
view,101,1.71206E+15,1.71206E+15,12.02170588,11.625,13.8754,16.30868,170
view,102,1.71206E+15,1.71206E+15,11.7344375,11.5295,13.055,13.2278,160
view,103,1.71206E+15,1.71206E+15,13.06909091,12.101,18.3495,22.3707,110
view,104,1.71206E+15,1.71206E+15,12.55723077,12.062,14.1238,14.17996,130
view,105,1.71206E+15,1.71206E+15,12.96794118,12.284,16.089,17.8842,170
view,106,1.71206E+15,1.71206E+15,11.98935294,11.739,14.0234,15.06468,170
view,107,1.71206E+15,1.71206E+15,13.8294,11.7705,31.87725,32.29145,200
view,108,1.71206E+15,1.71206E+15,20.59542857,17.064,36.765,43.4034,210
view,109,1.71206E+15,1.71206E+15,12.09105,11.566,15.47395,15.68599,200
view,110,1.71206E+15,1.71206E+15,12.97430769,11.738,19.377,21.7818,130
view,111,1.71206E+15,1.71206E+15,13.5705,12.475,17.99295,18.33219,120
view,112,1.71206E+15,1.71206E+15,11.60671429,11.545,12.33625,12.41685,140
view,113,1.71206E+15,1.71206E+15,11.8857619,11.871,12.832,12.9928,210
view,114,1.71206E+15,1.71206E+15,12.0272,11.8165,13.7633,14.89266,200
view,115,1.71206E+15,1.71206E+15,12.98409524,12.01,17.6,17.9368,210
view,116,1.71206E+15,1.71206E+15,14.82605882,12.011,27.0102,29.22204,170
view,117,1.71206E+15,1.71206E+15,14.83030769,12.537,25.8144,29.97888,130
view,118,1.71206E+15,1.71206E+15,15.2311875,12.454,27.81025,28.28365,160
view,119,1.71206E+15,1.71206E+15,11.47644444,11.297,12.7829,12.90938,180
view,120,1.71206E+15,1.71206E+15,12.48972222,12.09,15.54855,16.26731,180
view,121,1.71206E+15,1.71206E+15,12.06582353,11.887,12.848,13.2832,170
view,122,1.71206E+15,1.71206E+15,11.79713333,11.594,13.0871,13.61182,150
view,123,1.71206E+15,1.71206E+15,12.32705556,11.66,15.87185,16.23837,180
view,124,1.71206E+15,1.71206E+15,11.7959375,11.714,12.77525,12.83585,160
view,125,1.71206E+15,1.71206E+15,14.95915385,12.044,26.345,28.6226,130
view,126,1.71206E+15,1.71206E+15,11.8061,11.6535,12.6788,12.73496,100
view,127,1.71206E+15,1.71206E+15,13.914,12.0405,19.80205,19.82361,120
view,128,1.71206E+15,1.71206E+15,12.29253333,11.898,13.9564,14.73928,150
view,129,1.71206E+15,1.71206E+15,11.58766667,11.58,12.08455,12.27291,180
view,130,1.71206E+15,1.71206E+15,12.95205882,12.498,16.265,16.4282,170
view,131,1.71206E+15,1.71206E+15,15.21844444,11.927,33.7748,37.38296,270
view,132,1.71206E+15,1.71206E+15,14.77125,12.315,23.93025,25.73085,160
view,133,1.71206E+15,1.71206E+15,13.04064286,12.136,16.53015,19.57163,140
view,134,1.71206E+15,1.71206E+15,11.86588235,11.658,13.484,13.9096,170
view,135,1.71206E+15,1.71206E+15,12.58933333,11.75,16.1977,18.18914,120
view,136,1.71206E+15,1.71206E+15,12.2770625,11.8035,15.995,16.5014,160
view,137,1.71206E+15,1.71206E+15,11.89807692,11.562,13.654,13.7572,130
view,138,1.71206E+15,1.71206E+15,12.38842105,12.01,14.0236,14.38072,190
view,139,1.71206E+15,1.71206E+15,13.24213636,12.423,17.03945,17.91362,220
view,140,1.71206E+15,1.71206E+15,11.5758,11.712,12.3045,12.4529,150
view,141,1.71206E+15,1.71206E+15,13.19935714,12.6015,17.8391,20.01582,140
view,142,1.71206E+15,1.71206E+15,11.52971429,11.507,12.14505,12.28181,140
view,143,1.71206E+15,1.71206E+15,11.94,11.707,12.91325,15.34425,180
view,144,1.71206E+15,1.71206E+15,14.33822222,12.0885,26.6136,26.71152,180
view,145,1.71206E+15,1.71206E+15,12.301,11.5525,14.92325,21.71825,160
view,146,1.71206E+15,1.71206E+15,12.02411111,11.619,13.6833,14.01106,180
view,147,1.71206E+15,1.71206E+15,12.1961875,11.906,13.9585,14.7517,160
view,148,1.71206E+15,1.71206E+15,11.86636842,11.7,12.8109,15.31578,190
view,149,1.71206E+15,1.71206E+15,11.757,11.562,12.665,13.5866,170
view,150,1.71206E+15,1.71206E+15,12.72017857,12.338,14.61685,15.53616,280
view,151,1.71206E+15,1.71206E+15,11.98370588,11.964,13.3328,13.45376,170
view,152,1.71206E+15,1.71206E+15,12.4908,11.7705,16.29505,18.73261,100
view,153,1.71206E+15,1.71206E+15,14.65194737,13.892,18.9357,19.70394,190
view,154,1.71206E+15,1.71206E+15,25.16142857,16.658,53.304,53.5512,210
view,155,1.71206E+15,1.71206E+15,11.94041667,11.7705,13.0858,13.42196,120
view,156,1.71206E+15,1.71206E+15,16.03614286,13.1435,23.7471,24.21822,140
view,157,1.71206E+15,1.71206E+15,15.14633333,12.349,29.651,31.8134,210
view,158,1.71206E+15,1.71206E+15,13.16946154,12.283,16.8298,19.60276,130
view,159,1.71206E+15,1.71206E+15,11.86477273,11.6675,13.13325,13.29535,220
view,160,1.71206E+15,1.71206E+15,11.69180952,11.55,12.35,12.5628,210
view,161,1.71206E+15,1.71206E+15,12.9735,11.85,17.78485,18.75777,140
view,162,1.71206E+15,1.71206E+15,12.01,11.8365,13.45915,14.25423,140
view,163,1.71206E+15,1.71206E+15,12.08578571,11.955,13.3517,14.22634,140
view,164,1.71206E+15,1.71206E+15,11.64807143,11.7005,12.1576,12.21792,140
view,165,1.71206E+15,1.71206E+15,11.78930769,11.751,12.3128,12.35696,130
view,166,1.71206E+15,1.71206E+15,12.33615385,11.9355,15.1645,15.52725,260
view,167,1.71206E+15,1.71206E+15,15.36716667,12.1165,25.7453,28.52106,180
view,168,1.71206E+15,1.71206E+15,12.14838095,11.888,12.925,15.529,210
view,169,1.71206E+15,1.71206E+15,12.52090476,11.981,15.548,15.8416,210
view,170,1.71206E+15,1.71206E+15,13.35108333,11.9545,17.9359,19.59998,120
view,171,1.71206E+15,1.71206E+15,12.45690909,11.684,14.764,15.1864,110
view,172,1.71206E+15,1.71206E+15,23.63414286,15.565,63.102,66.5732,210
view,173,1.71206E+15,1.71206E+15,39.999,46.0775,64.1185,65.9005,160
view,174,1.71206E+15,1.71206E+15,21.39719048,11.94,49.457,51.6594,210
view,175,1.71206E+15,1.71206E+15,16.75125,11.482,37.43765,41.27313,120
view,176,1.71206E+15,1.71206E+15,13.41233333,12.209,17.8824,17.96528,150
view,177,1.71206E+15,1.71206E+15,12.06805263,12.148,13.0844,13.69208,190
view,178,1.71206E+15,1.71206E+15,12.555,12.023,15.52295,17.16059,100
view,179,1.71206E+15,1.71206E+15,11.63321429,11.6005,12.29795,12.40039,140
view,180,1.71206E+15,1.71206E+15,12.24741667,12.2605,13.1717,13.29754,120
view,181,1.71206E+15,1.71206E+15,12.75054545,12.0585,17.2557,22.51103,220
view,182,1.71206E+15,1.71206E+15,16.38308,12.099,30.869,32.774,250
view,183,1.71206E+15,1.71206E+15,12.7107,12.3535,14.7389,15.24218,100
view,184,1.71206E+15,1.71206E+15,15.59376471,11.887,30.8466,34.57332,170
view,185,1.71206E+15,1.71206E+15,18.07290476,11.92,46.309,53.9882,210
view,186,1.71206E+15,1.71206E+15,26.72876471,19.332,51.618,53.0228,170
view,187,1.71206E+15,1.71206E+15,23.05925,20.623,43.819,45.7494,200
view,188,1.71206E+15,1.71206E+15,35.92084615,17.598,77.6152,80.18704,130
view,189,1.71206E+15,1.71206E+15,39.65714286,38.1025,74.0626,82.77572,140
view,190,1.71206E+15,1.71206E+15,33.106,37.646,56.5049,59.22258,150
view,191,1.71206E+15,1.71206E+15,36.21075,31.8925,58.808,62.7752,200
view,192,1.71206E+15,1.71206E+15,33.4541,38.8125,47.5076,48.69272,100
view,193,1.71206E+15,1.71206E+15,18.0496,12.123,38.1021,38.13402,150
view,194,1.71206E+15,1.71206E+15,29.30761111,23.703,55.68275,76.92935,180
view,195,1.71206E+15,1.71206E+15,46.12210526,47.302,67.6047,69.17934,190
view,196,1.71206E+15,1.71206E+15,45.4505,45.176,68.97765,70.77633,140
view,197,1.71206E+15,1.71206E+15,24.24453846,17.068,52.9052,56.53784,130
view,198,1.71206E+15,1.71206E+15,52.0377,51.2385,81.71215,81.93283,100
view,199,1.71206E+15,1.71206E+15,71.95805882,73.413,104.1666,110.25172,170
view,200,1.71206E+15,1.71206E+15,43.19641176,41.266,72.4194,75.42548,170
view,201,1.71206E+15,1.71206E+15,34.61128571,36.435,65.59295,66.76659,140
view,202,1.71206E+15,1.71206E+15,22.12335294,18.237,40.3402,40.48164,170
view,203,1.71206E+15,1.71206E+15,28.46976471,22.164,57.2526,65.47532,170
view,204,1.71206E+15,1.71206E+15,31.27081818,29.956,52.4904,53.01302,220
view,205,1.71206E+15,1.71206E+15,39.609,39.726,65.4527,66.44414,190
view,206,1.71206E+15,1.71206E+15,36.44709091,30.029,70.063,71.207,110
view,207,1.71206E+15,1.71206E+15,48.06169231,48.486,65.057,67.5506,130
view,208,1.71206E+15,1.71206E+15,48.2111875,50.927,78.14675,81.10535,160
view,209,1.71206E+15,1.71206E+15,41.74725,41.781,68.5174,70.23548,80
view,210,1.71206E+15,1.71206E+15,33.97525,31.4965,63.33005,75.14121,200
view,211,1.71206E+15,1.71206E+15,23.33725,17.9765,41.471,58.0934,160
view,212,1.71206E+15,1.71206E+15,16.4960625,12.448,27.453,27.9594,160
view,213,1.71206E+15,1.71206E+15,22.54871429,14.929,64.5471,65.14302,140
view,214,1.71206E+15,1.71206E+15,27.20535714,18.539,54.65325,56.20025,140
view,215,1.71206E+15,1.71206E+15,26.65273684,19.741,51.7714,54.11428,190
view,216,1.71206E+15,1.71206E+15,32.43094444,30.318,83.54885,83.92897,180
view,217,1.71206E+15,1.71206E+15,49.74286667,50.829,68.6034,69.23508,150
view,218,1.71206E+15,1.71206E+15,25.0579,25.531,40.27535,47.33347,200
view,219,1.71206E+15,1.71206E+15,34.34671429,29.56,76.85,79.3068,210
view,220,1.71206E+15,1.71206E+15,36.499875,34.611,68.08125,72.42585,160
view,221,1.71206E+15,1.71206E+15,28.90015789,25.753,48.8068,49.96456,190
view,222,1.71206E+15,1.71206E+15,20.71572222,13.5505,39.18145,58.63149,180
view,223,1.71206E+15,1.71206E+15,37.16521739,30,84.5695,89.96334,230
view,224,1.71206E+15,1.71206E+15,51.45826316,49.638,85.4794,86.68468,190
view,225,1.71206E+15,1.71206E+15,38.09809524,35.973,72.972,80.1992,210
view,226,1.71206E+15,1.71206E+15,28.69786667,18.992,55.8756,60.50792,150
view,227,1.71206E+15,1.71206E+15,14.79913333,13.035,19.8269,22.46058,150
view,228,1.71206E+15,1.71206E+15,36.76792308,38.583,64.6832,71.82464,130
view,229,1.71206E+15,1.71206E+15,26.12835,16.4695,50.8704,56.97168,200
view,230,1.71206E+15,1.71206E+15,18.67694444,16.6365,32.64245,39.33569,180
view,231,1.71206E+15,1.71206E+15,13.0997619,12.708,15.422,18.5596,210
view,232,1.71206E+15,1.71206E+15,22.86706667,20.654,37.1952,37.76304,150
view,233,1.71206E+15,1.71206E+15,20.18647368,12.468,51.6894,53.29068,190
view,234,1.71206E+15,1.71206E+15,19.0992381,15.23,40.413,41.189,210
view,235,1.71206E+15,1.71206E+15,29.16595,25.115,54.874,56.7436,200
view,236,1.71206E+15,1.71206E+15,35.31905556,34.2075,62.2824,66.07408,180
view,237,1.71206E+15,1.71206E+15,21.27478947,20.109,35.1526,54.34492,190
view,238,1.71206E+15,1.71206E+15,24.91242857,18.9045,50.50635,55.98767,140
view,239,1.71206E+15,1.71206E+15,23.67830769,14.135,49.5066,52.65252,130
view,240,1.71206E+15,1.71206E+15,17.55582353,13.026,38.1888,39.94176,170
view,241,1.71206E+15,1.71206E+15,26.62820833,12.613,75.5491,77.90827,240
view,242,1.71206E+15,1.71206E+15,19.5552,15.8605,36.4287,36.97374,100
view,243,1.71206E+15,1.71206E+15,27.29763158,24.36,51.5182,55.99804,190
view,244,1.71206E+15,1.71206E+15,24.22413333,17.685,50.4651,52.59702,150
view,245,1.71206E+15,1.71206E+15,29.13,32.764,43.1025,46.9413,110
view,246,1.71206E+15,1.71206E+15,28.5796875,32.0095,38.44,38.4856,160
view,247,1.71206E+15,1.71206E+15,22.7165,20.7045,39.20895,40.06739,120
view,248,1.71206E+15,1.71206E+15,25.18983333,14.3645,48.6637,49.47834,180
view,249,1.71206E+15,1.71206E+15,28.33646154,16.35,55.3774,62.56588,130
view,250,1.71206E+15,1.71206E+15,22.903875,16.9095,43.38375,53.75115,160
view,251,1.71206E+15,1.71206E+15,39.77118182,40.1575,59.2218,61.30508,220
view,252,1.71206E+15,1.71206E+15,39.39076923,40.116,61.71425,65.12475,260
view,253,1.71206E+15,1.71206E+15,49.8757,49.925,68.32055,69.81851,200
view,254,1.71206E+15,1.71206E+15,35.22417647,39.324,56.6882,58.18644,170
view,255,1.71206E+15,1.71206E+15,33.50163158,33.313,52.455,66.063,190
view,256,1.71206E+15,1.71206E+15,73.2143125,71.0505,122.49325,131.69065,160
view,257,1.71206E+15,1.71206E+15,45.65236364,47.2625,83.2463,87.24598,220
view,258,1.71206E+15,1.71206E+15,56.298,58.726,88.1338,100.82276,200
view,259,1.71206E+15,1.71206E+15,55.36126087,47.307,92.1855,93.03846,230
view,260,1.71206E+15,1.71206E+15,70.46355556,62.2985,110.875,121.4558,180
view,261,1.71206E+15,1.71206E+15,67.44426316,70.79,87.9182,90.01484,190
view,262,1.71206E+15,1.71206E+15,48.94663636,43.926,83.0025,97.9461,110
view,263,1.71206E+15,1.71206E+15,29.21627778,23.855,59.57885,62.96457,180
view,264,1.71206E+15,1.71206E+15,35.79425,29.3575,83.5943,92.06526,200
view,265,1.71206E+15,1.71206E+15,48.82205263,48.607,68.1144,75.22368,190
view,266,1.71206E+15,1.71206E+15,46.96578571,53.8915,60.06035,60.14407,140
view,267,1.71206E+15,1.71206E+15,44.72877778,46.2595,67.84935,68.91627,180
view,268,1.71206E+15,1.71206E+15,29.41925,24.5895,58.55975,66.28715,160
view,269,1.71206E+15,1.71206E+15,31.816,31.34,53.291,56.1038,130
view,270,1.71206E+15,1.71206E+15,20.55376471,19.583,32.1094,34.16828,170
view,271,1.71206E+15,1.71206E+15,31.07564,23.802,55.414,56.03092,250
view,272,1.71206E+15,1.71206E+15,26.43227273,23.672,43.804,46.7936,110
view,273,1.71206E+15,1.71206E+15,32.10966667,33.471,49.8146,53.75092,90
view,274,1.71206E+15,1.71206E+15,24.4311,18.021,50.81275,52.64815,200
view,275,1.71206E+15,1.71206E+15,24.325,15.037,55.1754,59.99508,190
view,276,1.71206E+15,1.71206E+15,14.92153846,13.58,20.074,20.5276,130
view,277,1.71206E+15,1.71206E+15,14.75754167,14.7455,18.4518,20.66188,240
view,278,1.71206E+15,1.71206E+15,16.1345,14.678,28.36085,33.10657,180
view,279,1.71206E+15,1.71206E+15,14.91361538,14.511,21.6118,27.00796,130
view,280,1.71206E+15,1.71206E+15,26.53214286,22.509,48.146,61.61,210
view,281,1.71206E+15,1.71206E+15,34.407375,30.5025,68.98025,69.51125,160
view,282,1.71206E+15,1.71206E+15,25.9528,24.277,45.9869,51.88538,150
view,283,1.71206E+15,1.71206E+15,24.99452632,21.615,45.7051,49.04662,190
view,284,1.71206E+15,1.71206E+15,29.95683333,26.3765,54.98795,56.05759,180
view,285,1.71206E+15,1.71206E+15,46.70576471,51.637,62.2522,63.08164,170
view,286,1.71206E+15,1.71206E+15,31.8466875,20.7,81.054,84.7068,160
view,287,1.71206E+15,1.71206E+15,49.4630625,56.0795,66.633,66.9066,160
view,288,1.71206E+15,1.71206E+15,47.64283333,53.7735,59.3999,60.47838,180
view,289,1.71206E+15,1.71206E+15,67.74885714,63.523,106.36745,124.30069,140
view,290,1.71206E+15,1.71206E+15,38.33714286,29.263,68.7732,76.42344,140
view,291,1.71206E+15,1.71206E+15,39.0501875,34.903,68.64125,72.75305,160
view,292,1.71206E+15,1.71206E+15,50.88021053,52.955,71.2117,71.52634,190
view,293,1.71206E+15,1.71206E+15,37.32111765,38.554,54.8316,56.65112,170
view,294,1.71206E+15,1.71206E+15,38.69786667,37.968,59.7997,60.56634,150
view,295,1.71206E+15,1.71206E+15,30.84190909,29.566,50.297,51.9882,110
view,296,1.71206E+15,1.71206E+15,26.60911765,25.572,37.979,39.0606,170
view,297,1.71206E+15,1.71206E+15,22.56223077,18.226,39.3358,40.03516,130
view,298,1.71206E+15,1.71206E+15,36.00147619,35.379,64.385,68.9786,210
view,299,1.71206E+15,1.71206E+15,30.65563158,29.994,52.4522,53.20244,190
view,300,1.71206E+15,1.71206E+15,27.68688889,22.8285,49.18365,49.76233,180
view,301,1.71206E+15,1.71206E+15,20.40927273,18.606,31.594,33.5164,110
view,302,1.71206E+15,1.71206E+15,14.0796,13.8915,17.5402,19.80804,200
view,303,1.71206E+15,1.71206E+15,19.77568966,15.456,35.9582,39.12412,290
view,304,1.71206E+15,1.71206E+15,23.89315789,20.855,44.6951,47.43902,190
view,305,1.71206E+15,1.71206E+15,24.33705556,18.748,42.83965,43.09193,180
view,306,1.71206E+15,1.71206E+15,28.51594444,34.3,44.0972,45.34024,180
view,307,1.71206E+15,1.71206E+15,19.01376471,15.095,38.0518,38.21116,170
view,308,1.71206E+15,1.71206E+15,27.81752941,26.863,49.3068,53.18776,170
view,309,1.71206E+15,1.71206E+15,17.33016667,15.152,28.1027,29.00294,120
view,310,1.71206E+15,1.71206E+15,14.172625,13.5635,17.2635,18.4863,160
view,311,1.71206E+15,1.71206E+15,13.83028571,13.5955,15.5798,15.73996,140
view,312,1.71206E+15,1.71206E+15,16.73719048,15.249,29.059,29.9094,210
view,313,1.71206E+15,1.71206E+15,25.18641176,23.191,47.9968,54.46016,170
view,314,1.71206E+15,1.71206E+15,32.10983333,27.7155,52.9424,60.07968,180
view,315,1.71206E+15,1.71206E+15,49.5716,61.783,79.59235,89.72087,200
view,316,1.71206E+15,1.71206E+15,61.04770588,53.462,96.3912,157.76144,170
view,317,1.71206E+15,1.71206E+15,79.79052632,76.409,142.8887,153.73694,190
view,318,1.71206E+15,1.71206E+15,90.76528571,83.56,134.55945,136.70549,140
view,319,1.71206E+15,1.71206E+15,73.52368421,76.025,123.1225,130.0237,190
view,320,1.71206E+15,1.71206E+15,65.17022222,55.879,111.57195,130.67519,180
view,321,1.71206E+15,1.71206E+15,27.9305,20.5195,44.69505,45.20941,120
view,322,1.71206E+15,1.71206E+15,25.79266667,23.793,46.92,48.7784,210
view,323,1.71206E+15,1.71206E+15,22.1446875,17.769,40.54425,45.69525,160
view,324,1.71206E+15,1.71206E+15,28.54021053,25.902,53.129,53.6762,190
view,325,1.71206E+15,1.71206E+15,39.91658824,41.753,53.1914,56.09508,170
view,326,1.71206E+15,1.71206E+15,60.80771429,64.222,92.8417,94.73554,140
view,327,1.71206E+15,1.71206E+15,31.47061538,27.819,54.6132,55.95864,130
view,328,1.71206E+15,1.71206E+15,42.76485714,36.663,84.886,96.31,210
view,329,1.71206E+15,1.71206E+15,38.6062,37.415,68.4215,82.0323,150
view,330,1.71206E+15,1.71206E+15,56.1552,54.615,75.4012,96.313,250
view,331,1.71206E+15,1.71206E+15,44.33469231,43.911,61.043,66.0134,130
view,332,1.71206E+15,1.71206E+15,28.69292308,28.451,47.7518,49.27676,130
view,333,1.71206E+15,1.71206E+15,24.77176923,22.383,40.9798,45.00076,130
view,334,1.71206E+15,1.71206E+15,37.54338889,34.938,66.02115,71.80183,180
view,335,1.71206E+15,1.71206E+15,70.22095,76.7005,123.24385,126.19037,200
view,336,1.71206E+15,1.71206E+15,71.57892857,73.669,112.26255,120.41251,140
view,337,1.71206E+15,1.71206E+15,47.83217391,48.767,73.5801,78.6114,230
view,338,1.71206E+15,1.71206E+15,43.89585714,41.691,66.34495,68.49619,140
view,339,1.71206E+15,1.71206E+15,33.17447059,36.48,50.3814,54.76668,170
view,340,1.71206E+15,1.71206E+15,28.17242857,24.918,47.0384,49.07888,140
view,341,1.71206E+15,1.71206E+15,22.4659,14.281,46.99315,50.72743,100
view,342,1.71206E+15,1.71206E+15,27.59116667,27.523,54.4063,55.76766,180
view,343,1.71206E+15,1.71206E+15,33.24338462,24.764,58.2072,59.48304,130
view,344,1.71206E+15,1.71206E+15,32.38444444,29.513,57.98595,60.33399,180
view,345,1.71206E+15,1.71206E+15,32.69946667,28.751,50.2807,51.07534,150
view,346,1.71206E+15,1.71206E+15,24.2480625,24.04,38.6775,40.2315,160
view,347,1.71206E+15,1.71206E+15,45.02114286,49.7055,64.09585,71.89117,140
view,348,1.71206E+15,1.71206E+15,35.82778947,39.346,59.1706,59.39812,190
view,349,1.71206E+15,1.71206E+15,26.85107143,29.0005,36.46735,36.70707,140
view,350,1.71206E+15,1.71206E+15,14.48576923,13.248,21.5498,28.76036,130
view,351,1.71206E+15,1.71206E+15,13.01445455,13.186,14.555,14.5614,110
view,352,1.71206E+15,1.71206E+15,22.78808333,17.7645,47.82385,58.35437,120
view,353,1.71206E+15,1.71206E+15,17.608,13.352,38.2638,44.05836,130
view,354,1.71206E+15,1.71206E+15,20.86376471,17.072,37.1256,41.49872,170
view,355,1.71206E+15,1.71206E+15,15.52895,14.5085,22.6552,24.02624,200
view,356,1.71206E+15,1.71206E+15,18.39471429,14.3515,35.5161,63.12082,140
view,357,1.71206E+15,1.71206E+15,34.44675,29.1325,58.39025,62.63165,160
view,358,1.71206E+15,1.71206E+15,16.42346154,14.074,28.2458,35.44676,130
view,359,1.71206E+15,1.71206E+15,34.26866667,35.024,43.7843,43.80166,150
view,360,1.71206E+15,1.71206E+15,35.41685714,35.449,57.262,57.3252,210
view,361,1.71206E+15,1.71206E+15,37.30115,37.4025,56.28175,63.31555,200
view,362,1.71206E+15,1.71206E+15,31.41845455,27.9585,51.68095,54.86285,220
view,363,1.71206E+15,1.71206E+15,33.96030769,25.347,67.5724,80.56168,130
view,364,1.71206E+15,1.71206E+15,47.10833333,48.857,77.4182,86.26844,150
view,365,1.71206E+15,1.71206E+15,46.71186364,47.631,71.32995,74.16878,220
view,366,1.71206E+15,1.71206E+15,32.66746667,37.814,55.5269,59.88538,150
view,367,1.71206E+15,1.71206E+15,16.71694737,14.262,25.2303,31.59726,190
view,368,1.71206E+15,1.71206E+15,18.22515,15.619,27.563,28.9918,200
view,369,1.71206E+15,1.71206E+15,18.07166667,19.292,24.7508,24.99016,90
view,370,1.71206E+15,1.71206E+15,14.088375,13.746,16.29875,16.33895,160
view,371,1.71206E+15,1.71206E+15,14.73555,14.4425,17.12195,23.26199,200
view,372,1.71206E+15,1.71206E+15,21.68310526,20.091,35.3822,36.21884,190
view,373,1.71206E+15,1.71206E+15,19.519,16.377,35.8092,37.13864,150
view,374,1.71206E+15,1.71206E+15,14.50884615,13.378,19.7858,21.85316,130
view,375,1.71206E+15,1.71206E+15,13.5965,13.909,15.499,15.535,160
view,376,1.71206E+15,1.71206E+15,17.37277778,14.3285,29.28165,30.97553,180
view,377,1.71206E+15,1.71206E+15,17.985625,15.87,25.52425,25.76245,160
view,378,1.71206E+15,1.71206E+15,15.6929,13.8745,23.67475,25.00855,200
view,379,1.71206E+15,1.71206E+15,15.89811765,13.445,28.4204,33.29528,170
view,380,1.71206E+15,1.71206E+15,20.0764375,15.029,33.14225,33.28685,160
view,381,1.71206E+15,1.71206E+15,32.58084211,28.52,52.4896,55.94992,190
view,382,1.71206E+15,1.71206E+15,43.20630769,36.333,65.5188,67.28376,130
view,383,1.71206E+15,1.71206E+15,24.84428571,20.468,55.569,56.4194,210
view,384,1.71206E+15,1.71206E+15,50.01528571,36.865,91.511,99.9478,210
view,385,1.71206E+15,1.71206E+15,48.31784615,47.8475,75.6515,76.68975,260
view,386,1.71206E+15,1.71206E+15,28.5042,22.542,51.7424,62.28208,200
view,387,1.71206E+15,1.71206E+15,34.0838125,30.12,50.128,52.0072,160
view,388,1.71206E+15,1.71206E+15,39.59452941,36.432,79.0392,85.06224,170
view,389,1.71206E+15,1.71206E+15,31.95577778,26.468,54.9596,55.02552,90
view,390,1.71206E+15,1.71206E+15,14.434,14.681,17.2145,17.6573,110
view,391,1.71206E+15,1.71206E+15,17.32730769,13.986,36.5092,41.15224,130
view,392,1.71206E+15,1.71206E+15,22.75629412,16.842,48.6992,51.82944,170
view,393,1.71206E+15,1.71206E+15,55.0978,56.936,78.7741,93.57882,150
view,394,1.71206E+15,1.71206E+15,28.12958333,33.7635,47.00435,54.79761,240
view,395,1.71206E+15,1.71206E+15,27.82183333,26.836,51.1756,52.26632,180
view,396,1.71206E+15,1.71206E+15,31.624,30.616,48.0198,51.46556,170
view,397,1.71206E+15,1.71206E+15,31.7295,35.5345,54.25725,55.34185,120
view,398,1.71206E+15,1.71206E+15,18.04672727,15.848,31.9705,32.9205,110
view,399,1.71206E+15,1.71206E+15,18.22278571,15.7325,28.53465,30.66613,140
view,400,1.71206E+15,1.71206E+15,24.5931875,23.184,34.82775,35.78235,160
view,401,1.71206E+15,1.71206E+15,34.06305263,36.668,48.0382,49.32124,190
view,402,1.71206E+15,1.71206E+15,32.52281818,32.198,51.0185,52.8165,110
view,403,1.71206E+15,1.71206E+15,28.04775,30.384,42.26945,46.66109,120
view,404,1.71206E+15,1.71206E+15,33.94396,26.171,62.4042,64.14848,250
view,405,1.71206E+15,1.71206E+15,27.68455556,24.488,42.12785,43.62317,180
view,406,1.71206E+15,1.71206E+15,29.33930435,34.161,42.6826,44.08272,230
view,407,1.71206E+15,1.71206E+15,31.02126667,31.779,58.827,69.8142,150
view,408,1.71206E+15,1.71206E+15,32.90377778,28.272,65.3663,73.66366,180
view,409,1.71206E+15,1.71206E+15,16.8633125,13.604,30.53125,38.12305,160
view,410,1.71206E+15,1.71206E+15,35.37653333,33.661,62.0108,65.04936,150
view,411,1.71206E+15,1.71206E+15,44.45704545,42.164,73.7316,73.88988,220
view,412,1.71206E+15,1.71206E+15,21.35144444,15.857,41.6034,43.42708,90
view,413,1.71206E+15,1.71206E+15,52.54414815,43.904,105.5088,107.54686,270
view,414,1.71206E+15,1.71206E+15,74.85066667,66.755,135.1278,140.35036,150
view,415,1.71206E+15,1.71206E+15,66.816,66.342,105.7992,116.06304,130
view,416,1.71206E+15,1.71206E+15,37.75522222,41.421,60.4772,61.63464,90
view,417,1.71206E+15,1.71206E+15,35.85333333,35.2105,53.1631,57.02542,120
view,418,1.71206E+15,1.71206E+15,26.33005556,29.0985,39.0191,42.75502,180
view,419,1.71206E+15,1.71206E+15,34.81145455,28.2535,78.5554,85.99395,220
view,420,1.71206E+15,1.71206E+15,46.08585,48.801,69.87755,81.14911,200
view,421,1.71206E+15,1.71206E+15,21.736,14.917,42.4457,48.09074,70
view,422,1.71206E+15,1.71206E+15,30.63983333,26.8875,66.4082,75.61948,240
view,423,1.71206E+15,1.71206E+15,26.62706667,23.916,45.4707,48.55574,150
view,424,1.71206E+15,1.71206E+15,25.04364286,21.718,44.7381,58.45882,140
view,425,1.71206E+15,1.71206E+15,21.59163158,20.871,31.9217,32.09234,190
view,426,1.71206E+15,1.71206E+15,13.94038462,11.83,21.0826,21.38452,130
view,427,1.71206E+15,1.71206E+15,13.16133333,12.6765,15.6878,17.53196,180
view,428,1.71206E+15,1.71206E+15,25.37657895,14.593,83.411,85.5494,190
view,429,1.71206E+15,1.71206E+15,35.36166667,32.642,61.7,68.5096,210
view,430,1.71206E+15,1.71206E+15,25.95146154,16.521,48.6036,51.41352,130
view,431,1.71206E+15,1.71206E+15,21.55510526,15.295,39.2189,39.65018,190
view,432,1.71206E+15,1.71206E+15,16.5585,14.923,24.5335,28.5355,160
view,433,1.71206E+15,1.71206E+15,23.39209524,20.536,42.541,58.1506,210
view,434,1.71206E+15,1.71206E+15,32.22864706,30.262,66.701,69.8466,170
view,435,1.71206E+15,1.71206E+15,26.02642857,22.368,46.786,49.7676,210
view,436,1.71206E+15,1.71206E+15,19.90409091,14.029,43.568,54.5576,110
view,437,1.71206E+15,1.71206E+15,28.695,25.27,49.253,51.713,260
view,438,1.71206E+15,1.71206E+15,54.71277778,55.8845,75.37245,79.37289,180
view,439,1.71206E+15,1.71206E+15,24.75990909,17.311,50.5435,58.1351,110
view,440,1.71206E+15,1.71206E+15,25.95569231,17.798,58.697,64.3562,130
view,441,1.71206E+15,1.71206E+15,21.31696,19.021,31.7034,37.3236,250
view,442,1.71206E+15,1.71206E+15,24.13546154,16.246,43.875,45.2646,130
view,443,1.71206E+15,1.71206E+15,26.94026667,13.765,64.7472,65.52784,150
view,444,1.71206E+15,1.71206E+15,21.90059091,20.346,35.48525,36.76234,220
view,445,1.71206E+15,1.71206E+15,31.09604167,30.516,45.70645,48.59708,240
view,446,1.71206E+15,1.71206E+15,18.62876923,17.203,26.1214,27.30748,130
view,447,1.71206E+15,1.71206E+15,16.51878947,16.256,23.5669,23.58778,190
view,448,1.71206E+15,1.71206E+15,43.25036364,42.281,63.554,66.0412,110
view,449,1.71206E+15,1.71206E+15,19.62583333,16.8885,39.01705,39.28021,180
view,450,1.71206E+15,1.71206E+15,20.05442857,13.471,44.90805,46.49041,140
view,451,1.71206E+15,1.71206E+15,18.61292308,18.021,29.91,37.1724,130
view,452,1.71206E+15,1.71206E+15,24.37273333,21.207,46.07,46.294,150
view,453,1.71206E+15,1.71206E+15,18.78066667,13.6825,44.422,47.4052,120
view,454,1.71206E+15,1.71206E+15,37.29078947,42.295,56.4258,56.84916,190
view,455,1.71206E+15,1.71206E+15,35.08626667,37.614,58.7181,68.70122,150
view,456,1.71206E+15,1.71206E+15,56.89785714,57.1035,75.72355,87.36791,140
view,457,1.71206E+15,1.71206E+15,75.83966667,90.957,112.6575,147.7795,180
view,458,1.71206E+15,1.71206E+15,69.30753846,70.73,137.9624,150.01328,130
view,459,1.71206E+15,1.71206E+15,71.55864706,63.059,107.1428,112.43176,170
view,460,1.71206E+15,1.71206E+15,59.4924375,52.5995,106.1915,118.5599,160
view,461,1.71206E+15,1.71206E+15,41.9504,48.165,65.7053,66.42746,100
view,462,1.71206E+15,1.71206E+15,38.34333333,27.707,78.5076,83.01192,180
view,463,1.71206E+15,1.71206E+15,27.976,20.355,56.4026,57.27172,150
view,464,1.71206E+15,1.71206E+15,14.20381818,12.587,19.311,21.8678,110
view,465,1.71206E+15,1.71206E+15,40.80346667,34.472,77.0013,79.05706,150
view,466,1.71206E+15,1.71206E+15,42.74068421,48.607,78.7633,83.18626,190
view,467,1.71206E+15,1.71206E+15,43.72554167,41.0365,78.15855,87.10292,240
view,468,1.71206E+15,1.71206E+15,63.713,63.407,91.48475,122.51375,160
view,469,1.71206E+15,1.71206E+15,59.764,53.84,113.9485,120.45112,220
view,470,1.71206E+15,1.71206E+15,52.35536364,49.862,63.8585,66.3829,110
view,471,1.71206E+15,1.71206E+15,63.19321053,68.805,100.8627,103.00614,190
view,472,1.71206E+15,1.71206E+15,43.93753333,42.046,70.5192,71.08144,150
view,473,1.71206E+15,1.71206E+15,46.944125,48.3645,82.33175,84.48875,160
view,474,1.71206E+15,1.71206E+15,64.64746667,64.339,94.0161,94.11522,150
view,475,1.71206E+15,1.71206E+15,58.21917647,64.481,76.6832,83.90944,170
view,476,1.71206E+15,1.71206E+15,56.76984615,56.763,84.1334,91.99628,130
view,477,1.71206E+15,1.71206E+15,47.32930769,51.974,75.7496,84.39872,130
view,478,1.71206E+15,1.71206E+15,45.00863636,47.9635,63.11595,67.02193,220
view,479,1.71206E+15,1.71206E+15,41.07345455,41.739,68.857,69.685,110
view,480,1.71206E+15,1.71206E+15,22.12426316,21.975,36.4182,41.27964,190
view,481,1.71206E+15,1.71206E+15,29.1186875,26.4635,59.0035,63.2599,160
view,482,1.71206E+15,1.71206E+15,13.57786667,11.908,20.0029,21.75738,150
view,483,1.71206E+15,1.71206E+15,15.5318125,13.4495,29.45425,31.04365,160
view,484,1.71206E+15,1.71206E+15,21.42305882,20.206,39.463,59.8022,170
view,485,1.71206E+15,1.71206E+15,24.3009,18.883,48.3094,50.86908,200
view,486,1.71206E+15,1.71206E+15,21.3331875,24.5175,33.091,40.591,160
view,487,1.71206E+15,1.71206E+15,12.49715385,11.666,16.5602,19.43684,130
view,488,1.71206E+15,1.71206E+15,15.771125,11.8485,31.48125,33.82425,160
view,489,1.71206E+15,1.71206E+15,41.13266667,40.0045,76.78055,80.53771,120
view,490,1.71206E+15,1.71206E+15,29.313625,31.658,56.433,63.0522,160
view,491,1.71206E+15,1.71206E+15,36.58315,35.8055,63.96535,65.44507,200
view,492,1.71206E+15,1.71206E+15,24.85269231,24.48,45.1766,46.49372,130
view,493,1.71206E+15,1.71206E+15,48.70436364,54.312,64.261,66.1186,110
view,494,1.71206E+15,1.71206E+15,15.96266667,12.271,31.81985,32.03677,180
view,495,1.71206E+15,1.71206E+15,18.16261111,14.2275,32.1249,32.42818,180
view,496,1.71206E+15,1.71206E+15,24.721,23.491,40.729,45.2506,210
view,497,1.71206E+15,1.71206E+15,42.61504,41.091,68.4918,69.27712,250
view,498,1.71206E+15,1.71206E+15,71.91288462,76.1405,105.55875,110.008,260
view,499,1.71206E+15,1.71206E+15,66.5641,59.0935,100.706,102.454,200
view,500,1.71206E+15,1.71206E+15,58.06377778,64.5295,78.2145,86.4765,180
add,0,1.71206E+15,1.71206E+15,0,0,0,0,0
add,1,1.71206E+15,1.71206E+15,0,0,0,0,0
add,2,1.71206E+15,1.71206E+15,0,0,0,0,0
add,3,1.71206E+15,1.71206E+15,0,0,0,0,0
add,4,1.71206E+15,1.71206E+15,0,0,0,0,0
add,5,1.71206E+15,1.71206E+15,0,0,0,0,0
add,6,1.71206E+15,1.71206E+15,0,0,0,0,0
add,7,1.71206E+15,1.71206E+15,0,0,0,0,0
add,8,1.71206E+15,1.71206E+15,0,0,0,0,0
add,9,1.71206E+15,1.71206E+15,0,0,0,0,0
add,10,1.71206E+15,1.71206E+15,0,0,0,0,0
add,11,1.71206E+15,1.71206E+15,0,0,0,0,0
add,12,1.71206E+15,1.71206E+15,0,0,0,0,0
add,13,1.71206E+15,1.71206E+15,0,0,0,0,0
add,14,1.71206E+15,1.71206E+15,0,0,0,0,0
add,15,1.71206E+15,1.71206E+15,2.247,2.247,2.247,2.247,10
add,16,1.71206E+15,1.71206E+15,2.4513,2.31,3.17455,3.23251,100
add,17,1.71206E+15,1.71206E+15,11.80845455,9.844,19.5615,20.8387,110
add,18,1.71206E+15,1.71206E+15,9.991346154,7.1805,22.27425,25.35325,260
add,19,1.71206E+15,1.71206E+15,2.59,2.384,3.5277,3.74154,190
add,20,1.71206E+15,1.71206E+15,2.708055556,2.574,3.5734,4.22348,180
add,21,1.71206E+15,1.71206E+15,2.791764706,2.377,6.0906,6.70052,170
add,22,1.71206E+15,1.71206E+15,6.530888889,4.957,12.0912,14.00064,180
add,23,1.71206E+15,1.71206E+15,2.6835,2.477,3.5725,3.8137,160
add,24,1.71206E+15,1.71206E+15,2.559727273,2.384,3.438,3.6452,110
add,25,1.71206E+15,1.71206E+15,2.877166667,2.549,4.06465,5.66157,240
add,26,1.71206E+15,1.71206E+15,2.790857143,2.781,3.91935,4.21107,140
add,27,1.71206E+15,1.71206E+15,3.430647059,2.542,6.3744,6.78848,170
add,28,1.71206E+15,1.71206E+15,2.695857143,2.4375,3.9174,4.70988,140
add,29,1.71206E+15,1.71206E+15,2.533866667,2.373,3.2486,3.97212,150
add,30,1.71206E+15,1.71206E+15,2.390761905,2.271,3.411,3.5126,210
add,31,1.71206E+15,1.71206E+15,2.610277778,2.425,3.4431,3.80622,180
add,32,1.71206E+15,1.71206E+15,2.5337,2.3935,3.5009,4.04018,100
add,33,1.71206E+15,1.71206E+15,7.506619048,6.545,14.58,14.768,210
add,34,1.71206E+15,1.71206E+15,2.799842105,2.364,4.4752,5.62864,190
add,35,1.71206E+15,1.71206E+15,2.405642857,2.299,3.25055,3.59011,140
add,36,1.71206E+15,1.71206E+15,2.532333333,2.396,3.60835,3.73687,180
add,37,1.71206E+15,1.71206E+15,2.53855,2.289,2.9854,5.62108,200
add,38,1.71206E+15,1.71206E+15,2.472409091,2.3235,3.34,3.40371,220
add,39,1.71206E+15,1.71206E+15,15.51358333,22.4475,28.0905,29.0013,120
add,40,1.71206E+15,1.71206E+15,23.18706667,23.202,36.3799,44.30558,150
add,41,1.71206E+15,1.71206E+15,102.2256,98.3325,180.25045,181.62529,100
add,42,1.71206E+15,1.71206E+15,118.4564211,108.869,172.317,208.7778,190
add,43,1.71206E+15,1.71206E+15,83.7006875,78.542,128.8075,142.0471,160
add,44,1.71206E+15,1.71206E+15,22.51942857,20.099,46.66615,54.87643,140
add,45,1.71206E+15,1.71206E+15,3.10452381,2.91,5.059,5.087,210
add,46,1.71206E+15,1.71206E+15,2.984235294,2.486,5.0266,7.31332,170
add,47,1.71206E+15,1.71206E+15,2.257368421,2.151,2.7296,2.94992,190
add,48,1.71206E+15,1.71206E+15,2.4814,2.182,3.6636,4.08472,150
add,49,1.71206E+15,1.71206E+15,2.256,2.337,2.4563,2.46246,150
add,50,1.71206E+15,1.71206E+15,2.4246,2.333,2.8584,2.89648,150
add,51,1.71206E+15,1.71206E+15,2.767333333,2.274,4.4588,6.20376,150
add,52,1.71206E+15,1.71206E+15,2.679230769,2.623,3.5396,4.08152,130
add,53,1.71206E+15,1.71206E+15,2.660333333,2.502,3.7036,4.53352,150
add,54,1.71206E+15,1.71206E+15,2.358818182,2.153,3.348,3.6304,110
add,55,1.71206E+15,1.71206E+15,2.630083333,2.533,3.87695,4.00499,120
add,56,1.71206E+15,1.71206E+15,3.210722222,2.568,6.7492,7.46184,180
add,57,1.71206E+15,1.71206E+15,4.251105263,2.36,12.4992,17.96544,190
add,58,1.71206E+15,1.71206E+15,2.7406875,2.621,3.68175,5.10435,160
add,59,1.71206E+15,1.71206E+15,2.621866667,2.324,3.8383,5.46846,150
add,60,1.71206E+15,1.71206E+15,2.768666667,2.288,4.77895,5.81339,120
add,61,1.71206E+15,1.71206E+15,2.846157895,2.321,4.8977,9.20114,190
add,62,1.71206E+15,1.71206E+15,2.850611111,2.45,5.27145,6.00789,180
add,63,1.71206E+15,1.71206E+15,2.364294118,2.308,2.7052,2.72504,170
add,64,1.71206E+15,1.71206E+15,2.799916667,2.635,3.98975,4.15475,120
add,65,1.71206E+15,1.71206E+15,2.434705882,2.39,2.9812,3.10984,170
add,66,1.71206E+15,1.71206E+15,2.451894737,2.243,3.665,4.8962,190
add,67,1.71206E+15,1.71206E+15,2.529833333,2.5335,3.10705,3.15419,240
add,68,1.71206E+15,1.71206E+15,2.279388889,2.2185,2.6632,2.70944,180
add,69,1.71206E+15,1.71206E+15,2.7516,2.6205,3.71555,4.10391,200
add,70,1.71206E+15,1.71206E+15,2.499533333,2.249,4.0059,4.01318,150
add,71,1.71206E+15,1.71206E+15,2.34285,2.167,2.9915,3.4703,200
add,72,1.71206E+15,1.71206E+15,2.2761875,2.2645,2.5335,2.8443,160
add,73,1.71206E+15,1.71206E+15,2.49995,2.2885,3.903,5.4534,200
add,74,1.71206E+15,1.71206E+15,2.462142857,2.4765,2.89265,2.90253,140
add,75,1.71206E+15,1.71206E+15,3.517294118,2.203,9.5944,10.36048,170
add,76,1.71206E+15,1.71206E+15,2.367571429,2.3775,2.68385,2.85597,140
add,77,1.71206E+15,1.71206E+15,2.4460625,2.289,3.34025,3.41045,160
add,78,1.71206E+15,1.71206E+15,2.73145,2.393,3.61465,5.88933,200
add,79,1.71206E+15,1.71206E+15,2.662210526,2.344,4.343,5.4518,190
add,80,1.71206E+15,1.71206E+15,2.414,2.268,3.1948,3.45016,150
add,81,1.71206E+15,1.71206E+15,2.970619048,2.312,5.186,5.5436,210
add,82,1.71206E+15,1.71206E+15,3.191636364,2.782,6.4015,6.5403,110
add,83,1.71206E+15,1.71206E+15,2.467043478,2.335,3.3312,3.73888,230
add,84,1.71206E+15,1.71206E+15,2.618777778,2.278,3.9806,5.84652,180
add,85,1.71206E+15,1.71206E+15,2.918666667,2.743,4.164,4.4728,60
add,86,1.71206E+15,1.71206E+15,2.5940625,2.348,3.76725,4.25985,160
add,87,1.71206E+15,1.71206E+15,2.556142857,2.411,3.202,4.1444,210
add,88,1.71206E+15,1.71206E+15,5.7265,5.2015,11.38965,13.83873,100
add,89,1.71206E+15,1.71206E+15,4.725555556,3.467,8.99265,9.63933,180
add,90,1.71206E+15,1.71206E+15,2.591529412,2.33,3.602,4.306,170
add,91,1.71206E+15,1.71206E+15,2.639176471,2.526,3.2132,3.40904,170
add,92,1.71206E+15,1.71206E+15,3.405842105,2.631,7.6426,10.28932,190
add,93,1.71206E+15,1.71206E+15,2.321071429,2.2295,2.8777,2.93074,140
add,94,1.71206E+15,1.71206E+15,2.295571429,2.242,2.814,2.8452,140
add,95,1.71206E+15,1.71206E+15,2.349705882,2.303,2.8276,2.90952,170
add,96,1.71206E+15,1.71206E+15,2.397631579,2.253,3.2329,3.31858,190
add,97,1.71206E+15,1.71206E+15,2.9323,2.245,6.1981,8.53882,100
add,98,1.71206E+15,1.71206E+15,2.4178,2.386,2.9101,3.21642,150
add,99,1.71206E+15,1.71206E+15,2.669894737,2.48,4.2528,5.51136,190
add,100,1.71206E+15,1.71206E+15,2.472666667,2.3305,3.00005,3.26321,180
add,101,1.71206E+15,1.71206E+15,3.08804,2.397,7.213,7.71412,250
add,102,1.71206E+15,1.71206E+15,2.489333333,2.261,3.642,3.9332,150
add,103,1.71206E+15,1.71206E+15,2.85,2.362,4.6912,9.97824,170
add,104,1.71206E+15,1.71206E+15,3.187538462,2.351,6.99725,7.25925,260
add,105,1.71206E+15,1.71206E+15,2.9665,2.5345,6.6377,8.41462,240
add,106,1.71206E+15,1.71206E+15,3.885235294,2.709,9.18,9.212,170
add,107,1.71206E+15,1.71206E+15,2.781888889,2.536,4.11395,5.03399,180
add,108,1.71206E+15,1.71206E+15,2.756764706,2.453,4.6876,4.76952,170
add,109,1.71206E+15,1.71206E+15,2.374833333,2.3,2.8394,3.28548,180
add,110,1.71206E+15,1.71206E+15,2.713090909,2.332,4.4425,5.2381,110
add,111,1.71206E+15,1.71206E+15,2.446037037,2.282,3.3447,3.45246,270
add,112,1.71206E+15,1.71206E+15,2.273090909,2.226,2.587,2.7182,110
add,113,1.71206E+15,1.71206E+15,2.897,2.605,3.768,6.1312,210
add,114,1.71206E+15,1.71206E+15,2.47952381,2.302,3.15,4.3844,210
add,115,1.71206E+15,1.71206E+15,2.222333333,2.218,2.4288,2.45696,120
add,116,1.71206E+15,1.71206E+15,2.625411765,2.38,3.8418,4.42996,170
add,117,1.71206E+15,1.71206E+15,2.513178571,2.373,3.09675,3.53197,280
add,118,1.71206E+15,1.71206E+15,3.285590909,2.484,6.00165,6.99266,220
add,119,1.71206E+15,1.71206E+15,2.369428571,2.267,2.8197,3.16394,140
add,120,1.71206E+15,1.71206E+15,3.531583333,2.6385,6.539,7.991,120
add,121,1.71206E+15,1.71206E+15,2.370941176,2.419,2.6846,2.72812,170
add,122,1.71206E+15,1.71206E+15,2.441833333,2.2855,3.2162,3.33764,120
add,123,1.71206E+15,1.71206E+15,2.827133333,2.281,4.8349,5.01578,150
add,124,1.71206E+15,1.71206E+15,2.36447619,2.285,2.895,3.0054,210
add,125,1.71206E+15,1.71206E+15,3.407,2.481,6.8454,11.03148,190
add,126,1.71206E+15,1.71206E+15,2.46325,2.256,3.27125,4.28465,160
add,127,1.71206E+15,1.71206E+15,3.432571429,2.3555,8.09755,9.70591,140
add,128,1.71206E+15,1.71206E+15,2.594470588,2.26,3.5202,5.73204,170
add,129,1.71206E+15,1.71206E+15,2.348315789,2.265,3.0704,3.13808,190
add,130,1.71206E+15,1.71206E+15,2.488111111,2.2235,3.83345,4.13469,180
add,131,1.71206E+15,1.71206E+15,2.565214286,2.327,4.0714,4.41668,140
add,132,1.71206E+15,1.71206E+15,2.763153846,2.606,3.5884,3.60808,130
add,133,1.71206E+15,1.71206E+15,2.900235294,2.323,6.2662,6.41084,170
add,134,1.71206E+15,1.71206E+15,2.278357143,2.2125,2.7011,2.70422,140
add,135,1.71206E+15,1.71206E+15,2.69895,2.2955,3.17005,8.61241,200
add,136,1.71206E+15,1.71206E+15,2.425217391,2.33,3.1165,3.13114,230
add,137,1.71206E+15,1.71206E+15,2.2968,2.279,2.64055,2.67931,200
add,138,1.71206E+15,1.71206E+15,2.327588235,2.32,2.716,2.7992,170
add,139,1.71206E+15,1.71206E+15,2.280333333,2.23,2.6044,2.62488,90
add,140,1.71206E+15,1.71206E+15,2.276105263,2.196,2.7832,2.95744,190
add,141,1.71206E+15,1.71206E+15,2.750105263,2.309,5.207,8.0942,190
add,142,1.71206E+15,1.71206E+15,2.413285714,2.284,3.29,3.2916,210
add,143,1.71206E+15,1.71206E+15,2.884,2.713,4.4974,5.82268,130
add,144,1.71206E+15,1.71206E+15,2.334470588,2.326,2.589,2.6242,170
add,145,1.71206E+15,1.71206E+15,2.518153846,2.519,3.065,3.269,130
add,146,1.71206E+15,1.71206E+15,2.296684211,2.252,2.8577,2.97794,190
add,147,1.71206E+15,1.71206E+15,2.525176471,2.451,3.1616,3.17312,170
add,148,1.71206E+15,1.71206E+15,2.834333333,2.392,5.6749,6.11898,150
add,149,1.71206E+15,1.71206E+15,2.575105263,2.347,3.506,4.1108,190
add,150,1.71206E+15,1.71206E+15,2.345,2.2075,3.2658,3.49636,120
add,151,1.71206E+15,1.71206E+15,2.414,2.342,3.0723,3.34896,240
add,152,1.71206E+15,1.71206E+15,2.259235294,2.227,2.617,2.681,170
add,153,1.71206E+15,1.71206E+15,4.057090909,2.725,9.747,10.7574,110
add,154,1.71206E+15,1.71206E+15,2.622266667,2.406,3.7941,5.14762,150
add,155,1.71206E+15,1.71206E+15,2.382157895,2.338,3.2148,3.50136,190
add,156,1.71206E+15,1.71206E+15,2.594058824,2.37,3.4606,4.50572,170
add,157,1.71206E+15,1.71206E+15,3.667333333,2.263,10.57465,11.83173,120
add,158,1.71206E+15,1.71206E+15,3.868791667,2.601,9.4591,10.0675,240
add,159,1.71206E+15,1.71206E+15,2.76156,2.519,4.0726,4.28984,250
add,160,1.71206E+15,1.71206E+15,2.5107,2.343,3.2257,3.23074,100
add,161,1.71206E+15,1.71206E+15,3.436473684,2.582,7.7391,8.97822,190
add,162,1.71206E+15,1.71206E+15,2.311409091,2.197,2.7772,2.87896,220
add,163,1.71206E+15,1.71206E+15,2.300083333,2.2235,2.62245,2.65809,120
add,164,1.71206E+15,1.71206E+15,2.379944444,2.258,3.2409,3.57138,180
add,165,1.71206E+15,1.71206E+15,2.4572,2.415,2.9117,3.36474,150
add,166,1.71206E+15,1.71206E+15,2.353125,2.3765,2.62275,2.65335,160
add,167,1.71206E+15,1.71206E+15,2.379125,2.3295,2.8215,2.9691,160
add,168,1.71206E+15,1.71206E+15,2.50275,2.511,2.898,2.9292,160
add,169,1.71206E+15,1.71206E+15,2.267285714,2.172,3.012,3.3344,210
add,170,1.71206E+15,1.71206E+15,2.5135,2.272,3.638,4.6052,160
add,171,1.71206E+15,1.71206E+15,2.509923077,2.205,3.6056,3.74192,130
add,172,1.71206E+15,1.71206E+15,2.551411765,2.374,3.4208,3.83296,170
add,173,1.71206E+15,1.71206E+15,2.973473684,2.556,5.0914,5.87188,190
add,174,1.71206E+15,1.71206E+15,2.305076923,2.263,2.8076,2.86712,130
add,175,1.71206E+15,1.71206E+15,2.606421053,2.357,4.5861,4.83882,190
add,176,1.71206E+15,1.71206E+15,2.614066667,2.251,3.5396,3.90472,150
add,177,1.71206E+15,1.71206E+15,2.395125,2.369,2.80425,3.02565,160
add,178,1.71206E+15,1.71206E+15,2.159285714,2.122,2.4675,2.5119,70
add,179,1.71206E+15,1.71206E+15,3.018705882,2.474,5.3274,6.00388,170
add,180,1.71206E+15,1.71206E+15,4.762571429,3.218,11.946,12.4156,210
add,181,1.71206E+15,1.71206E+15,2.4812,2.452,3.41195,3.44159,200
add,182,1.71206E+15,1.71206E+15,2.347117647,2.271,2.9358,3.05036,170
add,183,1.71206E+15,1.71206E+15,2.456642857,2.3945,3.10895,3.16979,140
add,184,1.71206E+15,1.71206E+15,2.408125,2.3045,3.15435,3.27508,240
add,185,1.71206E+15,1.71206E+15,2.742545455,2.437,4.3226,5.08965,220
add,186,1.71206E+15,1.71206E+15,2.971842105,2.479,5.4224,8.47088,190
add,187,1.71206E+15,1.71206E+15,2.451238095,2.338,3.137,4.0338,210
add,188,1.71206E+15,1.71206E+15,2.275,2.254,2.552,2.6304,90
add,189,1.71206E+15,1.71206E+15,2.457227273,2.3395,3.0018,3.09406,220
add,190,1.71206E+15,1.71206E+15,2.9409,2.7685,3.9217,3.92674,100
add,191,1.71206E+15,1.71206E+15,2.4356,2.444,2.70315,2.79423,100
add,192,1.71206E+15,1.71206E+15,2.513882353,2.348,3.4562,4.75284,170
add,193,1.71206E+15,1.71206E+15,2.92725,2.402,5.3103,5.71049,240
add,194,1.71206E+15,1.71206E+15,3.6133,2.5135,8.96965,9.20753,200
add,195,1.71206E+15,1.71206E+15,2.363833333,2.219,3.0447,3.29374,120
add,196,1.71206E+15,1.71206E+15,2.261,2.24,2.5186,2.67092,150
add,197,1.71206E+15,1.71206E+15,3.000217391,2.574,5.9022,7.0319,230
add,198,1.71206E+15,1.71206E+15,2.3655,2.365,2.60015,2.62643,100
add,199,1.71206E+15,1.71206E+15,3.024,2.4425,5.4198,8.91836,140
add,200,1.71206E+15,1.71206E+15,2.388235294,2.373,2.9092,3.38344,170
add,201,1.71206E+15,1.71206E+15,2.64,2.628,3.33775,3.52435,160
add,202,1.71206E+15,1.71206E+15,3.394,2.605,5.6286,5.83452,140
add,203,1.71206E+15,1.71206E+15,2.482363636,2.431,3.333,3.36975,220
add,204,1.71206E+15,1.71206E+15,2.4224,2.177,3.222,3.2332,150
add,205,1.71206E+15,1.71206E+15,2.413117647,2.368,2.9744,3.55168,170
add,206,1.71206E+15,1.71206E+15,3.417571429,2.4915,8.2901,8.86522,140
add,207,1.71206E+15,1.71206E+15,2.542384615,2.358,3.599,3.9686,130
add,208,1.71206E+15,1.71206E+15,2.675928571,2.349,4.20175,5.86835,140
add,209,1.71206E+15,1.71206E+15,2.247466667,2.228,2.5163,2.62886,150
add,210,1.71206E+15,1.71206E+15,2.723,2.314,4.09765,4.16993,140
add,211,1.71206E+15,1.71206E+15,2.919222222,2.615,4.0708,5.16696,180
add,212,1.71206E+15,1.71206E+15,2.82372,2.302,6.9654,8.216,250
add,213,1.71206E+15,1.71206E+15,2.546666667,2.503,3.2042,3.31844,150
add,214,1.71206E+15,1.71206E+15,3.172055556,2.6525,5.5683,6.22246,180
add,215,1.71206E+15,1.71206E+15,2.526916667,2.3665,3.4619,4.06118,120
add,216,1.71206E+15,1.71206E+15,2.483583333,2.428,3.1298,3.55396,120
add,217,1.71206E+15,1.71206E+15,3.444214286,2.5675,9.03715,9.07303,140
add,218,1.71206E+15,1.71206E+15,3.372333333,2.404,7.8072,10.09984,150
add,219,1.71206E+15,1.71206E+15,2.344,2.2325,2.9122,3.22724,120
add,220,1.71206E+15,1.71206E+15,2.333176471,2.219,2.8958,2.91116,170
add,221,1.71206E+15,1.71206E+15,2.503090909,2.1915,3.47535,4.6206,220
add,222,1.71206E+15,1.71206E+15,2.601578947,2.56,2.9715,3.0183,190
add,223,1.71206E+15,1.71206E+15,2.651846154,2.219,4.7264,5.95088,130
add,224,1.71206E+15,1.71206E+15,3.046894737,2.43,5.6038,7.25836,190
add,225,1.71206E+15,1.71206E+15,3.476333333,2.2615,7.8699,9.10433,240
add,226,1.71206E+15,1.71206E+15,3.673888889,2.449,10.6797,11.64394,180
add,227,1.71206E+15,1.71206E+15,2.914411765,2.641,4.115,4.3742,170
add,228,1.71206E+15,1.71206E+15,3.136222222,2.6315,5.26125,8.50825,180
add,229,1.71206E+15,1.71206E+15,2.502388889,2.371,3.12105,3.42501,180
add,230,1.71206E+15,1.71206E+15,2.71755,2.488,3.91965,4.30953,200
add,231,1.71206E+15,1.71206E+15,2.896909091,2.615,4.621,5.5962,110
add,232,1.71206E+15,1.71206E+15,2.48955,2.379,3.03655,3.12091,200
add,233,1.71206E+15,1.71206E+15,2.735578947,2.423,4.1166,4.22892,190
add,234,1.71206E+15,1.71206E+15,3.54765,2.319,9.82425,9.94965,200
add,235,1.71206E+15,1.71206E+15,3.204111111,2.2775,7.62755,7.88391,180
add,236,1.71206E+15,1.71206E+15,2.703333333,2.347,3.256,7.5256,210
add,237,1.71206E+15,1.71206E+15,2.6528,2.343,4.0603,4.38006,150
add,238,1.71206E+15,1.71206E+15,2.43,2.33,2.864,3.1176,110
add,239,1.71206E+15,1.71206E+15,2.309526316,2.326,2.6871,2.75982,190
add,240,1.71206E+15,1.71206E+15,2.294454545,2.321,2.6265,2.7477,110
add,241,1.71206E+15,1.71206E+15,2.476521739,2.331,4.0342,4.0823,230
add,242,1.71206E+15,1.71206E+15,2.7598,2.324,4.7941,5.19562,150
add,243,1.71206E+15,1.71206E+15,3.248,3.037,4.8116,5.32232,170
add,244,1.71206E+15,1.71206E+15,8.7341,5.957,20.25525,20.79105,200
add,245,1.71206E+15,1.71206E+15,4.5828125,3.0075,14.249,16.6322,160
add,246,1.71206E+15,1.71206E+15,3.111588235,2.338,5.9004,10.43928,170
add,247,1.71206E+15,1.71206E+15,2.709285714,2.493,3.8232,4.30784,140
add,248,1.71206E+15,1.71206E+15,3.153666667,2.444,7.8486,8.10732,150
add,249,1.71206E+15,1.71206E+15,2.463347826,2.385,2.8777,3.1063,230
add,250,1.71206E+15,1.71206E+15,2.58026087,2.44,3.7418,3.83334,230
add,251,1.71206E+15,1.71206E+15,2.404,2.229,3.487,3.8958,150
add,252,1.71206E+15,1.71206E+15,3.284882353,2.816,6.008,6.1264,170
add,253,1.71206E+15,1.71206E+15,3.246,2.5185,6.082,6.6172,160
add,254,1.71206E+15,1.71206E+15,2.931263158,2.673,4.2329,5.42738,190
add,255,1.71206E+15,1.71206E+15,2.505285714,2.298,3.14,3.1752,210
add,256,1.71206E+15,1.71206E+15,2.675095238,2.536,4.42,4.4616,210
add,257,1.71206E+15,1.71206E+15,4.587,2.672,11.97755,12.53551,140
add,258,1.71206E+15,1.71206E+15,2.5468,2.495,3.0756,3.07992,100
add,259,1.71206E+15,1.71206E+15,3.103894737,3.222,4.1671,4.18942,190
add,260,1.71206E+15,1.71206E+15,2.749823529,2.294,5.292,7.164,170
add,261,1.71206E+15,1.71206E+15,7.927214286,2.912,20.75055,21.48531,140
add,262,1.71206E+15,1.71206E+15,3.865416667,3.027,8.0583,11.39966,120
add,263,1.71206E+15,1.71206E+15,2.889066667,2.494,4.0403,4.15846,150
add,264,1.71206E+15,1.71206E+15,4.575375,2.764,11.22325,11.22865,160
add,265,1.71206E+15,1.71206E+15,2.5644375,2.3665,3.4395,3.7887,160
add,266,1.71206E+15,1.71206E+15,2.553333333,2.39,3.5801,3.68482,150
add,267,1.71206E+15,1.71206E+15,3.253904762,2.723,7.317,8.8738,210
add,268,1.71206E+15,1.71206E+15,3.054,2.763,4.5506,5.65332,170
add,269,1.71206E+15,1.71206E+15,2.49696,2.431,3.2634,3.66704,250
add,270,1.71206E+15,1.71206E+15,3.060391304,2.86,3.8438,6.86578,230
add,271,1.71206E+15,1.71206E+15,6.866214286,3.442,21.24455,25.72331,140
add,272,1.71206E+15,1.71206E+15,3.114,2.641,5.15645,6.88569,180
add,273,1.71206E+15,1.71206E+15,2.500777778,2.2245,4.1692,4.40584,180
add,274,1.71206E+15,1.71206E+15,3.1695,2.6905,4.76875,5.76655,160
add,275,1.71206E+15,1.71206E+15,5.405315789,2.638,11.6238,12.51516,190
add,276,1.71206E+15,1.71206E+15,3.371052632,3.085,5.818,6.7036,190
add,277,1.71206E+15,1.71206E+15,3.17525,2.912,4.607,4.8302,160
add,278,1.71206E+15,1.71206E+15,2.66825,2.3595,4.00525,4.21705,160
add,279,1.71206E+15,1.71206E+15,3.052545455,3.042,4.2305,4.2749,110
add,280,1.71206E+15,1.71206E+15,8.8821875,4.719,21.71725,45.85465,160
add,281,1.71206E+15,1.71206E+15,16.08241667,16.0725,28.3783,28.40206,120
add,282,1.71206E+15,1.71206E+15,5.273703704,2.723,15.1194,18.78068,270
add,283,1.71206E+15,1.71206E+15,2.970090909,2.829,4.171,4.2126,110
add,284,1.71206E+15,1.71206E+15,3.312454545,2.965,5.38,5.4816,110
add,285,1.71206E+15,1.71206E+15,3.589176471,3.386,4.9588,5.32936,170
add,286,1.71206E+15,1.71206E+15,3.495125,3.4735,4.996,5.272,160
add,287,1.71206E+15,1.71206E+15,3.601090909,3.197,6.7116,6.93097,220
add,288,1.71206E+15,1.71206E+15,3.853952381,2.393,6.981,14.3978,210
add,289,1.71206E+15,1.71206E+15,3.58015,3.162,5.5788,8.14456,200
add,290,1.71206E+15,1.71206E+15,4.183,4.144,6.566,6.7508,160
add,291,1.71206E+15,1.71206E+15,12.66178571,7.1175,34.98325,39.93105,140
add,292,1.71206E+15,1.71206E+15,3.964588235,3.446,6.6662,9.01884,170
add,293,1.71206E+15,1.71206E+15,3.464923077,2.443,6.2406,6.58332,130
add,294,1.71206E+15,1.71206E+15,4.747,3.2335,11.5305,11.7069,160
add,295,1.71206E+15,1.71206E+15,3.28525,2.776,6.2585,6.4181,200
add,296,1.71206E+15,1.71206E+15,2.926666667,2.6765,4.10795,4.18479,180
add,297,1.71206E+15,1.71206E+15,3.3505,2.954,5.1419,5.57016,220
add,298,1.71206E+15,1.71206E+15,6.885866667,2.584,22.2837,22.31674,150
add,299,1.71206E+15,1.71206E+15,2.846210526,2.322,4.7728,5.34736,190
add,300,1.71206E+15,1.71206E+15,3.166055556,2.869,4.65965,5.00713,180
add,301,1.71206E+15,1.71206E+15,4.582,3.547,9.54355,12.60886,220
add,302,1.71206E+15,1.71206E+15,3.354714286,2.9855,5.6344,6.80128,140
add,303,1.71206E+15,1.71206E+15,2.844705882,2.731,4.01,4.2276,170
add,304,1.71206E+15,1.71206E+15,3.1524,3.2015,4.4641,4.67842,200
add,305,1.71206E+15,1.71206E+15,3.184384615,2.582,5.4382,6.34204,130
add,306,1.71206E+15,1.71206E+15,4.913466667,3.776,9.0826,9.99667,300
add,307,1.71206E+15,1.71206E+15,7.205090909,3.681,20.0726,21.86474,220
add,308,1.71206E+15,1.71206E+15,2.883888889,2.51,4.2112,4.51584,180
add,309,1.71206E+15,1.71206E+15,3.555173913,3.175,5.7263,6.80172,230
add,310,1.71206E+15,1.71206E+15,3.556,3.26,5.27595,6.11679,120
add,311,1.71206E+15,1.71206E+15,3.4746875,3.384,4.875,5.127,160
add,312,1.71206E+15,1.71206E+15,2.915684211,2.505,4.6713,4.81746,190
add,313,1.71206E+15,1.71206E+15,2.885588235,2.807,3.859,4.1758,170
add,314,1.71206E+15,1.71206E+15,2.719647059,2.613,3.9176,4.62352,170
add,315,1.71206E+15,1.71206E+15,2.898363636,2.6935,4.08605,4.10933,220
add,316,1.71206E+15,1.71206E+15,6.09704,3.192,18.9302,26.1238,250
add,317,1.71206E+15,1.71206E+15,6.31585,3.097,22.57735,26.33707,200
add,318,1.71206E+15,1.71206E+15,14.85445,10.1865,36.2893,37.12986,200
add,319,1.71206E+15,1.71206E+15,4.216083333,2.9255,10.0815,10.3059,120
add,320,1.71206E+15,1.71206E+15,3.000222222,2.594,4.5864,4.81488,180
add,321,1.71206E+15,1.71206E+15,3.531857143,2.986,6.233,6.8074,210
add,322,1.71206E+15,1.71206E+15,4.052611111,3.1215,8.48695,9.89659,180
add,323,1.71206E+15,1.71206E+15,3.199391304,3.324,4.5935,4.62964,230
add,324,1.71206E+15,1.71206E+15,3.298384615,3.213,4.8682,5.00644,130
add,325,1.71206E+15,1.71206E+15,7.631875,3.3,19.2725,22.7849,160
add,326,1.71206E+15,1.71206E+15,4.36268,2.98,12.7852,13.85268,250
add,327,1.71206E+15,1.71206E+15,4.22352381,3.183,8.922,9.0404,210
add,328,1.71206E+15,1.71206E+15,3.764944444,3.365,7.0864,7.81808,180
add,329,1.71206E+15,1.71206E+15,3.476,2.565,6.4283,10.31686,140
add,330,1.71206E+15,1.71206E+15,4.326928571,3.4385,8.7838,8.93356,140
add,331,1.71206E+15,1.71206E+15,2.986263158,2.577,5.1165,5.1273,190
add,332,1.71206E+15,1.71206E+15,3.928227273,3.1665,7.4376,7.87576,220
add,333,1.71206E+15,1.71206E+15,4.080388889,2.9545,9.3464,9.52048,180
add,334,1.71206E+15,1.71206E+15,3.8442,2.947,7.1126,10.65292,150
add,335,1.71206E+15,1.71206E+15,3.2092,2.701,5.4056,5.67904,250
add,336,1.71206E+15,1.71206E+15,2.873823529,2.483,4.2266,5.22372,170
add,337,1.71206E+15,1.71206E+15,3.204866667,3.331,4.5304,4.77568,150
add,338,1.71206E+15,1.71206E+15,3.241222222,2.6925,5.84865,6.01933,180
add,339,1.71206E+15,1.71206E+15,3.502380952,3.514,5.053,5.065,210
add,340,1.71206E+15,1.71206E+15,2.844375,2.4045,4.813,5.5546,160
add,341,1.71206E+15,1.71206E+15,2.978555556,2.5905,4.6724,5.02328,180
add,342,1.71206E+15,1.71206E+15,3.72235,2.9915,9.9613,11.45546,200
add,343,1.71206E+15,1.71206E+15,11.22570588,5.306,24.3126,24.78812,170
add,344,1.71206E+15,1.71206E+15,8.608653846,3.892,25.6445,29.047,260
add,345,1.71206E+15,1.71206E+15,6.254285714,4.1405,14.2503,15.21646,140
add,346,1.71206E+15,1.71206E+15,3.2185,3.1015,5.06825,5.28005,160
add,347,1.71206E+15,1.71206E+15,4.424928571,3.902,9.19035,9.65887,140
add,348,1.71206E+15,1.71206E+15,6.233,3.7115,17.4718,18.72667,240
add,349,1.71206E+15,1.71206E+15,3.579541667,3.2145,5.5693,6.06004,240
add,350,1.71206E+15,1.71206E+15,3.354818182,3.2815,5.61795,5.72758,220
add,351,1.71206E+15,1.71206E+15,5.773588235,3.522,17.1738,19.05476,170
add,352,1.71206E+15,1.71206E+15,3.500347826,2.898,6.4357,8.66152,230
add,353,1.71206E+15,1.71206E+15,4.385,4.043,7.2439,7.90638,150
add,354,1.71206E+15,1.71206E+15,3.655714286,3.2595,5.64715,6.45263,140
add,355,1.71206E+15,1.71206E+15,3.006944444,2.7185,4.353,4.965,180
add,356,1.71206E+15,1.71206E+15,2.752818182,2.525,3.855,4.099,110
add,357,1.71206E+15,1.71206E+15,9.967631579,5.02,26.9206,28.34332,190
add,358,1.71206E+15,1.71206E+15,5.676,3.131,14.833,16.2826,170
add,359,1.71206E+15,1.71206E+15,3.590052632,3.195,5.6232,6.12864,190
add,360,1.71206E+15,1.71206E+15,3.926058824,4.345,6.1898,6.58916,170
add,361,1.71206E+15,1.71206E+15,3.665571429,3.4655,5.84585,6.86037,140
add,362,1.71206E+15,1.71206E+15,4.700285714,3.525,11.243,12.2494,210
add,363,1.71206E+15,1.71206E+15,4.321222222,3.004,11.51205,13.66561,180
add,364,1.71206E+15,1.71206E+15,3.286181818,3.049,5.0935,5.6243,110
add,365,1.71206E+15,1.71206E+15,3.6624,3.095,7.0915,9.8775,150
add,366,1.71206E+15,1.71206E+15,3.140636364,2.937,4.274,4.5396,110
add,367,1.71206E+15,1.71206E+15,3.250642857,2.562,5.0963,5.53206,140
add,368,1.71206E+15,1.71206E+15,2.980071429,2.533,4.7768,5.29056,140
add,369,1.71206E+15,1.71206E+15,3.179235294,2.528,5.0236,5.17272,170
add,370,1.71206E+15,1.71206E+15,3.312954545,2.875,4.7405,6.7318,220
add,371,1.71206E+15,1.71206E+15,3.089307692,2.386,5.8062,6.17964,130
add,372,1.71206E+15,1.71206E+15,3.349782609,2.788,6.0949,6.25636,230
add,373,1.71206E+15,1.71206E+15,9.66145,4.028,26.2718,27.59116,200
add,374,1.71206E+15,1.71206E+15,2.7859,2.5,4.102,4.1628,200
add,375,1.71206E+15,1.71206E+15,3.385533333,2.617,6.707,6.9478,150
add,376,1.71206E+15,1.71206E+15,3.098,2.8845,4.16925,4.73145,160
add,377,1.71206E+15,1.71206E+15,3.557,3.0725,6.512,7.1504,160
add,378,1.71206E+15,1.71206E+15,5.000761905,3.317,11.547,16.7854,210
add,379,1.71206E+15,1.71206E+15,3.152466667,2.691,4.7799,5.41998,150
add,380,1.71206E+15,1.71206E+15,4.084722222,3.1925,9.7004,9.77928,180
add,381,1.71206E+15,1.71206E+15,27.15729412,28.801,53.057,53.5114,170
add,382,1.71206E+15,1.71206E+15,6.891833333,5.3005,16.11945,16.49977,240
add,383,1.71206E+15,1.71206E+15,3.64744,3.005,7.403,8.81104,250
add,384,1.71206E+15,1.71206E+15,3.674263158,3.389,5.8404,9.32088,190
add,385,1.71206E+15,1.71206E+15,7.083375,4.2945,19.81145,21.67097,240
add,386,1.71206E+15,1.71206E+15,2.941058824,2.687,4.1944,4.33648,170
add,387,1.71206E+15,1.71206E+15,2.905478261,2.613,4.0538,4.26638,230
add,388,1.71206E+15,1.71206E+15,3.7136875,2.6965,7.045,12.0322,160
add,389,1.71206E+15,1.71206E+15,3.0165,2.6045,4.4718,5.63596,180
add,390,1.71206E+15,1.71206E+15,4.5455,3.092,13.7178,15.44756,200
add,391,1.71206E+15,1.71206E+15,6.27624,3.143,20.042,20.4184,250
add,392,1.71206E+15,1.71206E+15,8.241714286,5.748,20.725,21.7634,210
add,393,1.71206E+15,1.71206E+15,3.30275,3.3375,4.4918,4.50236,120
add,394,1.71206E+15,1.71206E+15,3.386833333,2.7525,5.28395,5.28879,120
add,395,1.71206E+15,1.71206E+15,2.884722222,2.4525,4.6577,5.71714,180
add,396,1.71206E+15,1.71206E+15,4.816,3.684,10.2419,11.27798,70
add,397,1.71206E+15,1.71206E+15,3.425470588,2.598,6.8886,7.76412,170
add,398,1.71206E+15,1.71206E+15,4.54472,3.354,13.756,14.39308,250
add,399,1.71206E+15,1.71206E+15,2.890956522,2.538,4.7654,5.11712,230
add,400,1.71206E+15,1.71206E+15,3.4423125,2.9285,7.41175,8.23195,160
add,401,1.71206E+15,1.71206E+15,3.533083333,3.699,4.39395,4.44279,120
add,402,1.71206E+15,1.71206E+15,3.0526,2.86,4.61965,4.65993,200
add,403,1.71206E+15,1.71206E+15,2.919357143,2.8415,3.77935,3.92547,140
add,404,1.71206E+15,1.71206E+15,2.365142857,2.2615,2.9132,3.07544,140
add,405,1.71206E+15,1.71206E+15,3.537125,2.7245,6.89025,7.77885,160
add,406,1.71206E+15,1.71206E+15,6.560904762,5.117,14.049,15.3834,210
add,407,1.71206E+15,1.71206E+15,3.595454545,3.057,6.713,6.9178,110
add,408,1.71206E+15,1.71206E+15,3.745916667,4.048,4.55015,4.56203,120
add,409,1.71206E+15,1.71206E+15,3.226272727,3.0955,5.5424,5.66363,220
add,410,1.71206E+15,1.71206E+15,3.280666667,3.0805,4.7701,5.03322,120
add,411,1.71206E+15,1.71206E+15,2.86,2.423,4.41055,4.50051,140
add,412,1.71206E+15,1.71206E+15,3.020818182,3.031,4.18,4.2352,110
add,413,1.71206E+15,1.71206E+15,3.317947368,2.63,5.1165,5.2353,190
add,414,1.71206E+15,1.71206E+15,4.207380952,3.37,10.375,12.591,210
add,415,1.71206E+15,1.71206E+15,2.9702,2.615,4.1019,4.38358,150
add,416,1.71206E+15,1.71206E+15,5.866521739,3.824,18.2893,19.74798,230
add,417,1.71206E+15,1.71206E+15,4.9788,4.105,9.4063,9.55806,150
add,418,1.71206E+15,1.71206E+15,4.435263158,3.747,8.9529,9.85218,190
add,419,1.71206E+15,1.71206E+15,3.028466667,2.672,5.0546,5.26852,150
add,420,1.71206E+15,1.71206E+15,2.9235,2.36,4.2995,4.3575,60
add,421,1.71206E+15,1.71206E+15,2.959352941,3.051,3.7908,3.98856,170
add,422,1.71206E+15,1.71206E+15,3.717176471,2.878,7.4712,9.43344,170
add,423,1.71206E+15,1.71206E+15,3.4484,3.243,5.2696,6.90592,150
add,424,1.71206E+15,1.71206E+15,2.8909,2.4205,3.95295,4.00659,100
add,425,1.71206E+15,1.71206E+15,3.738947368,3.521,6.1917,6.43434,190
add,426,1.71206E+15,1.71206E+15,3.018294118,2.432,4.9688,6.01456,170
add,427,1.71206E+15,1.71206E+15,3.600111111,3.671,5.374,5.4428,90
add,428,1.71206E+15,1.71206E+15,3.3189375,2.6685,6.168,6.2904,160
add,429,1.71206E+15,1.71206E+15,2.955230769,2.889,4.0544,4.20608,130
add,430,1.71206E+15,1.71206E+15,3.261533333,2.949,5.2458,6.16756,150
add,431,1.71206E+15,1.71206E+15,3.06575,2.665,4.62925,4.64425,160
add,432,1.71206E+15,1.71206E+15,3.537772727,3.0685,6.72415,7.29024,220
add,433,1.71206E+15,1.71206E+15,3.389764706,3.16,4.3744,4.69568,170
add,434,1.71206E+15,1.71206E+15,2.965941176,2.697,4.0326,4.19132,170
add,435,1.71206E+15,1.71206E+15,3.050315789,2.977,4.0164,4.88328,190
add,436,1.71206E+15,1.71206E+15,2.824631579,2.502,4.4991,4.86702,190
add,437,1.71206E+15,1.71206E+15,3.8814,3.778,5.9342,6.04844,150
add,438,1.71206E+15,1.71206E+15,3.310761905,3.054,4.983,6.195,210
add,439,1.71206E+15,1.71206E+15,2.850833333,2.6325,4.18265,4.81493,120
add,440,1.71206E+15,1.71206E+15,2.9303,2.636,3.9905,4.3477,200
add,441,1.71206E+15,1.71206E+15,3.745923077,2.617,9.18,12.9995,260
add,442,1.71206E+15,1.71206E+15,3.660190476,3.341,7.033,7.2994,210
add,443,1.71206E+15,1.71206E+15,10.92659091,6.5025,24.4199,32.64434,220
add,444,1.71206E+15,1.71206E+15,4.5203,2.9915,12.0356,12.04472,200
add,445,1.71206E+15,1.71206E+15,3.832318182,3.6805,7.3246,7.92111,220
add,446,1.71206E+15,1.71206E+15,3.754,2.844,7.1114,7.86308,190
add,447,1.71206E+15,1.71206E+15,3.41225,2.5285,7.3442,9.80964,200
add,448,1.71206E+15,1.71206E+15,2.748,2.36,4.4564,4.70408,90
add,449,1.71206E+15,1.71206E+15,2.44925,2.402,3.1424,3.34128,120
add,450,1.71206E+15,1.71206E+15,2.612222222,2.3005,4.17635,4.40007,180
add,451,1.71206E+15,1.71206E+15,3.670769231,2.679,8.187,8.3214,130
add,452,1.71206E+15,1.71206E+15,6.616,3.2075,22.17765,31.66113,100
add,453,1.71206E+15,1.71206E+15,2.898,2.494,4.2032,5.30784,170
add,454,1.71206E+15,1.71206E+15,2.4656,2.435,3.0223,3.17406,150
add,455,1.71206E+15,1.71206E+15,3.2259,2.3095,5.92955,9.44911,200
add,456,1.71206E+15,1.71206E+15,2.5545625,2.238,4.029,4.2978,160
add,457,1.71206E+15,1.71206E+15,5.931277778,2.471,17.83475,21.61895,180
add,458,1.71206E+15,1.71206E+15,2.947666667,2.629,4.8755,5.0127,150
add,459,1.71206E+15,1.71206E+15,3.243166667,2.5225,5.8106,6.12212,120
add,460,1.71206E+15,1.71206E+15,2.7,2.429,4.05175,4.50155,140
add,461,1.71206E+15,1.71206E+15,3.50375,2.4335,9.45105,11.07709,240
add,462,1.71206E+15,1.71206E+15,2.958666667,2.3795,4.6902,6.19164,180
add,463,1.71206E+15,1.71206E+15,2.363571429,2.373,2.6574,2.84668,140
add,464,1.71206E+15,1.71206E+15,5.023294118,2.509,16.4758,17.31356,170
add,465,1.71206E+15,1.71206E+15,2.7156875,2.1965,4.79175,4.92555,160
add,466,1.71206E+15,1.71206E+15,4.173368421,2.388,12.9094,13.93468,190
add,467,1.71206E+15,1.71206E+15,3.199,2.5075,5.6214,5.97868,120
add,468,1.71206E+15,1.71206E+15,2.617722222,2.282,5.36095,5.38339,180
add,469,1.71206E+15,1.71206E+15,2.416666667,2.344,2.9908,3.01256,180
add,470,1.71206E+15,1.71206E+15,5.82875,2.4395,16.2275,21.3767,160
add,471,1.71206E+15,1.71206E+15,5.5188125,4.7345,9.43875,9.85095,160
add,472,1.71206E+15,1.71206E+15,2.463173913,2.22,3.83,3.92938,230
add,473,1.71206E+15,1.71206E+15,2.963,2.294,4.9837,5.23834,70
add,474,1.71206E+15,1.71206E+15,2.598769231,2.394,3.541,4.285,130
add,475,1.71206E+15,1.71206E+15,3.272526316,2.596,5.9728,5.99296,190
add,476,1.71206E+15,1.71206E+15,2.59925,2.32,4.26135,4.66747,120
add,477,1.71206E+15,1.71206E+15,2.679176471,2.467,3.8196,4.30792,170
add,478,1.71206E+15,1.71206E+15,2.886,2.3465,5.4137,7.95234,140
add,479,1.71206E+15,1.71206E+15,2.84275,2.608,4.7549,4.98138,200
add,480,1.71206E+15,1.71206E+15,3.084666667,2.229,5.8504,7.00528,90
add,481,1.71206E+15,1.71206E+15,11.35346667,9.017,27.2533,28.04906,150
add,482,1.71206E+15,1.71206E+15,2.747368421,2.334,5.3747,6.49574,190
add,483,1.71206E+15,1.71206E+15,3.317631579,2.456,8.8884,8.95608,190
add,484,1.71206E+15,1.71206E+15,3.061833333,2.355,6.4791,9.44382,120
add,485,1.71206E+15,1.71206E+15,2.398866667,2.336,2.7004,2.70488,150
add,486,1.71206E+15,1.71206E+15,2.355764706,2.252,2.8608,3.31456,170
add,487,1.71206E+15,1.71206E+15,4.358736842,2.547,13.7421,15.42042,190
add,488,1.71206E+15,1.71206E+15,2.9924375,2.144,7.98775,9.68395,160
add,489,1.71206E+15,1.71206E+15,2.315416667,2.277,2.62645,2.65329,120
add,490,1.71206E+15,1.71206E+15,2.803210526,2.638,5.1159,5.24478,190
add,491,1.71206E+15,1.71206E+15,5.536526316,2.241,15.3884,27.94088,190
add,492,1.71206E+15,1.71206E+15,2.988909091,2.354,6.2138,9.80112,330
add,493,1.71206E+15,1.71206E+15,3.525052632,2.424,10.0086,13.46892,190
add,494,1.71206E+15,1.71206E+15,2.257076923,2.188,2.5364,2.60408,130
add,495,1.71206E+15,1.71206E+15,2.56785,2.43,3.6917,3.79354,200
add,496,1.71206E+15,1.71206E+15,6.680166667,2.805,19.1564,21.99608,180
add,497,1.71206E+15,1.71206E+15,2.668583333,2.4085,4.3811,5.46262,120
add,498,1.71206E+15,1.71206E+15,2.528,2.303,3.6377,3.76587,220
add,499,1.71206E+15,1.71206E+15,4.946923077,2.317,17.9324,18.62168,130
add,500,1.71206E+15,1.71206E+15,4.684578947,2.589,10.5983,11.30606,190
