{"srv-usertimeline": {"real": {"readUserTimeline": 288.5444487961434, "composePost": 1105.4624986345755}, "wait": {"readUserTimeline": 1, "composePost": 14}}, "srv-hometimeline": {"real": {"readHomeTimeline": 95.65703066705514, "composePost": 1106.465859880782}, "wait": {"readHomeTimeline": 0, "composePost": 12}}, "srv-poststorage": {"real": {"composePost": 1490.3460553159643}, "wait": {"composePost": 0}}, "srv-text": {"real": {"Urlshorten": 405.70070052585453, "Userurl": 554.7858608647244, "UserMention": 201.6686977371238}, "wait": {"Urlshorten": 36, "Userurl": 567, "UserMention": 9}}, "srv-media": {"real": {"composePost": 557.1399574860819}, "wait": {"composePost": 0}}}