{"cartservice": {"real": {"add": 742.4026316058994, "browse": 757.5171775480501, "view": 748.3688997409589, "checkout": 1485.6007656298068}, "wait": {"add": 1, "browse": 0, "view": 0, "checkout": 0}}, "currencyservice": {"real": {"browse": 1515.852205070596, "checkout": 1484.6364658003856, "view": 1502.729664995221}, "wait": {"browse": 0, "checkout": 0, "view": 1}}, "productcatalogservice": {"real": {"add": 738.1034401293875, "browse": 2272.5398055679984, "checkout": 1481.3740018105696, "view": 1499.8563981304492}, "wait": {"add": 0, "browse": 12, "checkout": 5, "view": 3}}, "recommendationservice": {"real": {"browse": 758.7012770101168, "checkout": 742.402218923968, "view": 749.9554409638906}, "wait": {"browse": 0, "checkout": 0, "view": 1}}, "shippingservice": {"real": {"view": 751.602225383296, "checkout": 1486.3167454645618}, "wait": {"view": 0, "checkout": 0}}}