{"cartservice": {"real": {"add": 380.0408909215423, "browse": 1094.803989119171, "view": 764.057104969879, "checkout": 1509.2314250874847}, "wait": {"add": 0, "browse": 0, "view": 0, "checkout": 0}}, "currencyservice": {"real": {"browse": 2191.5578917107728, "checkout": 1512.9677928629817, "view": 1531.2489902550744}, "wait": {"browse": 13, "checkout": 1, "view": 1}}, "productcatalogservice": {"real": {"add": 378.00527492447304, "browse": 3283.3991309291373, "checkout": 1511.6236178104846, "view": 1523.5480744327078}, "wait": {"add": 0, "browse": 190, "checkout": 1, "view": 2}}, "recommendationservice": {"real": {"browse": 1094.4338100638304, "checkout": 754.1994387492712, "view": 761.552634858289}, "wait": {"browse": 10, "checkout": 1, "view": 9}}, "shippingservice": {"real": {"view": 765.7186108602127, "checkout": 1509.3721215632386}, "wait": {"view": 0, "checkout": 0}}}