{"cartservice": {"real": {"add": 570.076333164204, "browse": 1104.1499390769352, "view": 557.3460870642358, "checkout": 1509.1308931321757}, "wait": {"add": 1, "browse": 0, "view": 0, "checkout": 0}}, "currencyservice": {"real": {"browse": 2211.3042423321695, "checkout": 1503.9016710599753, "view": 1116.8886253203943}, "wait": {"browse": 0, "checkout": 0, "view": 2}}, "productcatalogservice": {"real": {"add": 572.243843470976, "browse": 3316.7475861498788, "checkout": 1501.9909637177739, "view": 1118.6392853953132}, "wait": {"add": 9, "browse": 141, "checkout": 22, "view": 5}}, "recommendationservice": {"real": {"browse": 1107.3860300024237, "checkout": 748.3949745035227, "view": 556.9728336145739}, "wait": {"browse": 0, "checkout": 0, "view": 0}}, "shippingservice": {"real": {"view": 561.7188810304639, "checkout": 1508.0541933397487}, "wait": {"view": 0, "checkout": 0}}}