{"cartservice": {"real": {"add": 746.9743266491568, "browse": 748.5653262799324, "view": 740.2125782183604, "checkout": 1503.8924009906611}, "wait": {"add": 3, "browse": 0, "view": 1, "checkout": 2}}, "currencyservice": {"real": {"browse": 1499.7770313137141, "checkout": 1501.1686589938831, "view": 1479.3002240197966}, "wait": {"browse": 1, "checkout": 0, "view": 3}}, "productcatalogservice": {"real": {"add": 747.3461823525229, "browse": 2247.8041866660346, "checkout": 1502.6449710615505, "view": 1479.9800429455122}, "wait": {"add": 1, "browse": 9, "checkout": 7, "view": 10}}, "recommendationservice": {"real": {"browse": 748.7167363697829, "checkout": 750.9036413352813, "view": 740.3667355924247}, "wait": {"browse": 0, "checkout": 0, "view": 0}}, "shippingservice": {"real": {"view": 739.5849295510877, "checkout": 1501.0334286401005}, "wait": {"view": 0, "checkout": 0}}}