checkout,0,1711696261054379,1711696261154379,0,0,0,0,0
checkout,1,1711696261154379,1711696261254379,0,0,0,0,0
checkout,2,1711696261254379,1711696261354379,0,0,0,0,0
checkout,3,1711696261354379,1711696261454379,0,0,0,0,0
checkout,4,1711696261454379,1711696261554379,0,0,0,0,0
checkout,5,1711696261554379,1711696261654379,0,0,0,0,0
checkout,6,1711696261654379,1711696261754379,0,0,0,0,0
checkout,7,1711696261754379,1711696261854379,0,0,0,0,0
checkout,8,1711696261854379,1711696261954379,0,0,0,0,0
checkout,9,1711696261954379,1711696262054379,0,0,0,0,0
checkout,10,1711696262054379,1711696262154379,0,0,0,0,0
checkout,11,1711696262154379,1711696262254379,0,0,0,0,0
checkout,12,1711696262254379,1711696262354379,0,0,0,0,0
checkout,13,1711696262354379,1711696262454379,0,0,0,0,0
checkout,14,1711696262454379,1711696262554379,46.781,46.781,46.781,46.781,10.0
checkout,15,1711696262554379,1711696262654379,18.262444444444448,15.72,28.3802,29.86404,90.0
checkout,16,1711696262654379,1711696262754379,15.475999999999997,13.546,22.29359999999999,25.045919999999995,130.0
checkout,17,1711696262754379,1711696262854379,50.7236875,48.908500000000004,80.19815,90.98613000000002,320.0
checkout,18,1711696262854379,1711696262954379,65.74824999999998,59.8395,96.47665,103.06812999999998,200.0
checkout,19,1711696262954379,1711696263054379,65.52253333333331,60.934,99.5705,102.1381,150.0
checkout,20,1711696263054379,1711696263154379,198.06476470588237,198.072,295.6885999999999,383.37052,170.0
checkout,21,1711696263154379,1711696263254379,362.50714705882353,357.6405,491.31064999999995,520.87035,340.0
checkout,22,1711696263254379,1711696263354379,433.0906956521739,404.167,676.0079999999999,740.8993,230.0
checkout,23,1711696263354379,1711696263454379,438.27993939393946,421.591,615.7217999999999,703.51684,330.0
checkout,24,1711696263454379,1711696263554379,481.85420000000005,443.751,683.0166,781.9980399999997,250.0
checkout,25,1711696263554379,1711696263654379,461.5586486486485,445.842,685.1326,704.35148,370.0
checkout,26,1711696263654379,1711696263754379,504.2254838709679,492.725,682.662,684.8267999999999,310.0
checkout,27,1711696263754379,1711696263854379,507.0308749999999,473.9705,821.7956999999999,929.18223,320.0
checkout,28,1711696263854379,1711696263954379,514.1637241379311,487.792,705.6089999999999,744.23332,290.0
checkout,29,1711696263954379,1711696264054379,492.75103703703707,473.741,706.8796,790.2703799999999,270.0
checkout,30,1711696264054379,1711696264154379,535.7014827586207,491.126,760.8999999999999,803.71176,290.0
checkout,31,1711696264154379,1711696264254379,511.7187916666667,514.4849999999999,677.82,684.60989,240.0
checkout,32,1711696264254379,1711696264354379,486.7051153846154,454.807,772.11,805.7855,260.0
checkout,33,1711696264354379,1711696264454379,507.7563055555554,499.7845,681.142,778.4133999999999,360.0
checkout,34,1711696264454379,1711696264554379,485.15846666666664,491.8185,626.44165,654.39851,300.0
checkout,35,1711696264554379,1711696264654379,544.9249677419356,526.679,705.313,1081.9999999999995,310.0
checkout,36,1711696264654379,1711696264754379,571.4272258064516,572.275,837.125,887.5020000000001,310.0
checkout,37,1711696264754379,1711696264854379,540.8400714285715,522.2005,755.421,825.3352600000001,280.0
checkout,38,1711696264854379,1711696264954379,562.799275862069,548.425,784.5853999999999,843.2693999999999,290.0
checkout,39,1711696264954379,1711696265054379,535.9173913043478,542.424,746.161,818.9611600000001,230.0
checkout,40,1711696265054379,1711696265154379,561.76248,546.899,863.4341999999992,954.4842399999999,250.0
checkout,41,1711696265154379,1711696265254379,586.7500714285715,560.7094999999999,940.3167999999996,1091.84469,280.0
checkout,42,1711696265254379,1711696265354379,594.3060909090908,587.844,857.6249499999999,958.2492399999999,220.0
checkout,43,1711696265354379,1711696265454379,565.9435925925926,553.383,683.4174,751.9949599999999,270.0
checkout,44,1711696265454379,1711696265554379,582.5418918918919,583.383,724.383,809.4778800000001,370.0
checkout,45,1711696265554379,1711696265654379,590.7622941176471,587.216,930.7480999999999,1030.4706600000002,340.0
checkout,46,1711696265654379,1711696265754379,624.6317741935485,608.814,956.929,1064.4468,310.0
checkout,47,1711696265754379,1711696265854379,602.6208947368422,612.579,997.5596999999999,1020.6695399999999,190.0
checkout,48,1711696265854379,1711696265954379,600.70421875,605.0675,850.45425,1016.1406600000003,320.0
checkout,49,1711696265954379,1711696266054379,672.9200625,657.011,995.68,1207.9723900000004,320.0
checkout,50,1711696266054379,1711696266154379,606.5419999999999,575.5944999999999,921.3540499999996,992.57454,300.0
checkout,51,1711696266154379,1711696266254379,647.1518965517241,649.914,831.9812,846.64336,290.0
checkout,52,1711696266254379,1711696266354379,651.8760500000001,650.3895,902.19635,929.0752699999999,200.0
checkout,53,1711696266354379,1711696266454379,620.1001176470587,596.601,857.66295,982.0167600000002,340.0
checkout,54,1711696266454379,1711696266554379,637.5019130434782,607.127,984.0120999999999,998.41048,230.0
checkout,55,1711696266554379,1711696266654379,645.375361111111,644.2835,982.2402500000001,1170.4156999999996,360.0
checkout,56,1711696266654379,1711696266754379,622.90775,622.893,922.5111999999998,1065.44583,240.0
checkout,57,1711696266754379,1711696266854379,646.1439130434782,623.315,1070.1533,1181.1602400000002,230.0
checkout,58,1711696266854379,1711696266954379,631.1700833333333,645.633,899.28395,1146.3015699999999,240.0
checkout,59,1711696266954379,1711696267054379,691.8004374999999,704.833,987.4638499999999,1099.86102,320.0
checkout,60,1711696267054379,1711696267154379,708.2669285714285,626.3435,1278.0172999999995,1351.6005899999996,420.0
checkout,61,1711696267154379,1711696267254379,680.25603125,607.2205,1123.5049,1254.5035,320.0
checkout,62,1711696267254379,1711696267354379,762.5255161290323,739.318,1080.9335,1221.9860999999999,310.0
checkout,63,1711696267354379,1711696267454379,738.3049411764705,757.389,980.7928499999998,1236.0123700000006,340.0
checkout,64,1711696267454379,1711696267554379,783.8786153846156,801.2355,1303.49275,1431.45725,260.0
checkout,65,1711696267554379,1711696267654379,749.1803181818182,698.5205,1384.0589999999997,1424.37069,220.0
checkout,66,1711696267654379,1711696267754379,816.1909189189188,819.556,1373.2031999999992,1618.7944000000002,370.0
checkout,67,1711696267754379,1711696267854379,851.3715294117646,826.095,1354.0424,1366.29328,170.0
checkout,68,1711696267854379,1711696267954379,750.2303170731707,709.463,1321.311,1460.9640000000002,410.0
checkout,69,1711696267954379,1711696268054379,747.1665333333333,694.1015,1129.0464999999995,1420.6835800000003,300.0
checkout,70,1711696268054379,1711696268154379,716.7619047619048,714.493,1000.17,1006.0532,210.0
checkout,71,1711696268154379,1711696268254379,820.3093333333333,914.665,1395.5273999999997,1480.02216,330.0
checkout,72,1711696268254379,1711696268354379,880.8105588235294,938.4975,1167.7568999999999,1322.3924700000002,340.0
checkout,73,1711696268354379,1711696268454379,815.341258064516,710.841,1564.2415,1867.3132999999996,310.0
checkout,74,1711696268454379,1711696268554379,818.2108333333334,796.2125,1179.5169999999996,1467.0413199999998,240.0
checkout,75,1711696268554379,1711696268654379,812.4710937499999,727.5185,1462.8976499999999,1737.0759000000005,320.0
checkout,76,1711696268654379,1711696268754379,752.8394545454546,683.215,1288.4959999999999,1540.6761199999999,330.0
checkout,77,1711696268754379,1711696268854379,802.2017575757576,742.756,1114.953,1434.8723599999998,330.0
checkout,78,1711696268854379,1711696268954379,913.3086666666668,968.814,1246.1399,1451.9149599999996,270.0
checkout,79,1711696268954379,1711696269054379,789.1821249999999,761.5025,1072.3777999999998,1489.7901999999997,240.0
checkout,80,1711696269054379,1711696269154379,774.0341199999999,706.235,1088.432,1355.8154799999993,250.0
checkout,81,1711696269154379,1711696269254379,940.7814999999999,1020.4960000000001,1500.5962,1573.12323,220.0
checkout,82,1711696269254379,1711696269354379,878.3177777777778,753.605,1498.7184,1612.8798399999998,270.0
checkout,83,1711696269354379,1711696269454379,856.518,718.97,1521.9011999999993,1852.3804399999995,250.0
checkout,84,1711696269454379,1711696269554379,813.7609743589744,712.996,1653.5202,1713.9222599999998,390.0
checkout,85,1711696269554379,1711696269654379,873.3169142857143,730.153,1334.9113999999986,2161.8135999999977,350.0
checkout,86,1711696269654379,1711696269754379,822.328342857143,795.41,1212.5240999999999,1253.9321,350.0
checkout,87,1711696269754379,1711696269854379,1018.4915925925925,1084.366,1766.1761,1842.5601199999999,270.0
checkout,88,1711696269854379,1711696269954379,846.9631470588237,752.7125,1212.49475,1234.0227,340.0
checkout,89,1711696269954379,1711696270054379,890.8867916666667,803.618,1197.5568999999998,1630.5330299999998,240.0
checkout,90,1711696270054379,1711696270154379,909.7733809523809,751.924,1522.089,1773.4562000000003,210.0
checkout,91,1711696270154379,1711696270254379,868.1977407407406,980.681,1213.7491,1233.1478200000001,270.0
checkout,92,1711696270254379,1711696270354379,868.8563076923076,759.246,1395.76025,1701.291,260.0
checkout,93,1711696270354379,1711696270454379,958.1543214285714,964.383,1774.8282499999998,1859.08791,280.0
checkout,94,1711696270454379,1711696270554379,903.0028620689654,1008.016,1274.5292,1358.08168,290.0
checkout,95,1711696270554379,1711696270654379,1114.531,1113.3265000000001,1927.5211499999998,1953.46391,240.0
checkout,96,1711696270654379,1711696270754379,1054.362176470588,1187.923,1829.2549,1861.50232,340.0
checkout,97,1711696270754379,1711696270854379,1026.81534375,836.1995,1619.9025499999996,3134.578690000002,320.0
checkout,98,1711696270854379,1711696270954379,1007.997075,893.0129999999999,1928.2090499999997,2008.05027,400.0
checkout,99,1711696270954379,1711696271054379,990.9263214285713,1048.5985,1628.4777499999996,1976.3505400000001,280.0
checkout,100,1711696271054379,1711696271154379,891.446037037037,798.117,1435.2011,1845.0917999999992,270.0
checkout,101,1711696271154379,1711696271254379,1068.031392857143,1128.4850000000001,1619.5752999999995,2028.2595500000002,280.0
checkout,102,1711696271254379,1711696271354379,1100.1214545454548,1130.795,1721.74805,1813.7260899999999,220.0
checkout,103,1711696271354379,1711696271454379,1098.0074333333332,1205.6095,1875.08215,1890.51763,300.0
checkout,104,1711696271454379,1711696271554379,908.41784,851.07,1403.4217999999998,1483.2788799999998,250.0
checkout,105,1711696271554379,1711696271654379,863.2166071428572,836.963,1356.8478499999999,1418.22336,280.0
checkout,106,1711696271654379,1711696271754379,934.4095151515152,836.656,1395.5806,1421.09976,330.0
checkout,107,1711696271754379,1711696271854379,1041.9254864864865,858.516,2017.0181999999998,2182.83948,370.0
checkout,108,1711696271854379,1711696271954379,1081.5784999999998,911.48,1918.2393499999985,2107.43956,240.0
checkout,109,1711696271954379,1711696272054379,938.5808695652174,837.411,1431.2876999999999,1710.4820000000004,230.0
checkout,110,1711696272054379,1711696272154379,994.4385999999998,832.7185,1433.44595,2520.6320600000013,300.0
checkout,111,1711696272154379,1711696272254379,933.0815714285715,843.029,1529.8374499999998,2049.1949900000004,280.0
checkout,112,1711696272254379,1711696272354379,1031.1116250000002,1312.527,1491.80485,1510.97117,240.0
checkout,113,1711696272354379,1711696272454379,1004.3379523809524,907.208,1459.877,1460.7338,210.0
checkout,114,1711696272454379,1711696272554379,919.6569999999999,873.033,1551.0228,1581.75448,230.0
checkout,115,1711696272554379,1711696272654379,1220.7118965517243,1368.286,2127.2241999999997,2244.1938,290.0
checkout,116,1711696272654379,1711696272754379,1105.8398888888887,921.201,1720.2944999999995,1901.6436999999996,180.0
checkout,117,1711696272754379,1711696272854379,973.05004,895.881,1565.0231999999999,1605.6429199999998,250.0
checkout,118,1711696272854379,1711696272954379,1077.1390344827585,895.449,1918.1831999999984,2306.8630399999997,290.0
checkout,119,1711696272954379,1711696273054379,947.0427692307693,862.3355,1601.53675,1639.6855,260.0
checkout,120,1711696273054379,1711696273154379,1101.3490000000002,958.5865,1689.2369999999999,2063.0133700000006,320.0
checkout,121,1711696273154379,1711696273254379,1198.9298888888889,1062.818,2246.0485499999995,2372.8801099999996,180.0
checkout,122,1711696273254379,1711696273354379,1340.8557083333333,1494.974,1733.63055,2149.6683599999997,240.0
checkout,123,1711696273354379,1711696273454379,1134.251358974359,1047.163,1679.9508000000003,2200.0096999999982,390.0
checkout,124,1711696273454379,1711696273554379,1236.6527272727274,1182.388,1665.0093000000002,2087.70493,220.0
checkout,125,1711696273554379,1711696273654379,1032.48892,891.901,2121.1305999999986,2303.4700399999997,250.0
checkout,126,1711696273654379,1711696273754379,1092.08025,887.998,2489.8825,2540.74089,280.0
checkout,127,1711696273754379,1711696273854379,1299.883259259259,1450.175,2274.2526,2760.099019999999,270.0
checkout,128,1711696273854379,1711696273954379,1387.30888,1473.529,2407.3188,2788.079479999999,250.0
checkout,129,1711696273954379,1711696274054379,1335.0252758620693,1563.26,1806.3399999999995,2153.3965599999997,290.0
checkout,130,1711696274054379,1711696274154379,1361.2851739130433,1572.129,2207.875499999999,2330.82672,230.0
checkout,131,1711696274154379,1711696274254379,1137.8424347826087,993.25,1715.7346,2506.850220000001,230.0
checkout,132,1711696274254379,1711696274354379,1260.6832777777777,1236.757,2274.77355,2278.66111,180.0
checkout,133,1711696274354379,1711696274454379,1264.5507931034483,1523.592,1731.7704,1756.15736,290.0
checkout,134,1711696274454379,1711696274554379,1318.5831111111115,1637.601,1992.5106999999998,2162.85632,270.0
checkout,135,1711696274554379,1711696274654379,1291.7276000000002,1558.064,1976.2045999999991,2094.6929999999998,250.0
checkout,136,1711696274654379,1711696274754379,1167.8308181818184,1069.597,2048.1333999999997,2091.67016,330.0
checkout,137,1711696274754379,1711696274854379,1090.1813870967742,961.038,1770.7314999999999,2011.2676,310.0
checkout,138,1711696274854379,1711696274954379,1048.4679615384616,962.6385,1591.5625,1858.84975,260.0
checkout,139,1711696274954379,1711696275054379,1132.8118181818184,1009.8885,1856.6735999999999,1931.91031,220.0
checkout,140,1711696275054379,1711696275154379,1072.9865454545456,1028.093,1511.9204,1777.27668,330.0
checkout,141,1711696275154379,1711696275254379,1204.2856666666667,1376.931,1713.903449999999,1859.20605,300.0
checkout,142,1711696275254379,1711696275354379,976.9183499999999,980.7565,1418.31485,1428.3901700000001,200.0
checkout,143,1711696275354379,1711696275454379,1008.7597999999999,927.6125,1357.15195,1613.4292700000003,300.0
checkout,144,1711696275454379,1711696275554379,1093.380125,1057.175,1624.3752499999998,1661.72114,320.0
checkout,145,1711696275554379,1711696275654379,993.254117647059,999.5025,1645.7283499999999,1736.8542900000002,340.0
checkout,146,1711696275654379,1711696275754379,908.3419666666666,783.7985,1532.4058499999985,1821.87694,300.0
checkout,147,1711696275754379,1711696275854379,909.3618666666665,920.3575,1451.87935,1513.13856,300.0
checkout,148,1711696275854379,1711696275954379,767.8510526315789,702.311,1145.6304999999995,1354.4197000000001,190.0
checkout,149,1711696275954379,1711696276054379,727.76276,657.443,1197.6361999999995,1327.0677999999998,250.0
checkout,150,1711696276054379,1711696276154379,784.2565666666668,909.5329999999999,1154.4161999999992,1264.49732,300.0
checkout,151,1711696276154379,1711696276254379,658.6750833333333,538.134,1123.9908499999995,1229.36655,240.0
checkout,152,1711696276254379,1711696276354379,595.2980294117647,532.357,1078.7157999999997,1139.9515099999999,340.0
checkout,153,1711696276354379,1711696276454379,512.537064516129,506.932,857.1545,978.5423999999998,310.0
checkout,154,1711696276454379,1711696276554379,591.7441249999999,495.092,816.7517,844.83813,400.0
checkout,155,1711696276554379,1711696276654379,587.9798235294118,691.832,969.6686,1000.12675,340.0
checkout,156,1711696276654379,1711696276754379,439.7085,428.20349999999996,739.1975499999999,877.0755800000001,300.0
checkout,157,1711696276754379,1711696276854379,462.19364,418.633,686.33,706.46524,250.0
checkout,158,1711696276854379,1711696276954379,405.78112,374.955,627.1472,775.2204799999996,250.0
checkout,159,1711696276954379,1711696277054379,346.0525833333333,340.557,718.1678499999997,746.44049,240.0
checkout,160,1711696277054379,1711696277154379,364.03849999999994,330.733,566.3035,648.961,260.0
checkout,161,1711696277154379,1711696277254379,362.26027272727276,413.922,504.02725,587.43678,220.0
checkout,162,1711696277254379,1711696277354379,302.9424444444444,269.428,493.85339999999997,632.5702599999997,270.0
checkout,163,1711696277354379,1711696277454379,278.2183225806452,250.787,508.6155,599.2388,310.0
checkout,164,1711696277454379,1711696277554379,227.55187500000002,249.82799999999997,371.56794999999994,382.63032,240.0
checkout,165,1711696277554379,1711696277654379,199.40051515151515,191.463,336.79819999999995,347.609,330.0
checkout,166,1711696277654379,1711696277754379,169.84884000000002,158.122,317.4986,503.83719999999954,250.0
checkout,167,1711696277754379,1711696277854379,149.75124999999997,155.26100000000002,263.97905,325.3438799999999,400.0
checkout,168,1711696277854379,1711696277954379,125.45666666666668,127.855,206.54,242.66960000000003,210.0
checkout,169,1711696277954379,1711696278054379,105.51456,105.552,223.22459999999998,272.58139999999986,250.0
checkout,170,1711696278054379,1711696278154379,61.02135714285714,38.94799999999999,143.99634999999998,147.0759,280.0
checkout,171,1711696278154379,1711696278254379,50.597896551724126,58.951,112.36859999999999,113.58796,290.0
checkout,172,1711696278254379,1711696278354379,24.795791666666663,20.573,39.647099999999995,42.1391,240.0
checkout,173,1711696278354379,1711696278454379,24.872888888888887,26.0225,34.09199999999999,38.090399999999995,180.0
checkout,174,1711696278454379,1711696278554379,17.186464285714287,17.0255,22.23035,22.60348,280.0
checkout,175,1711696278554379,1711696278654379,23.24934375,23.33,27.4954,27.911459999999998,320.0
checkout,176,1711696278654379,1711696278754379,16.807666666666666,16.2365,21.59075,21.896,360.0
checkout,177,1711696278754379,1711696278854379,20.118923076923075,19.647,27.040499999999998,27.54025,260.0
checkout,178,1711696278854379,1711696278954379,16.899863636363634,17.0305,20.660700000000002,22.376409999999996,220.0
checkout,179,1711696278954379,1711696279054379,16.917566666666666,16.6145,22.142849999999996,22.7835,300.0
checkout,180,1711696279054379,1711696279154379,17.774939393939395,17.712,21.009,21.91276,330.0
checkout,181,1711696279154379,1711696279254379,17.0928,17.95,20.5982,20.711080000000003,250.0
checkout,182,1711696279254379,1711696279354379,18.25352,18.429,21.6122,22.06,250.0
checkout,183,1711696279354379,1711696279454379,18.01897222222222,17.2575,26.11525,28.4202,360.0
checkout,184,1711696279454379,1711696279554379,25.707652173913047,24.919,35.1006,36.55536,230.0
checkout,185,1711696279554379,1711696279654379,40.24306666666667,41.9065,47.96994999999999,49.18044,300.0
checkout,186,1711696279654379,1711696279754379,35.824523809523804,35.973,41.214,41.8356,210.0
checkout,187,1711696279754379,1711696279854379,24.928677419354834,25.105,28.0835,30.439899999999998,310.0
checkout,188,1711696279854379,1711696279954379,18.204538461538462,16.9215,26.707,27.429,260.0
checkout,189,1711696279954379,1711696280054379,19.860029411764707,20.497500000000002,24.13515,24.67623,340.0
checkout,190,1711696280054379,1711696280154379,27.519689655172417,30.421,39.7864,42.13256,290.0
checkout,191,1711696280154379,1711696280254379,34.593625,33.7775,41.24595,41.853730000000006,240.0
checkout,192,1711696280254379,1711696280354379,21.168722222222218,21.284,25.206649999999993,27.335729999999995,180.0
checkout,193,1711696280354379,1711696280454379,21.295593750000002,20.963500000000003,27.3151,28.776940000000003,320.0
checkout,194,1711696280454379,1711696280554379,17.65153125,16.5005,23.7594,25.738010000000003,320.0
checkout,195,1711696280554379,1711696280654379,17.329565217391302,17.101,20.973699999999997,22.253140000000002,230.0
checkout,196,1711696280654379,1711696280754379,22.259083333333336,21.637999999999998,27.33535,28.24673,240.0
checkout,197,1711696280754379,1711696280854379,23.197838709677416,23.133,28.9095,30.0531,310.0
checkout,198,1711696280854379,1711696280954379,17.97833333333333,17.273,24.612499999999997,25.532320000000002,300.0
checkout,199,1711696280954379,1711696281054379,22.44306896551724,22.049,28.334799999999998,29.41912,290.0
checkout,200,1711696281054379,1711696281154379,17.36768,16.946,20.6422,22.001279999999998,250.0
checkout,201,1711696281154379,1711696281254379,18.812433333333335,19.296,22.2947,23.19236,300.0
checkout,202,1711696281254379,1711696281354379,21.748041666666666,21.1955,27.48215,28.04229,240.0
checkout,203,1711696281354379,1711696281454379,25.512428571428575,25.5255,29.82005,31.40337,280.0
checkout,204,1711696281454379,1711696281554379,24.194441176470587,24.9675,30.7286,32.12589,340.0
checkout,205,1711696281554379,1711696281654379,19.050923076923077,17.9005,25.824,26.012999999999998,260.0
checkout,206,1711696281654379,1711696281754379,16.787583333333334,16.7155,21.692,21.90789,240.0
checkout,207,1711696281754379,1711696281854379,16.34209090909091,16.8875,20.13635,21.787879999999998,220.0
checkout,208,1711696281854379,1711696281954379,30.417961538461537,33.821,44.744749999999996,45.4225,260.0
checkout,209,1711696281954379,1711696282054379,37.36185714285715,38.497,42.95,45.0956,210.0
checkout,210,1711696282054379,1711696282154379,19.13839393939394,17.146,28.755,29.43604,330.0
checkout,211,1711696282154379,1711696282254379,20.117793103448275,18.113,29.9548,30.035999999999998,290.0
checkout,212,1711696282254379,1711696282354379,18.063799999999997,17.5215,23.398750000000003,26.890949999999993,200.0
checkout,213,1711696282354379,1711696282454379,18.231289473684207,17.060000000000002,24.6635,26.916260000000005,380.0
checkout,214,1711696282454379,1711696282554379,17.089227272727275,16.572,20.56155,25.540699999999994,220.0
checkout,215,1711696282554379,1711696282654379,24.29972727272727,24.483,30.554199999999994,32.73036,330.0
checkout,216,1711696282654379,1711696282754379,18.14952173913043,17.351,24.0018,25.32148,230.0
checkout,217,1711696282754379,1711696282854379,19.162333333333333,18.4895,24.182649999999995,25.44398,300.0
checkout,218,1711696282854379,1711696282954379,16.334272727272722,14.972,26.937649999999998,27.26861,220.0
checkout,219,1711696282954379,1711696283054379,17.08575,16.981,20.120649999999998,20.77865,240.0
checkout,220,1711696283054379,1711696283154379,18.439066666666672,17.799500000000002,22.9361,23.7943,300.0
checkout,221,1711696283154379,1711696283254379,21.78,21.7635,27.363849999999992,28.767,240.0
checkout,222,1711696283254379,1711696283354379,21.332264705882352,20.567,28.3273,29.301740000000002,340.0
checkout,223,1711696283354379,1711696283454379,21.919689655172416,22.329,26.736399999999996,27.178079999999998,290.0
checkout,224,1711696283454379,1711696283554379,20.645962962962958,20.373,27.7308,28.60946,270.0
checkout,225,1711696283554379,1711696283654379,16.9095625,16.835,20.471049999999998,22.047620000000002,320.0
checkout,226,1711696283654379,1711696283754379,18.19528,17.979,23.642399999999995,24.0388,250.0
checkout,227,1711696283754379,1711696283854379,17.865625,16.603,23.9462,24.404320000000002,320.0
checkout,228,1711696283854379,1711696283954379,24.045666666666666,23.648,29.0073,30.393259999999998,270.0
checkout,229,1711696283954379,1711696284054379,22.16952777777778,22.442,28.288249999999998,29.314899999999998,360.0
checkout,230,1711696284054379,1711696284154379,30.56288888888889,30.071,38.202,39.8211,270.0
checkout,231,1711696284154379,1711696284254379,33.74962962962963,34.096,37.0694,38.25232,270.0
checkout,232,1711696284254379,1711696284354379,19.9262,18.667,25.8064,26.17636,250.0
checkout,233,1711696284354379,1711696284454379,31.430975,31.536499999999997,39.879599999999996,41.62811,400.0
checkout,234,1711696284454379,1711696284554379,29.50374285714286,25.044,44.3597,50.336259999999974,350.0
checkout,235,1711696284554379,1711696284654379,20.676666666666666,19.546,26.972099999999998,29.967079999999996,270.0
checkout,236,1711696284654379,1711696284754379,21.67621875,21.9825,27.6296,30.306500000000003,320.0
checkout,237,1711696284754379,1711696284854379,21.103461538461538,22.060000000000002,26.1695,29.9345,260.0
checkout,238,1711696284854379,1711696284954379,25.41430303030303,25.856,35.248999999999995,37.98424,330.0
checkout,239,1711696284954379,1711696285054379,22.121,20.560000000000002,31.607549999999993,33.64192,240.0
checkout,240,1711696285054379,1711696285154379,17.75392307692308,17.6205,21.816000000000003,25.0445,260.0
checkout,241,1711696285154379,1711696285254379,17.903150000000004,17.446,22.057850000000002,22.66357,200.0
checkout,242,1711696285254379,1711696285354379,17.89331578947369,17.505,21.219399999999993,23.19508,190.0
checkout,243,1711696285354379,1711696285454379,17.560846153846153,17.534,20.455750000000002,21.171499999999998,260.0
checkout,244,1711696285454379,1711696285554379,21.561218750000002,20.5275,27.7254,27.94323,320.0
checkout,245,1711696285554379,1711696285654379,34.97546666666666,29.613999999999997,62.43659999999997,72.86220000000002,300.0
checkout,246,1711696285654379,1711696285754379,34.06375757575757,34.263,40.474199999999996,42.45572,330.0
checkout,247,1711696285754379,1711696285854379,30.952999999999996,29.5405,39.98815,44.75820000000001,320.0
checkout,248,1711696285854379,1711696285954379,33.17503225806452,33.146,41.4985,44.6337,310.0
checkout,249,1711696285954379,1711696286054379,18.41737837837838,18.149,22.876199999999997,24.196360000000002,370.0
checkout,250,1711696286054379,1711696286154379,17.152263157894737,15.946,23.8389,24.70938,190.0
browse,0,1711696261054379,1711696261154379,0,0,0,0,0
browse,1,1711696261154379,1711696261254379,0,0,0,0,0
browse,2,1711696261254379,1711696261354379,0,0,0,0,0
browse,3,1711696261354379,1711696261454379,0,0,0,0,0
browse,4,1711696261454379,1711696261554379,0,0,0,0,0
browse,5,1711696261554379,1711696261654379,0,0,0,0,0
browse,6,1711696261654379,1711696261754379,0,0,0,0,0
browse,7,1711696261754379,1711696261854379,0,0,0,0,0
browse,8,1711696261854379,1711696261954379,0,0,0,0,0
browse,9,1711696261954379,1711696262054379,0,0,0,0,0
browse,10,1711696262054379,1711696262154379,0,0,0,0,0
browse,11,1711696262154379,1711696262254379,0,0,0,0,0
browse,12,1711696262254379,1711696262354379,0,0,0,0,0
browse,13,1711696262354379,1711696262454379,0,0,0,0,0
browse,14,1711696262454379,1711696262554379,33.747,33.747,33.747,33.747,10.0
browse,15,1711696262554379,1711696262654379,9.971272727272726,9.386,13.646,14.886800000000001,110.0
browse,16,1711696262654379,1711696262754379,30.05316666666667,32.001999999999995,46.10525,48.01865,60.0
browse,17,1711696262754379,1711696262854379,49.19268571428571,46.285,69.4708,73.12353999999999,350.0
browse,18,1711696262854379,1711696262954379,68.43003225806451,65.519,100.217,103.8246,310.0
browse,19,1711696262954379,1711696263054379,86.17817391304347,76.91,128.70899999999997,152.78354000000004,230.0
browse,20,1711696263054379,1711696263154379,314.61417647058823,301.259,570.2295999999999,670.74672,170.0
browse,21,1711696263154379,1711696263254379,475.39149999999995,458.7405,705.578,738.93053,300.0
browse,22,1711696263254379,1711696263354379,507.8429696969697,486.025,685.6125999999999,743.9198799999999,330.0
browse,23,1711696263354379,1711696263454379,519.2672608695652,502.725,709.7407,783.8242200000001,230.0
browse,24,1711696263454379,1711696263554379,472.2468571428572,468.767,667.265,668.2058000000001,210.0
browse,25,1711696263554379,1711696263654379,502.66713513513514,489.655,667.8197999999998,737.09468,370.0
browse,26,1711696263654379,1711696263754379,529.5921111111112,519.171,715.4780999999999,768.1778599999999,270.0
browse,27,1711696263754379,1711696263854379,506.4444285714285,503.8895,636.8125499999999,664.28942,280.0
browse,28,1711696263854379,1711696263954379,606.9130499999999,620.845,680.8956000000002,757.6799199999998,200.0
browse,29,1711696263954379,1711696264054379,586.7044285714286,578.322,660.167,849.2790000000002,210.0
browse,30,1711696264054379,1711696264154379,639.0327272727272,616.7515000000001,811.77315,969.3732399999998,220.0
browse,31,1711696264154379,1711696264254379,649.3366111111111,644.9895,869.52175,944.63965,360.0
browse,32,1711696264254379,1711696264354379,672.40292,664.072,864.8678,878.87388,250.0
browse,33,1711696264354379,1711696264454379,634.5665555555556,660.48,788.9702,850.4813599999999,270.0
browse,34,1711696264454379,1711696264554379,700.18025,648.0785,953.9681999999997,1077.17201,240.0
browse,35,1711696264554379,1711696264654379,750.1745714285713,674.557,1124.6030999999996,1245.4006200000001,350.0
browse,36,1711696264654379,1711696264754379,674.1268181818182,698.7135000000001,896.50325,933.56925,220.0
browse,37,1711696264754379,1711696264854379,712.5439705882354,718.6555000000001,858.7833499999999,873.6743200000001,340.0
browse,38,1711696264854379,1711696264954379,708.9237368421051,756.475,851.3738,853.30196,190.0
browse,39,1711696264954379,1711696265054379,718.9894800000001,718.247,984.1515999999996,1067.44952,250.0
browse,40,1711696265054379,1711696265154379,751.485606060606,734.795,1002.7271999999998,1118.33028,330.0
browse,41,1711696265154379,1711696265254379,789.1796111111112,769.4514999999999,1011.0453999999996,1198.7226799999996,180.0
browse,42,1711696265254379,1711696265354379,770.1138571428571,762.976,918.273,1118.24537,280.0
browse,43,1711696265354379,1711696265454379,777.2381499999999,740.4565,1159.4021,1241.6508199999998,200.0
browse,44,1711696265454379,1711696265554379,829.8886451612905,813.279,1168.5825,1273.4938,310.0
browse,45,1711696265554379,1711696265654379,773.5845,742.806,1072.9036999999998,1211.9858,280.0
browse,46,1711696265654379,1711696265754379,802.7025999999998,808.056,1043.4259499999996,1267.5897600000003,300.0
browse,47,1711696265754379,1711696265854379,881.936677419355,868.854,1230.8105,1560.6819999999998,310.0
browse,48,1711696265854379,1711696265954379,816.6608108108107,776.164,1114.718599999999,1512.1986000000002,370.0
browse,49,1711696265954379,1711696266054379,797.7103599999999,790.524,1080.6979999999999,1375.919479999999,250.0
browse,50,1711696266054379,1711696266154379,798.2296363636361,757.4675,1137.9117999999999,1564.1099399999996,220.0
browse,51,1711696266154379,1711696266254379,759.4546774193548,747.683,948.424,979.5894,310.0
browse,52,1711696266254379,1711696266354379,877.6980000000001,839.019,1222.515,1251.6942000000001,210.0
browse,53,1711696266354379,1711696266454379,899.3223703703703,837.708,1200.3502,1490.8637999999994,270.0
browse,54,1711696266454379,1711696266554379,879.80528,903.746,1244.4235999999996,1515.3127599999993,250.0
browse,55,1711696266554379,1711696266654379,884.880043478261,867.449,1123.9052,1133.2737200000001,230.0
browse,56,1711696266654379,1711696266754379,984.8862750000001,934.765,1423.7053499999997,1580.5807399999999,400.0
browse,57,1711696266754379,1711696266854379,884.3667692307693,865.722,1309.9025000000001,1332.42875,260.0
browse,58,1711696266854379,1711696266954379,927.6936086956521,945.812,1425.9133,1643.9432200000003,230.0
browse,59,1711696266954379,1711696267054379,953.6502727272726,958.21,1516.4054499999997,1667.1408399999998,220.0
browse,60,1711696267054379,1711696267154379,1069.2917272727273,989.902,1906.84595,2113.0359,220.0
browse,61,1711696267154379,1711696267254379,997.3572857142857,1023.094,1599.9897999999991,1975.4413399999994,350.0
browse,62,1711696267254379,1711696267354379,1083.4833333333333,1035.7640000000001,1733.6381,1771.18462,240.0
browse,63,1711696267354379,1711696267454379,934.51708,956.072,1556.0775999999987,1651.04252,250.0
browse,64,1711696267454379,1711696267554379,971.852787878788,949.831,1401.1834,1696.4919599999998,330.0
browse,65,1711696267554379,1711696267654379,988.1157727272729,1018.136,1334.7374499999999,1361.2841999999998,220.0
browse,66,1711696267654379,1711696267754379,1059.695294117647,997.3054999999999,1604.976899999999,2078.0460600000006,340.0
browse,67,1711696267754379,1711696267854379,994.1930952380952,989.571,1402.348,1470.6879999999999,210.0
browse,68,1711696267854379,1711696267954379,1029.8048125,1023.217,1537.3183999999999,1730.3783200000003,320.0
browse,69,1711696267954379,1711696268054379,1080.5334615384616,1028.001,1449.34575,1469.0075000000002,260.0
browse,70,1711696268054379,1711696268154379,1043.1542727272727,1058.065,1563.4693499999998,2275.8151899999993,220.0
browse,71,1711696268154379,1711696268254379,1102.9409999999998,1027.9585,1432.6873999999998,1808.7125299999996,220.0
browse,72,1711696268254379,1711696268354379,1229.5338076923076,1191.546,1890.5977500000001,1905.5597500000001,260.0
browse,73,1711696268354379,1711696268454379,1149.7868461538462,1082.491,1750.8397000000004,1994.61872,390.0
browse,74,1711696268454379,1711696268554379,1237.5848846153845,1164.7665000000002,1562.919,1867.28275,260.0
browse,75,1711696268554379,1711696268654379,1078.4269000000002,1083.1219999999998,1686.667699999999,1891.11192,300.0
browse,76,1711696268654379,1711696268754379,1230.617590909091,1207.7755000000002,1583.2984,1979.0142599999995,220.0
browse,77,1711696268754379,1711696268854379,1161.7231538461538,1146.9830000000002,1527.1457500000001,1569.77725,260.0
browse,78,1711696268854379,1711696268954379,1198.74834375,1124.206,1754.6450999999997,2114.9371300000003,320.0
browse,79,1711696268954379,1711696269054379,1259.0390909090909,1204.685,1995.5675999999999,2159.0684,330.0
browse,80,1711696269054379,1711696269154379,1150.8025652173915,1148.707,1598.5729999999999,1826.8001200000003,230.0
browse,81,1711696269154379,1711696269254379,1277.7716249999999,1396.745,1954.44395,2090.9306500000002,320.0
browse,82,1711696269254379,1711696269354379,1264.676542857143,1268.468,1900.432399999999,2206.7080599999995,350.0
browse,83,1711696269354379,1711696269454379,1291.3759333333333,1157.5155,2145.90375,2246.2145800000003,300.0
browse,84,1711696269454379,1711696269554379,1219.6236470588237,1161.5205,2063.7731499999995,2431.864490000001,340.0
browse,85,1711696269554379,1711696269654379,1477.9411538461536,1329.588,2246.9813999999997,2274.14988,130.0
browse,86,1711696269654379,1711696269754379,1296.1001111111111,1257.258,2299.4325,2735.743919999999,270.0
browse,87,1711696269754379,1711696269854379,1316.7248437499998,1281.7355,1804.5217,2081.30879,320.0
browse,88,1711696269854379,1711696269954379,1258.8034516129035,1240.494,1809.5439999999999,2252.5022999999997,310.0
browse,89,1711696269954379,1711696270054379,1196.8624545454543,1171.0234999999998,1718.43605,1752.07538,220.0
browse,90,1711696270054379,1711696270154379,1293.181653846154,1269.3705,1850.0522500000002,2280.4004999999997,260.0
browse,91,1711696270154379,1711696270254379,1343.1063,1331.5275000000001,1849.7333999999998,2484.793080000001,300.0
browse,92,1711696270254379,1711696270354379,1239.113357142857,1255.7515,1764.2656,2726.1927800000003,280.0
browse,93,1711696270354379,1711696270454379,1309.6783793103446,1294.303,2369.6261999999997,2463.7934800000003,290.0
browse,94,1711696270454379,1711696270554379,1562.9411363636361,1375.345,2469.8384499999997,2518.08067,220.0
browse,95,1711696270554379,1711696270654379,1502.05308,1398.041,2346.7534,2502.3668,250.0
browse,96,1711696270654379,1711696270754379,1413.0925555555557,1389.124,1846.6645,2225.799719999999,270.0
browse,97,1711696270754379,1711696270854379,1502.5077352941175,1452.8609999999999,2487.6331499999997,2803.521750000001,340.0
browse,98,1711696270854379,1711696270954379,1441.2652916666666,1394.49,2567.1355999999996,2585.43937,240.0
browse,99,1711696270954379,1711696271054379,1409.350206896552,1353.162,1976.1313999999998,2045.08796,290.0
browse,100,1711696271054379,1711696271154379,1378.8513333333333,1362.198,2509.5121999999997,2622.6208,330.0
browse,101,1711696271154379,1711696271254379,1484.414625,1436.5320000000002,2667.24975,2729.9275500000003,160.0
browse,102,1711696271254379,1711696271354379,1602.0333600000001,1457.405,2665.3032000000003,2726.33684,250.0
browse,103,1711696271354379,1711696271454379,1465.1822962962965,1340.122,2525.6641999999993,2742.31808,270.0
browse,104,1711696271454379,1711696271554379,1542.682125,1460.006,2608.70545,2631.9573100000002,320.0
browse,105,1711696271554379,1711696271654379,1555.4104333333335,1506.8175,2179.0228499999994,2528.35212,300.0
browse,106,1711696271654379,1711696271754379,1458.1681764705882,1410.8925,2605.3950999999997,2692.9884700000002,340.0
browse,107,1711696271754379,1711696271854379,1315.8319285714283,1375.9395,1973.18645,2020.13569,140.0
browse,108,1711696271854379,1711696271954379,1472.0080000000003,1428.427,2127.8418,2624.409119999999,250.0
browse,109,1711696271954379,1711696272054379,1582.4208749999998,1534.7445,2220.2026499999997,2649.6316699999998,240.0
browse,110,1711696272054379,1711696272154379,1533.7875428571429,1467.207,2327.310599999999,2570.20964,350.0
browse,111,1711696272154379,1711696272254379,1446.6985599999998,1433.821,2179.2588,2732.5238799999984,250.0
browse,112,1711696272254379,1711696272354379,1636.5428461538463,1511.2355,2749.86675,2857.8395,260.0
browse,113,1711696272354379,1711696272454379,1508.0391142857143,1472.433,2892.1746,2931.4630199999997,350.0
browse,114,1711696272454379,1711696272554379,1738.361909090909,1606.207,2905.0065999999997,3047.7781999999997,330.0
browse,115,1711696272554379,1711696272654379,1524.6875714285711,1498.8815,2075.2129999999997,2680.3953000000006,280.0
browse,116,1711696272654379,1711696272754379,1677.0406896551726,1603.545,2242.2488,2650.6331999999998,290.0
browse,117,1711696272754379,1711696272854379,1524.0351481481482,1538.765,2304.8774,2916.104759999999,270.0
browse,118,1711696272854379,1711696272954379,1829.2526315789466,1615.745,3174.8691999999987,3511.81624,190.0
browse,119,1711696272954379,1711696273054379,1599.1608787878786,1537.637,2973.7598,3017.01128,330.0
browse,120,1711696273054379,1711696273154379,1844.0144285714289,1713.559,2977.9,3492.3616,210.0
browse,121,1711696273154379,1711696273254379,1757.4157500000001,1631.22,2415.29605,2896.9279099999994,240.0
browse,122,1711696273254379,1711696273354379,1553.6348,1565.414,2311.3559999999998,3100.903879999996,350.0
browse,123,1711696273354379,1711696273454379,1735.410260869565,1638.738,2995.1971000000003,3050.5515400000004,230.0
browse,124,1711696273454379,1711696273554379,1718.1787666666664,1638.8235,3196.5298499999985,3691.78202,300.0
browse,125,1711696273554379,1711696273654379,1544.1772413793103,1551.061,2427.3602,2862.5877999999993,290.0
browse,126,1711696273654379,1711696273754379,1875.4413333333332,2270.658,2785.586,2793.3108,210.0
browse,127,1711696273754379,1711696273854379,1793.8301666666666,1650.0865,2445.0098,2768.54924,240.0
browse,128,1711696273854379,1711696273954379,1653.167409090909,1634.3495,2840.3887,2903.21207,220.0
browse,129,1711696273954379,1711696274054379,1686.3114705882351,1682.744,2488.8511999999996,2925.88864,170.0
browse,130,1711696274054379,1711696274154379,1776.3178974358975,1761.149,2808.7664,2830.95974,390.0
browse,131,1711696274154379,1711696274254379,1887.13475,1811.3265000000001,2704.4032500000003,2755.6292900000003,320.0
browse,132,1711696274254379,1711696274354379,1760.38388,1719.086,2526.3683999999994,2664.3275599999997,250.0
browse,133,1711696274354379,1711696274454379,1672.6678749999999,1697.7795,2247.4303,2554.6535299999996,240.0
browse,134,1711696274454379,1711696274554379,1648.0186129032256,1687.538,2573.9145,2632.4957000000004,310.0
browse,135,1711696274554379,1711696274654379,1549.1785999999997,1673.124,2154.5528,2227.16016,150.0
browse,136,1711696274654379,1711696274754379,1553.8193684210526,1613.5504999999998,2125.6151999999997,2144.21285,380.0
browse,137,1711696274754379,1711696274854379,1589.6466470588234,1673.219,2372.4943999999996,2565.22208,170.0
browse,138,1711696274854379,1711696274954379,1437.9628518518516,1530.479,2038.8851,2234.8392199999994,270.0
browse,139,1711696274954379,1711696275054379,1504.8947,1542.4389999999999,2244.0181,2270.3612200000002,200.0
browse,140,1711696275054379,1711696275154379,1460.1291428571428,1479.661,1892.789,1920.621,210.0
browse,141,1711696275154379,1711696275254379,1478.1614827586207,1452.907,2001.1933999999994,2100.97604,290.0
browse,142,1711696275254379,1711696275354379,1372.0042,1421.799,1775.5154499999999,1805.92506,300.0
browse,143,1711696275354379,1711696275454379,1486.6669117647057,1402.7269999999999,1851.862849999999,2313.3734700000005,340.0
browse,144,1711696275454379,1711696275554379,1306.6495833333336,1292.3195,1678.1273999999999,1715.36783,240.0
browse,145,1711696275554379,1711696275654379,1319.0759999999996,1355.14,1874.0195999999999,1927.3255199999999,290.0
browse,146,1711696275654379,1711696275754379,1135.6065555555556,1169.91,1772.9791,1902.1938199999997,270.0
browse,147,1711696275754379,1711696275854379,1113.4417692307693,1151.804,1713.6457500000001,1838.778,260.0
browse,148,1711696275854379,1711696275954379,1095.93588,1106.471,1587.9845999999993,1635.434,250.0
browse,149,1711696275954379,1711696276054379,1064.2681923076923,1053.8485,1382.9672500000001,1542.27125,260.0
browse,150,1711696276054379,1711696276154379,1045.231896551724,1168.059,1353.3278,1429.79684,290.0
browse,151,1711696276154379,1711696276254379,840.7860857142856,871.15,1304.2026999999994,1435.7462599999997,350.0
browse,152,1711696276254379,1711696276354379,746.8567307692307,838.5515,1165.45025,1187.65325,260.0
browse,153,1711696276354379,1711696276454379,849.4861428571428,832.4014999999999,1200.71815,1480.14038,280.0
browse,154,1711696276454379,1711696276554379,795.358,750.128,1313.2945,1471.5033999999998,310.0
browse,155,1711696276554379,1711696276654379,728.7133333333336,728.528,974.0294,982.23292,270.0
browse,156,1711696276654379,1711696276754379,688.1465151515151,675.773,967.1161999999999,978.59024,330.0
browse,157,1711696276754379,1711696276854379,548.198037037037,611.157,868.6812,874.37634,270.0
browse,158,1711696276854379,1711696276954379,622.3447142857143,596.059,812.023,815.967,210.0
browse,159,1711696276954379,1711696277054379,486.2866666666667,538.822,735.5415999999999,811.6708,330.0
browse,160,1711696277054379,1711696277154379,506.01630769230775,510.1255,703.74025,731.7149999999999,260.0
browse,161,1711696277154379,1711696277254379,513.291875,526.875,707.3411,815.1162800000002,320.0
browse,162,1711696277254379,1711696277354379,405.173875,420.943,626.9245499999998,688.9269800000001,400.0
browse,163,1711696277354379,1711696277454379,320.3153999999999,341.6465,486.16935,512.59785,300.0
browse,164,1711696277454379,1711696277554379,309.85105405405403,314.78,507.09399999999994,576.44232,370.0
browse,165,1711696277554379,1711696277654379,295.05485000000004,309.188,427.7286000000001,520.8225199999998,200.0
browse,166,1711696277654379,1711696277754379,225.8264347826087,227.404,376.2926,422.73048000000006,230.0
browse,167,1711696277754379,1711696277854379,212.28365384615384,232.45049999999998,325.11025,419.98475,260.0
browse,168,1711696277854379,1711696277954379,144.51579166666667,155.874,301.05479999999983,342.16384,240.0
browse,169,1711696277954379,1711696278054379,114.86244827586205,109.225,239.49199999999993,258.2776,290.0
browse,170,1711696278054379,1711696278154379,69.3308695652174,74.932,147.38359999999997,159.79358000000002,230.0
browse,171,1711696278154379,1711696278254379,61.52611764705882,56.582,119.3394,122.61108,170.0
browse,172,1711696278254379,1711696278354379,25.300227272727273,19.378,50.036449999999995,61.84878999999998,220.0
browse,173,1711696278354379,1711696278454379,14.718925925925923,15.209,22.025199999999998,26.83179999999999,270.0
browse,174,1711696278454379,1711696278554379,10.291241379310344,9.805,14.47679999999999,18.612879999999997,290.0
browse,175,1711696278554379,1711696278654379,10.322314285714286,10.192,13.223499999999996,20.18227999999997,350.0
browse,176,1711696278654379,1711696278754379,10.64257142857143,10.2135,17.44915,18.01026,280.0
browse,177,1711696278754379,1711696278854379,9.099,8.721,12.4544,12.5626,230.0
browse,178,1711696278854379,1711696278954379,9.241083333333332,9.1175,11.9525,12.595749999999999,360.0
browse,179,1711696278954379,1711696279054379,8.844851851851852,8.737,10.6074,11.777419999999998,270.0
browse,180,1711696279054379,1711696279154379,10.135333333333332,9.835,13.242500000000007,18.292279999999995,390.0
browse,181,1711696279154379,1711696279254379,9.546821428571429,9.8635,12.18785,12.956570000000001,280.0
browse,182,1711696279254379,1711696279354379,10.103541666666667,9.609,13.916049999999997,17.144569999999998,240.0
browse,183,1711696279354379,1711696279454379,11.069958333333332,9.9975,17.573049999999995,19.159799999999997,240.0
browse,184,1711696279454379,1711696279554379,15.419692307692308,15.293,25.77375,26.20475,260.0
browse,185,1711696279554379,1711696279654379,9.961319999999999,9.282,14.485999999999994,16.549639999999993,250.0
browse,186,1711696279654379,1711696279754379,9.472958333333333,9.7605,10.691849999999999,10.844589999999998,240.0
browse,187,1711696279754379,1711696279854379,9.64775,9.5555,12.163,14.249099999999997,360.0
browse,188,1711696279854379,1711696279954379,9.623864864864863,9.848,12.648399999999999,13.27256,370.0
browse,189,1711696279954379,1711696280054379,9.646040000000001,9.889,12.5832,13.0422,250.0
browse,190,1711696280054379,1711696280154379,11.75308695652174,10.552,20.141099999999994,22.835380000000004,230.0
browse,191,1711696280154379,1711696280254379,9.611863636363635,8.057500000000001,14.979299999999999,19.658129999999993,220.0
browse,192,1711696280254379,1711696280354379,9.96751724137931,9.78,13.189,14.871959999999998,290.0
browse,193,1711696280354379,1711696280454379,11.664875,11.6685,15.5081,16.695550000000004,320.0
browse,194,1711696280454379,1711696280554379,10.63953125,10.4855,15.6093,16.918570000000003,320.0
browse,195,1711696280554379,1711696280654379,10.994074074074073,10.398,17.6302,19.01236,270.0
browse,196,1711696280654379,1711696280754379,10.927666666666667,9.147,21.657799999999995,23.38824,240.0
browse,197,1711696280754379,1711696280854379,10.10575,9.8945,13.09365,13.398299999999999,240.0
browse,198,1711696280854379,1711696280954379,9.894238095238094,10.242,12.716,12.9824,210.0
browse,199,1711696280954379,1711696281054379,10.632432432432436,10.36,16.057399999999994,20.500760000000003,370.0
browse,200,1711696281054379,1711696281154379,9.483696969696972,9.431,12.909,13.36312,330.0
browse,201,1711696281154379,1711696281254379,9.121739130434783,8.657,11.5348,11.8678,230.0
browse,202,1711696281254379,1711696281354379,10.8065,11.2775,14.281049999999999,15.692620000000002,280.0
browse,203,1711696281354379,1711696281454379,8.094592592592592,7.804,10.1248,10.7294,270.0
browse,204,1711696281454379,1711696281554379,11.11374074074074,10.161,17.8666,20.369839999999996,270.0
browse,205,1711696281554379,1711696281654379,9.71009375,9.568,12.59225,13.557100000000002,320.0
browse,206,1711696281654379,1711696281754379,8.126083333333334,7.797,10.853299999999999,11.18929,240.0
browse,207,1711696281754379,1711696281854379,9.733296296296295,9.638,12.097199999999999,12.30964,270.0
browse,208,1711696281854379,1711696281954379,19.887739130434785,21.966,32.540099999999995,33.19944,230.0
browse,209,1711696281954379,1711696282054379,11.532959999999997,9.858,19.689199999999982,26.648479999999985,250.0
browse,210,1711696282054379,1711696282154379,9.051481481481481,8.88,10.618599999999999,13.413919999999994,270.0
browse,211,1711696282154379,1711696282254379,14.195700000000004,10.477,27.522499999999997,29.27577,300.0
browse,212,1711696282254379,1711696282354379,11.824714285714288,11.804,17.978899999999996,19.37372,350.0
browse,213,1711696282354379,1711696282454379,12.352814814814817,11.163,21.1742,22.796379999999996,270.0
browse,214,1711696282454379,1711696282554379,9.361714285714285,9.051,14.011,14.4286,210.0
browse,215,1711696282554379,1711696282654379,11.429515151515153,10.926,16.828599999999998,18.787679999999998,330.0
browse,216,1711696282654379,1711696282754379,10.785928571428574,10.7385,15.094899999999999,16.21245,280.0
browse,217,1711696282754379,1711696282854379,9.268538461538462,9.723500000000001,12.22925,12.61625,260.0
browse,218,1711696282854379,1711696282954379,10.4869375,10.212,15.693249999999999,17.28965,320.0
browse,219,1711696282954379,1711696283054379,10.778791666666665,10.529,15.0001,15.31855,240.0
browse,220,1711696283054379,1711696283154379,11.389454545454544,11.374,14.956599999999998,15.737160000000001,330.0
browse,221,1711696283154379,1711696283254379,9.821653846153847,9.055,16.37675,18.167250000000003,260.0
browse,222,1711696283254379,1711696283354379,8.739724137931034,8.623,10.719399999999998,11.02948,290.0
browse,223,1711696283354379,1711696283454379,14.521,10.818,27.032099999999996,40.14172000000002,230.0
browse,224,1711696283454379,1711696283554379,12.210346153846153,12.131499999999999,17.8105,17.901249999999997,260.0
browse,225,1711696283554379,1711696283654379,9.292296296296294,9.473,12.5671,13.1259,270.0
browse,226,1711696283654379,1711696283754379,10.043333333333335,9.818,13.7956,14.66596,330.0
browse,227,1711696283754379,1711696283854379,8.891625,8.889,11.805449999999999,11.97136,240.0
browse,228,1711696283854379,1711696283954379,10.670296296296295,10.172,13.7869,17.597419999999993,270.0
browse,229,1711696283954379,1711696284054379,10.31966666666667,9.74,13.3477,14.924199999999997,270.0
browse,230,1711696284054379,1711696284154379,9.126827586206899,9.135,11.998999999999997,14.062279999999998,290.0
browse,231,1711696284154379,1711696284254379,9.390485714285713,9.514,12.593399999999999,13.306979999999998,350.0
browse,232,1711696284254379,1711696284354379,9.739250000000002,9.8565,13.18125,14.912899999999997,360.0
browse,233,1711696284354379,1711696284454379,8.235304347826085,7.79,11.364799999999999,13.783400000000004,230.0
browse,234,1711696284454379,1711696284554379,11.024133333333333,10.571000000000002,15.069049999999997,17.21664,300.0
browse,235,1711696284554379,1711696284654379,10.11784,10.448,12.222199999999999,13.268039999999997,250.0
browse,236,1711696284654379,1711696284754379,11.046555555555555,9.852,18.028499999999998,21.091239999999996,270.0
browse,237,1711696284754379,1711696284854379,9.50025,8.821,14.321249999999997,17.465880000000002,280.0
browse,238,1711696284854379,1711696284954379,10.118678571428573,9.435500000000001,15.343699999999997,16.80994,280.0
browse,239,1711696284954379,1711696285054379,10.370538461538462,10.4175,13.305,19.3825,260.0
browse,240,1711696285054379,1711696285154379,11.848208333333332,10.015,19.128849999999996,29.910619999999994,240.0
browse,241,1711696285154379,1711696285254379,9.012666666666666,8.963000000000001,10.9674,12.04851,240.0
browse,242,1711696285254379,1711696285354379,10.724696969696968,10.58,15.397999999999998,19.431039999999996,330.0
browse,243,1711696285354379,1711696285454379,9.87586206896552,9.336,13.259399999999998,13.71364,290.0
browse,244,1711696285454379,1711696285554379,10.043312499999999,9.546,14.7945,19.7901,160.0
browse,245,1711696285554379,1711696285654379,10.672214285714285,9.9245,18.966549999999984,23.74334,280.0
browse,246,1711696285654379,1711696285754379,10.981107142857143,10.6155,17.5029,21.486810000000002,280.0
browse,247,1711696285754379,1711696285854379,12.67821875,11.3615,20.0428,22.947710000000004,320.0
browse,248,1711696285854379,1711696285954379,9.387617647058823,9.1675,12.1009,13.797070000000005,340.0
browse,249,1711696285954379,1711696286054379,9.431785714285713,9.181000000000001,12.5921,15.599490000000003,280.0
browse,250,1711696286054379,1711696286154379,9.406853658536585,9.139,14.154,14.9318,410.0
view,0,1711696261054379,1711696261154379,0,0,0,0,0
view,1,1711696261154379,1711696261254379,0,0,0,0,0
view,2,1711696261254379,1711696261354379,0,0,0,0,0
view,3,1711696261354379,1711696261454379,0,0,0,0,0
view,4,1711696261454379,1711696261554379,0,0,0,0,0
view,5,1711696261554379,1711696261654379,0,0,0,0,0
view,6,1711696261654379,1711696261754379,0,0,0,0,0
view,7,1711696261754379,1711696261854379,0,0,0,0,0
view,8,1711696261854379,1711696261954379,0,0,0,0,0
view,9,1711696261954379,1711696262054379,0,0,0,0,0
view,10,1711696262054379,1711696262154379,0,0,0,0,0
view,11,1711696262154379,1711696262254379,0,0,0,0,0
view,12,1711696262254379,1711696262354379,0,0,0,0,0
view,13,1711696262354379,1711696262454379,0,0,0,0,0
view,14,1711696262454379,1711696262554379,11.454,11.454,11.454,11.454,10.0
view,15,1711696262554379,1711696262654379,9.352142857142857,9.227,10.697799999999999,10.989159999999998,70.0
view,16,1711696262654379,1711696262754379,14.263874999999999,11.8525,24.778099999999995,27.520419999999998,80.0
view,17,1711696262754379,1711696262854379,37.085818181818176,32.6335,66.22195,77.02041999999999,220.0
view,18,1711696262854379,1711696262954379,48.3485,44.675,67.8045,69.5049,160.0
view,19,1711696262954379,1711696263054379,71.262,55.862,95.09399999999998,303.90274000000034,230.0
view,20,1711696263054379,1711696263154379,120.44933333333337,84.599,251.79719999999992,295.35623999999996,150.0
view,21,1711696263154379,1711696263254379,296.8378260869565,264.388,420.4231999999999,703.7450800000004,230.0
view,22,1711696263254379,1711696263354379,407.6831999999999,379.852,593.39505,623.79581,200.0
view,23,1711696263354379,1711696263454379,377.99894117647057,341.167,684.1759999999999,699.9552,170.0
view,24,1711696263454379,1711696263554379,423.568125,389.2885,580.0794,584.26708,80.0
view,25,1711696263554379,1711696263654379,373.5166896551725,354.672,492.2817999999999,566.3031599999999,290.0
view,26,1711696263654379,1711696263754379,402.34176923076916,395.009,639.4245999999997,720.8825199999998,130.0
view,27,1711696263754379,1711696263854379,352.3850909090909,372.976,421.3835,423.8831,110.0
view,28,1711696263854379,1711696263954379,391.7678181818182,383.7425,447.36560000000003,615.1515499999998,220.0
view,29,1711696263954379,1711696264054379,465.62300000000005,419.092,679.967,832.8734000000002,210.0
view,30,1711696264054379,1711696264154379,428.4765,444.753,606.37375,646.24675,160.0
view,31,1711696264154379,1711696264254379,432.20661538461536,449.677,508.4104,531.13888,130.0
view,32,1711696264254379,1711696264354379,437.8690714285714,439.94849999999997,518.3013,527.2026599999999,140.0
view,33,1711696264354379,1711696264454379,447.8879473684211,445.027,539.2001999999999,572.5304400000001,190.0
view,34,1711696264454379,1711696264554379,445.76568421052633,418.512,664.7675999999998,710.5063200000001,190.0
view,35,1711696264554379,1711696264654379,499.22364705882353,481.808,771.6117999999999,832.05916,170.0
view,36,1711696264654379,1711696264754379,487.250375,502.4785,618.77125,690.1886499999999,160.0
view,37,1711696264754379,1711696264854379,461.324,444.814,666.951,737.0094,110.0
view,38,1711696264854379,1711696264954379,486.9624545454545,482.717,581.8140000000001,597.5076,110.0
view,39,1711696264954379,1711696265054379,486.0821764705883,465.829,600.7004,633.26488,170.0
view,40,1711696265054379,1711696265154379,544.3983157894736,540.828,700.1856,709.7083200000001,190.0
view,41,1711696265154379,1711696265254379,518.9801666666667,533.173,651.45625,780.05563,240.0
view,42,1711696265254379,1711696265354379,527.0794230769231,487.995,910.173,996.9405,260.0
view,43,1711696265354379,1711696265454379,556.9456666666666,533.238,806.4052999999999,888.4146599999998,180.0
view,44,1711696265454379,1711696265554379,611.353625,628.5235,865.485,898.3842,160.0
view,45,1711696265554379,1711696265654379,590.5366428571427,557.0975,957.1949999999999,1013.7606,140.0
view,46,1711696265654379,1711696265754379,534.8368,507.3515,709.82225,845.2732499999997,200.0
view,47,1711696265754379,1711696265854379,543.2078181818182,578.577,651.3525,660.3633,110.0
view,48,1711696265854379,1711696265954379,617.0923500000001,552.2275,1080.68535,1155.3986699999998,200.0
view,49,1711696265954379,1711696266054379,657.9656470588236,647.928,945.7088,972.26496,170.0
view,50,1711696266054379,1711696266154379,624.4536666666667,613.623,778.7959999999999,829.1208,90.0
view,51,1711696266154379,1711696266254379,566.4697857142856,566.74,897.8710499999999,1022.3086099999997,140.0
view,52,1711696266254379,1711696266354379,658.4252105263158,625.042,1150.7884999999999,1179.4481,190.0
view,53,1711696266354379,1711696266454379,647.5687391304348,582.622,966.8377999999998,1682.888400000001,230.0
view,54,1711696266454379,1711696266554379,599.2404117647059,634.257,976.5997999999997,1171.1079599999998,170.0
view,55,1711696266554379,1711696266654379,682.6721904761904,603.691,1166.434,1429.0652000000002,210.0
view,56,1711696266654379,1711696266754379,590.938391304348,574.397,879.9835999999998,1123.4050200000001,230.0
view,57,1711696266754379,1711696266854379,592.7337916666667,567.781,885.7996999999999,1118.7109199999998,240.0
view,58,1711696266854379,1711696266954379,624.4929444444444,656.2795,849.3494999999999,908.8698999999998,180.0
view,59,1711696266954379,1711696267054379,643.5067368421053,664.919,894.01,900.1156000000001,190.0
view,60,1711696267054379,1711696267154379,565.3631538461539,546.815,772.122,802.2228,130.0
view,61,1711696267154379,1711696267254379,728.4399523809524,740.639,1174.107,1303.179,210.0
view,62,1711696267254379,1711696267354379,649.6726842105263,674.981,838.0115999999997,915.21432,190.0
view,63,1711696267354379,1711696267454379,759.8115454545455,799.738,992.4245,1069.0553,110.0
view,64,1711696267454379,1711696267554379,592.0551428571428,585.934,877.0929,931.53378,140.0
view,65,1711696267554379,1711696267654379,672.5596153846155,607.623,956.5287999999997,1036.0393599999998,130.0
view,66,1711696267654379,1711696267754379,718.8075833333332,640.8589999999999,1275.4248499999994,1670.3393700000006,120.0
view,67,1711696267754379,1711696267854379,695.0043333333333,612.326,835.9697,855.8491399999999,30.0
view,68,1711696267854379,1711696267954379,805.8148888888887,728.4770000000001,1363.9415999999999,1389.03632,180.0
view,69,1711696267954379,1711696268054379,841.8055833333333,641.74,1917.4075,1924.7423000000001,120.0
view,70,1711696268054379,1711696268154379,711.1210869565217,776.372,958.3475,1219.3405600000003,230.0
view,71,1711696268154379,1711696268254379,734.5835333333333,713.989,1010.7405999999999,1047.14732,150.0
view,72,1711696268254379,1711696268354379,720.5979375,625.0364999999999,1374.4485,1655.1080999999997,160.0
view,73,1711696268354379,1711696268454379,716.7955,677.998,1057.0969499999992,1369.8513899999991,180.0
view,74,1711696268454379,1711696268554379,741.5446818181819,775.435,1091.2697,1128.90391,220.0
view,75,1711696268554379,1711696268654379,847.6902500000001,872.486,1482.26675,1501.89815,160.0
view,76,1711696268654379,1711696268754379,722.5046363636365,665.224,970.2035,986.7655,110.0
view,77,1711696268754379,1711696268854379,695.108,621.671,1112.734599999999,1427.50852,190.0
view,78,1711696268854379,1711696268954379,773.1785000000001,799.7295,1042.88815,1044.84483,120.0
view,79,1711696268954379,1711696269054379,710.3507222222222,645.6595,1279.4753999999996,1483.8126799999995,180.0
view,80,1711696269054379,1711696269154379,733.8932380952381,632.801,1433.232,1562.1888000000001,210.0
view,81,1711696269154379,1711696269254379,810.8742222222222,1005.992,1203.8472,1212.36944,90.0
view,82,1711696269254379,1711696269354379,691.8943333333334,675.876,1066.4648,1076.2289600000001,150.0
view,83,1711696269354379,1711696269454379,723.294846153846,659.328,1044.9096,1048.21632,130.0
view,84,1711696269454379,1711696269554379,897.0393333333335,909.85,1819.8371999999995,2135.3242400000004,120.0
view,85,1711696269554379,1711696269654379,713.9360909090909,706.5415,1123.98395,1137.40533,220.0
view,86,1711696269654379,1711696269754379,841.8678124999999,725.3285000000001,1152.168,1155.9096,160.0
view,87,1711696269754379,1711696269854379,943.6798571428571,1042.0425,1438.02135,1689.6290699999995,140.0
view,88,1711696269854379,1711696269954379,838.89775,761.3744999999999,1196.1790999999998,1198.43102,120.0
view,89,1711696269954379,1711696270054379,690.2168461538463,743.27,1167.5426,1169.54612,130.0
view,90,1711696270054379,1711696270154379,743.9451,696.1795,1142.42255,1153.69091,100.0
view,91,1711696270154379,1711696270254379,866.14975,931.095,1188.9868,1191.94136,80.0
view,92,1711696270254379,1711696270354379,900.4939166666665,743.7149999999999,1743.7071999999998,1815.63664,120.0
view,93,1711696270354379,1711696270454379,858.4766666666666,749.917,1385.6092999999996,1578.2914600000001,120.0
view,94,1711696270454379,1711696270554379,862.7751538461538,769.605,1160.4825999999998,1171.3037199999999,130.0
view,95,1711696270554379,1711696270654379,1017.1085625000001,946.2305000000001,1705.86625,1766.62285,160.0
view,96,1711696270654379,1711696270754379,862.6057142857143,732.3095000000001,1756.97175,1900.36955,140.0
view,97,1711696270754379,1711696270854379,983.7905833333334,795.643,1499.0944499999996,1733.6324900000004,120.0
view,98,1711696270854379,1711696270954379,679.05985,679.4870000000001,1325.1858000000004,1760.9819599999994,200.0
view,99,1711696270954379,1711696271054379,1149.5181333333335,1156.315,2098.7179999999994,2554.4851999999996,150.0
view,100,1711696271054379,1711696271154379,1128.5348571428572,1126.731,2067.09275,2607.4897499999993,140.0
view,101,1711696271154379,1711696271254379,968.4337142857142,994.9845,1277.6988999999999,1286.13018,140.0
view,102,1711696271254379,1711696271354379,984.3051304347828,841.81,1314.8987,1426.8100800000002,230.0
view,103,1711696271354379,1711696271454379,914.0928,786.4555,1419.7452500000009,2292.7762499999985,200.0
view,104,1711696271454379,1711696271554379,985.7315789473685,1181.802,1359.1998,1370.1999600000001,190.0
view,105,1711696271554379,1711696271654379,851.2918333333336,815.1205,1359.6945,1363.1837,120.0
view,106,1711696271654379,1711696271754379,1052.4934074074074,825.203,1903.2580999999998,2051.85594,270.0
view,107,1711696271754379,1711696271854379,870.6204210526316,803.653,1381.6043999999983,1874.69208,190.0
view,108,1711696271854379,1711696271954379,1223.2308235294117,1267.05,2394.9732,2816.1418400000002,170.0
view,109,1711696271954379,1711696272054379,929.8889523809524,798.272,1382.846,1383.498,210.0
view,110,1711696272054379,1711696272154379,1103.36885,1210.9364999999998,1438.6421000000005,1935.379619999999,200.0
view,111,1711696272154379,1711696272254379,1024.3317333333334,897.953,1460.5778,1461.51076,150.0
view,112,1711696272254379,1711696272354379,837.36225,790.9545,1339.4624499999993,1799.0692900000006,120.0
view,113,1711696272354379,1711696272454379,888.0964615384614,783.038,1633.8605999999995,1783.0777199999998,130.0
view,114,1711696272454379,1711696272554379,1147.7257777777777,1067.4859999999999,2300.5445499999987,2931.5145099999986,180.0
view,115,1711696272554379,1711696272654379,946.6661818181819,1017.612,1424.908,1479.26,110.0
view,116,1711696272654379,1711696272754379,1191.4904375,1336.0545,1553.418,1928.0771999999997,160.0
view,117,1711696272754379,1711696272854379,1147.3149499999995,1312.3805,1679.7814000000005,2132.473879999999,200.0
view,118,1711696272854379,1711696272954379,1166.131105263158,1250.882,2092.5372999999995,2234.61706,190.0
view,119,1711696272954379,1711696273054379,1327.4601904761903,1389.145,2281.375,3051.3782000000006,210.0
view,120,1711696273054379,1711696273154379,1012.6874666666666,891.92,1512.831,1554.2597999999998,150.0
view,121,1711696273154379,1711696273254379,1298.587,950.96,2219.5310500000005,2850.681409999999,200.0
view,122,1711696273254379,1711696273354379,1411.088823529412,1500.22,2290.8081999999995,2817.7560399999998,170.0
view,123,1711696273354379,1711696273454379,1245.32725,938.7555,2558.4760999999994,2830.7032200000003,120.0
view,124,1711696273454379,1711696273554379,1018.2834375,882.811,1552.2379999999998,1579.802,160.0
view,125,1711696273554379,1711696273654379,1030.452739130435,918.098,1578.5651999999998,1612.31168,230.0
view,126,1711696273654379,1711696273754379,1112.687625,899.2725,2003.9554999999996,2224.9343,80.0
view,127,1711696273754379,1711696273854379,1045.8078235294117,919.13,1646.8992,1648.64384,170.0
view,128,1711696273854379,1711696273954379,1195.0590499999998,1208.4375,1641.7816500000001,1676.03713,200.0
view,129,1711696273954379,1711696274054379,1289.3826000000001,1467.161,1843.945899999999,2279.0227799999993,150.0
view,130,1711696274054379,1711696274154379,1288.055388888889,1472.316,2269.9491,2313.1658199999997,180.0
view,131,1711696274154379,1711696274254379,1195.2324285714287,1509.2525,1650.9294499999999,1674.21869,140.0
view,132,1711696274254379,1711696274354379,1300.6841666666667,1275.855,1846.2328499999996,2086.7425700000003,120.0
view,133,1711696274354379,1711696274454379,981.1943888888891,915.537,1618.1151499999999,1626.90143,180.0
view,134,1711696274454379,1711696274554379,958.9023500000001,881.885,1688.7418500000003,2084.0611699999995,200.0
view,135,1711696274554379,1711696274654379,958.6877000000001,910.2735,1678.88165,1703.3483299999998,200.0
view,136,1711696274654379,1711696274754379,1162.6817368421052,1533.133,1596.4797999999998,1607.47276,190.0
view,137,1711696274754379,1711696274854379,1139.0442608695653,933.945,1602.7711000000002,1923.0463600000005,230.0
view,138,1711696274854379,1711696274954379,1393.078666666667,1524.9744999999998,1994.627999999999,2399.3639999999987,180.0
view,139,1711696274954379,1711696275054379,1083.8347647058822,1412.748,1506.4114,1511.42708,170.0
view,140,1711696275054379,1711696275154379,1129.4570833333335,946.0229999999999,1643.8138999999996,1813.4259800000002,120.0
view,141,1711696275154379,1711696275254379,1154.6686249999998,1371.6709999999998,1426.076,1426.6376,160.0
view,142,1711696275254379,1711696275354379,1050.9797999999998,1127.3555000000001,1722.5664,1727.96848,200.0
view,143,1711696275354379,1711696275454379,1104.7558947368423,1275.542,1352.0256,1380.51312,190.0
view,144,1711696275454379,1711696275554379,1017.5987499999999,1043.69,1325.3293999999999,1328.10188,200.0
view,145,1711696275554379,1711696275654379,905.9103888888889,815.0895,1330.6605499999996,1510.4641099999994,180.0
view,146,1711696275654379,1711696275754379,1019.2886666666668,1123.803,1498.1455,1533.5291,150.0
view,147,1711696275754379,1711696275854379,764.3231000000001,718.8465,1406.3507000000002,1443.60134,200.0
view,148,1711696275854379,1711696275954379,708.1458499999999,659.738,1109.4664,1112.69488,200.0
view,149,1711696275954379,1711696276054379,824.2573125,814.9114999999999,1277.04225,1343.85405,160.0
view,150,1711696276054379,1711696276154379,651.664090909091,612.523,954.98725,960.49137,220.0
view,151,1711696276154379,1711696276254379,630.6901538461539,544.056,1107.7115999999992,1372.7575199999994,130.0
view,152,1711696276254379,1711696276354379,721.249909090909,833.142,896.624,899.1736000000001,110.0
view,153,1711696276354379,1711696276454379,577.2252000000001,504.272,938.6340999999998,1042.8820199999998,150.0
view,154,1711696276454379,1711696276554379,550.6636470588236,478.992,808.8878,820.23436,170.0
view,155,1711696276554379,1711696276654379,574.0545833333335,709.181,785.19055,787.88291,120.0
view,156,1711696276654379,1711696276754379,455.26155555555556,626.926,704.2860000000001,713.8028,90.0
view,157,1711696276754379,1711696276854379,401.5253333333333,385.874,840.9818999999995,877.3551699999999,240.0
view,158,1711696276854379,1711696276954379,329.51557142857143,354.1345,561.9434,584.81508,140.0
view,159,1711696276954379,1711696277054379,440.6851176470588,349.655,637.0318,729.8919599999999,170.0
view,160,1711696277054379,1711696277154379,404.22827777777775,452.41499999999996,626.97485,664.78217,180.0
view,161,1711696277154379,1711696277254379,319.6120625,296.794,514.67075,551.72615,160.0
view,162,1711696277254379,1711696277354379,246.86706666666666,264.957,417.3189,428.94617999999997,150.0
view,163,1711696277354379,1711696277454379,200.73971428571426,193.156,407.3488,411.90816,140.0
view,164,1711696277454379,1711696277554379,221.95995652173912,201.855,455.86849999999987,481.97334,230.0
view,165,1711696277554379,1711696277654379,174.31814285714287,169.1565,316.23415,331.01723,140.0
view,166,1711696277654379,1711696277754379,168.72994444444444,169.8435,286.53939999999994,302.02707999999996,180.0
view,167,1711696277754379,1711696277854379,122.18442857142854,107.19550000000001,256.43305,263.11141,140.0
view,168,1711696277854379,1711696277954379,116.82339999999999,116.66,212.3502,212.39884,200.0
view,169,1711696277954379,1711696278054379,92.44723529411765,99.474,171.90519999999998,179.32024,170.0
view,170,1711696278054379,1711696278154379,79.42685714285714,85.304,149.858,153.3068,210.0
view,171,1711696278154379,1711696278254379,32.556400000000004,10.6955,73.99914999999999,81.36223000000001,100.0
view,172,1711696278254379,1711696278354379,22.419,11.575,53.61299999999999,59.9874,170.0
view,173,1711696278354379,1711696278454379,13.30972727272727,12.4145,20.47505,21.02157,220.0
view,174,1711696278454379,1711696278554379,10.85357142857143,10.518,12.391,13.987800000000002,210.0
view,175,1711696278554379,1711696278654379,10.578125,10.4255,11.84075,12.329749999999999,160.0
view,176,1711696278654379,1711696278754379,11.411380952380952,11.551,13.275,16.3438,210.0
view,177,1711696278754379,1711696278854379,9.047714285714287,8.73,10.5811,10.67782,140.0
view,178,1711696278854379,1711696278954379,10.283352941176469,9.964,13.817999999999998,15.008399999999998,170.0
view,179,1711696278954379,1711696279054379,10.506384615384615,10.119,12.545799999999998,13.228359999999999,130.0
view,180,1711696279054379,1711696279154379,10.391071428571427,10.3765,12.458649999999999,12.90533,140.0
view,181,1711696279154379,1711696279254379,9.62695,9.432500000000001,11.433250000000003,12.729049999999999,200.0
view,182,1711696279254379,1711696279354379,10.040625,9.934999999999999,12.217500000000001,12.5115,160.0
view,183,1711696279354379,1711696279454379,12.181263157894739,11.395,17.605999999999998,18.945200000000003,190.0
view,184,1711696279454379,1711696279554379,12.613999999999999,13.043500000000002,17.279699999999995,17.66078,240.0
view,185,1711696279554379,1711696279654379,9.865499999999999,9.249,12.630500000000001,13.6853,160.0
view,186,1711696279654379,1711696279754379,10.2026,9.829,12.154,12.2394,250.0
view,187,1711696279754379,1711696279854379,11.007190476190475,11.562,14.069,14.7626,210.0
view,188,1711696279854379,1711696279954379,10.669666666666668,10.872,12.703199999999999,12.81744,150.0
view,189,1711696279954379,1711696280054379,9.50553846153846,10.164,11.097999999999999,11.11,130.0
view,190,1711696280054379,1711696280154379,11.431928571428571,10.5685,16.3818,17.717159999999996,140.0
view,191,1711696280154379,1711696280254379,10.1505,9.391,13.00475,13.959349999999999,160.0
view,192,1711696280254379,1711696280354379,10.447363636363637,9.913,14.3595,15.3599,110.0
view,193,1711696280354379,1711696280454379,12.341055555555556,11.630500000000001,18.134149999999998,18.298029999999997,180.0
view,194,1711696280454379,1711696280554379,10.88125,10.668,14.082199999999998,15.162840000000001,120.0
view,195,1711696280554379,1711696280654379,10.988222222222223,10.310500000000001,14.648449999999997,16.037689999999998,180.0
view,196,1711696280654379,1711696280754379,12.248363636363633,10.042,22.0555,22.4543,110.0
view,197,1711696280754379,1711696280854379,11.22007142857143,11.4095,13.007599999999998,13.546319999999998,140.0
view,198,1711696280854379,1711696280954379,10.605055555555555,10.456,13.262849999999998,13.833369999999999,180.0
view,199,1711696280954379,1711696281054379,11.55211111111111,11.661,15.274599999999998,16.474919999999997,90.0
view,200,1711696281054379,1711696281154379,9.341357142857143,9.18,11.543,12.1462,140.0
view,201,1711696281154379,1711696281254379,10.4585625,10.6695,12.165,12.5226,160.0
view,202,1711696281254379,1711696281354379,11.471933333333332,11.78,14.148299999999999,14.39526,150.0
view,203,1711696281354379,1711696281454379,10.887416666666669,11.1105,13.354999999999999,14.191,120.0
view,204,1711696281454379,1711696281554379,13.380166666666666,12.064499999999999,21.201749999999993,24.36034999999999,180.0
view,205,1711696281554379,1711696281654379,10.542764705882353,10.806,12.353799999999998,13.86356,170.0
view,206,1711696281654379,1711696281754379,9.386235294117647,8.943,10.976,11.0656,170.0
view,207,1711696281754379,1711696281854379,9.60757894736842,9.014,11.887599999999997,12.503919999999999,190.0
view,208,1711696281854379,1711696281954379,15.558375000000002,12.249,25.0325,25.668100000000003,80.0
view,209,1711696281954379,1711696282054379,13.063421052631577,11.347,21.050199999999993,23.13244,190.0
view,210,1711696282054379,1711696282154379,9.847,9.561499999999999,12.2074,12.39748,120.0
view,211,1711696282154379,1711696282254379,14.033533333333335,10.688,24.08789999999999,28.558379999999993,150.0
view,212,1711696282254379,1711696282354379,11.813444444444444,10.724,19.450899999999994,21.984579999999994,180.0
view,213,1711696282354379,1711696282454379,13.628266666666667,12.408,21.779,22.915799999999997,150.0
view,214,1711696282454379,1711696282554379,10.729500000000002,10.806999999999999,13.35665,13.91133,80.0
view,215,1711696282554379,1711696282654379,11.75493333333333,11.366,16.266799999999993,19.546159999999997,150.0
view,216,1711696282654379,1711696282754379,11.628933333333332,12.127,14.800299999999998,15.713659999999999,150.0
view,217,1711696282754379,1711696282854379,11.7571875,10.661999999999999,16.158,16.4292,160.0
view,218,1711696282854379,1711696282954379,9.8584,9.683,12.014999999999999,12.14264,250.0
view,219,1711696282954379,1711696283054379,10.703,10.4545,13.394549999999999,13.58851,140.0
view,220,1711696283054379,1711696283154379,11.695384615384617,11.562,15.04,15.1384,130.0
view,221,1711696283154379,1711696283254379,11.026263157894737,11.169,14.102999999999993,16.356600000000004,190.0
view,222,1711696283254379,1711696283354379,9.694166666666666,9.4835,11.34095,11.852989999999998,180.0
view,223,1711696283354379,1711696283454379,12.303076923076922,11.232,18.480199999999993,21.090439999999994,130.0
view,224,1711696283454379,1711696283554379,12.201521739130435,11.149,18.1811,19.163880000000002,230.0
view,225,1711696283554379,1711696283654379,9.629714285714286,9.5735,11.1367,11.84494,140.0
view,226,1711696283654379,1711696283754379,9.759625,9.2575,11.7067,11.91894,80.0
view,227,1711696283754379,1711696283854379,10.588923076923075,9.973,13.1982,13.20444,130.0
view,228,1711696283854379,1711696283954379,10.696807692307694,10.600999999999999,12.786000000000001,13.351750000000001,260.0
view,229,1711696283954379,1711696284054379,12.696846153846156,11.524,17.529,17.625,130.0
view,230,1711696284054379,1711696284154379,9.8016,9.338,12.567799999999998,13.32156,150.0
view,231,1711696284154379,1711696284254379,9.156809523809525,8.858,11.746,11.838000000000001,210.0
view,232,1711696284254379,1711696284354379,10.83090909090909,10.624,14.596,15.4928,110.0
view,233,1711696284354379,1711696284454379,9.851611111111112,9.870000000000001,12.10625,13.014049999999997,180.0
view,234,1711696284454379,1711696284554379,15.058352941176471,13.311,26.78899999999999,35.0738,170.0
view,235,1711696284554379,1711696284654379,10.213750000000001,10.2395,12.95325,13.30905,160.0
view,236,1711696284654379,1711696284754379,11.153076923076924,10.71,16.0114,17.21428,130.0
view,237,1711696284754379,1711696284854379,10.324499999999999,10.718,13.310799999999999,13.63736,140.0
view,238,1711696284854379,1711696284954379,12.023954545454545,11.076,17.29405,17.45149,220.0
view,239,1711696284954379,1711696285054379,11.462461538461538,10.542,15.653399999999989,19.402679999999993,130.0
view,240,1711696285054379,1711696285154379,10.324958333333333,10.24,12.60175,13.40437,240.0
view,241,1711696285154379,1711696285254379,9.885653846153845,10.073,12.349,12.5165,260.0
view,242,1711696285254379,1711696285354379,11.294199999999998,11.308,15.222499999999993,18.630099999999995,150.0
view,243,1711696285354379,1711696285454379,10.338375000000001,9.877,12.888750000000002,13.77135,160.0
view,244,1711696285454379,1711696285554379,10.879777777777779,10.5795,14.699949999999998,15.402389999999997,180.0
view,245,1711696285554379,1711696285654379,11.957375,10.605,18.6835,30.168699999999994,160.0
view,246,1711696285654379,1711696285754379,12.230714285714285,11.0545,20.048,21.566399999999998,140.0
view,247,1711696285754379,1711696285854379,11.882176470588236,11.543,16.418999999999997,17.075,170.0
view,248,1711696285854379,1711696285954379,10.587933333333334,10.619,12.914299999999999,13.23406,150.0
view,249,1711696285954379,1711696286054379,10.4462,10.243,12.22985,13.154769999999997,200.0
view,250,1711696286054379,1711696286154379,10.178733333333334,9.641,12.722299999999997,14.262859999999998,150.0
add,0,1711696261054379,1711696261154379,0,0,0,0,0
add,1,1711696261154379,1711696261254379,0,0,0,0,0
add,2,1711696261254379,1711696261354379,0,0,0,0,0
add,3,1711696261354379,1711696261454379,0,0,0,0,0
add,4,1711696261454379,1711696261554379,0,0,0,0,0
add,5,1711696261554379,1711696261654379,0,0,0,0,0
add,6,1711696261654379,1711696261754379,0,0,0,0,0
add,7,1711696261754379,1711696261854379,0,0,0,0,0
add,8,1711696261854379,1711696261954379,0,0,0,0,0
add,9,1711696261954379,1711696262054379,0,0,0,0,0
add,10,1711696262054379,1711696262154379,0,0,0,0,0
add,11,1711696262154379,1711696262254379,0,0,0,0,0
add,12,1711696262254379,1711696262354379,0,0,0,0,0
add,13,1711696262354379,1711696262454379,0,0,0,0,0
add,14,1711696262454379,1711696262554379,3.862,3.862,3.862,3.862,10.0
add,15,1711696262554379,1711696262654379,2.1322,2.32,2.333,2.3338,50.0
add,16,1711696262654379,1711696262754379,7.867999999999999,2.296,25.300999999999995,29.889,50.0
add,17,1711696262754379,1711696262854379,10.965904761904763,10.293,18.46,20.8592,210.0
add,18,1711696262854379,1711696262954379,13.422608695652174,12.056,25.841199999999997,32.71958000000001,230.0
add,19,1711696262954379,1711696263054379,21.8958,20.14,38.808049999999994,41.38241000000001,100.0
add,20,1711696263054379,1711696263154379,34.0544,20.1405,77.655,79.2174,100.0
add,21,1711696263154379,1711696263254379,206.422,181.377,408.55145,524.3854299999999,240.0
add,22,1711696263254379,1711696263354379,268.0373333333334,267.405,386.004,389.2856,210.0
add,23,1711696263354379,1711696263454379,255.59959999999995,248.4805,307.84825000000006,375.91764999999987,200.0
add,24,1711696263454379,1711696263554379,212.1446666666667,212.745,251.1886,253.86092,90.0
add,25,1711696263554379,1711696263654379,176.38813333333331,172.7905,235.80029999999985,311.04138000000006,300.0
add,26,1711696263654379,1711696263754379,135.99213333333333,136.634,176.42159999999998,182.66672,150.0
add,27,1711696263754379,1711696263854379,140.35293333333337,139.823,229.79989999999987,301.0839799999999,150.0
add,28,1711696263854379,1711696263954379,161.2874210526316,160.729,204.20769999999982,259.88314,190.0
add,29,1711696263954379,1711696264054379,187.42300000000003,187.278,261.2131999999998,372.8346399999999,150.0
add,30,1711696264054379,1711696264154379,154.21992307692307,168.403,201.94579999999996,214.38355999999996,130.0
add,31,1711696264154379,1711696264254379,201.65011111111113,187.413,264.7618999999997,415.6851799999996,180.0
add,32,1711696264254379,1711696264354379,203.9395,213.59199999999998,267.06625,274.79725,160.0
add,33,1711696264354379,1711696264454379,223.1522222222222,210.8455,393.2104999999999,453.27489999999983,180.0
add,34,1711696264454379,1711696264554379,233.31244444444448,208.591,484.53209999999996,486.74482,180.0
add,35,1711696264554379,1711696264654379,221.5930476190476,218.918,267.37,275.3804,210.0
add,36,1711696264654379,1711696264754379,241.3518461538461,199.882,455.63359999999983,505.12831999999986,130.0
add,37,1711696264754379,1711696264854379,215.49617647058824,218.726,295.79159999999985,403.76791999999995,170.0
add,38,1711696264854379,1711696264954379,224.2948181818182,224.842,277.7285,285.9873,110.0
add,39,1711696264954379,1711696265054379,266.7521538461539,216.249,557.0514,583.10628,130.0
add,40,1711696265054379,1711696265154379,224.59371428571427,210.949,463.504,464.7096,210.0
add,41,1711696265154379,1711696265254379,280.5865,274.305,381.9447499999999,463.1401500000001,120.0
add,42,1711696265254379,1711696265354379,264.10415789473683,237.011,445.0641999999997,553.4400400000001,190.0
add,43,1711696265354379,1711696265454379,358.90208333333334,252.12349999999998,952.3629,972.26938,120.0
add,44,1711696265454379,1711696265554379,259.6559333333333,245.754,419.91619999999966,595.9096399999999,150.0
add,45,1711696265554379,1711696265654379,215.9050588235294,242.733,323.8106,324.48452000000003,170.0
add,46,1711696265654379,1711696265754379,239.63075000000003,229.3675,311.82665,314.69181000000003,240.0
add,47,1711696265754379,1711696265854379,295.88729411764706,276.885,492.106,514.2244000000001,170.0
add,48,1711696265854379,1711696265954379,230.13627272727274,260.803,335.70500000000004,345.5082,110.0
add,49,1711696265954379,1711696266054379,263.8301538461538,267.881,341.1456,351.58511999999996,130.0
add,50,1711696266054379,1711696266154379,266.0028235294117,269.9,372.9188,378.42216,170.0
add,51,1711696266154379,1711696266254379,325.8789411764706,323.727,593.7011999999999,700.72584,170.0
add,52,1711696266254379,1711696266354379,303.3158125,286.96500000000003,465.55575,678.0223499999998,160.0
add,53,1711696266354379,1711696266454379,260.1976153846154,247.636,529.9109999999994,736.9757999999995,130.0
add,54,1711696266454379,1711696266554379,285.04920000000004,278.76099999999997,379.3515,380.8791,200.0
add,55,1711696266554379,1711696266654379,252.27623076923075,249.674,373.62199999999996,382.5956,130.0
add,56,1711696266654379,1711696266754379,344.3497777777778,315.59950000000003,808.3588,833.9485599999999,180.0
add,57,1711696266754379,1711696266854379,294.10760000000005,296.0215,411.78945,421.18989,200.0
add,58,1711696266854379,1711696266954379,272.71641176470587,294.682,434.7814,444.85948,170.0
add,59,1711696266954379,1711696267054379,299.49417647058823,301.42,509.10219999999975,727.85164,170.0
add,60,1711696267054379,1711696267154379,306.0374375,304.182,664.5795,825.6567,160.0
add,61,1711696267154379,1711696267254379,255.91738888888884,305.834,419.43534999999997,424.93586999999997,180.0
add,62,1711696267254379,1711696267354379,329.1840344827586,311.16,567.8969999999996,887.3753199999996,290.0
add,63,1711696267354379,1711696267454379,337.93148,367.053,451.4688,461.39295999999996,250.0
add,64,1711696267454379,1711696267554379,313.8104666666666,331.736,466.1162,473.74004,150.0
add,65,1711696267554379,1711696267654379,357.10145,371.8325,478.9997500000003,763.4487499999996,200.0
add,66,1711696267654379,1711696267754379,294.6011875,341.323,461.3005,475.28409999999997,160.0
add,67,1711696267754379,1711696267854379,303.65176470588233,366.861,466.525,475.837,170.0
add,68,1711696267854379,1711696267954379,295.20185714285714,364.23699999999997,456.21915,474.8711,280.0
add,69,1711696267954379,1711696268054379,355.7942857142857,388.488,490.99345,491.08029,140.0
add,70,1711696268054379,1711696268154379,244.434,182.94299999999998,457.47175,476.22715,160.0
add,71,1711696268154379,1711696268254379,362.02976923076926,396.127,599.7329999999996,731.1977999999997,130.0
add,72,1711696268254379,1711696268354379,398.0270952380952,432.811,477.769,879.3290000000004,210.0
add,73,1711696268354379,1711696268454379,343.9488,399.688,525.5811000000003,884.6826199999994,200.0
add,74,1711696268454379,1711696268554379,378.55266666666665,432.998,587.6181999999997,748.0436399999999,150.0
add,75,1711696268554379,1711696268654379,360.71299999999997,419.36,538.2326499999996,756.2209299999994,180.0
add,76,1711696268654379,1711696268754379,382.97978571428575,406.447,661.4980999999998,917.5180199999996,140.0
add,77,1711696268754379,1711696268854379,391.7013636363636,463.16150000000005,508.14660000000003,843.6662199999996,220.0
add,78,1711696268854379,1711696268954379,414.3805789473684,452.412,580.342999999999,885.9038,190.0
add,79,1711696268954379,1711696269054379,330.6365294117647,189.999,864.3788,945.54936,170.0
add,80,1711696269054379,1711696269154379,297.9194736842105,195.408,506.5021,507.75562,190.0
add,81,1711696269154379,1711696269254379,404.25625,396.4635,1039.21875,1044.00375,160.0
add,82,1711696269254379,1711696269354379,281.53950000000003,274.05600000000004,483.2331,485.04501999999997,120.0
add,83,1711696269354379,1711696269454379,434.98199999999997,504.964,772.5197999999999,906.3175600000001,90.0
add,84,1711696269454379,1711696269554379,367.2993571428571,483.4995,525.9199,526.47838,140.0
add,85,1711696269554379,1711696269654379,333.0905714285714,441.765,530.1701,557.54602,140.0
add,86,1711696269654379,1711696269754379,285.55893333333336,163.989,528.0895999999999,553.24032,150.0
add,87,1711696269754379,1711696269854379,425.44536842105265,458.204,1044.2152999999998,1110.42866,190.0
add,88,1711696269854379,1711696269954379,420.0026666666667,492.917,964.957,1016.6938,210.0
add,89,1711696269954379,1711696270054379,377.1492692307693,519.711,568.4755,581.8499999999999,260.0
add,90,1711696270054379,1711696270154379,503.90425,535.3365,715.587,1049.9021999999998,160.0
add,91,1711696270154379,1711696270254379,368.6343529411765,481.199,587.5260000000001,589.398,170.0
add,92,1711696270254379,1711696270354379,310.96625,345.745,567.00575,584.55155,160.0
add,93,1711696270354379,1711696270454379,479.2374285714286,563.3605,603.7453,603.8170600000001,140.0
add,94,1711696270454379,1711696270554379,396.3411666666667,529.178,598.16775,599.9119499999999,180.0
add,95,1711696270554379,1711696270654379,539.7635,563.4504999999999,727.57475,1034.9757499999998,160.0
add,96,1711696270654379,1711696270754379,489.9599411764706,566.658,1220.0357999999999,1231.91996,170.0
add,97,1711696270754379,1711696270854379,402.97778571428574,524.7125,603.76675,606.6605500000001,140.0
add,98,1711696270854379,1711696270954379,428.4588,519.499,617.9644,627.50008,150.0
add,99,1711696270954379,1711696271054379,455.09518749999995,530.1275,600.64775,607.39115,160.0
add,100,1711696271054379,1711696271154379,595.2982,564.783,1095.9154999999998,1171.4287,150.0
add,101,1711696271154379,1711696271254379,414.767619047619,526.61,618.538,977.0332000000003,210.0
add,102,1711696271254379,1711696271354379,380.8574375,360.07349999999997,632.0135,635.0890999999999,160.0
add,103,1711696271354379,1711696271454379,392.7579130434782,344.214,628.3419,1073.0262600000008,230.0
add,104,1711696271454379,1711696271554379,498.93984615384613,646.445,669.0944,673.02608,130.0
add,105,1711696271554379,1711696271654379,423.8355882352941,524.911,730.8951999999997,1032.92144,170.0
add,106,1711696271654379,1711696271754379,459.13061111111114,597.3115,672.9022,683.99164,180.0
add,107,1711696271754379,1711696271854379,547.5458421052631,615.517,729.2950999999989,1086.80462,190.0
add,108,1711696271854379,1711696271954379,412.8515454545454,566.3465,671.76845,673.68893,220.0
add,109,1711696271954379,1711696272054379,426.61811764705885,558.149,667.0428,667.55096,170.0
add,110,1711696272054379,1711696272154379,417.3217333333333,587.385,684.3321,689.57202,150.0
add,111,1711696272154379,1711696272254379,469.1133999999999,584.0545,717.0602500000005,1234.897649999999,200.0
add,112,1711696272254379,1711696272354379,568.3826875,634.009,888.5197499999999,1303.5655499999998,160.0
add,113,1711696272354379,1711696272454379,450.7210555555555,597.1775,729.66265,740.6861299999999,180.0
add,114,1711696272454379,1711696272554379,452.67371428571425,592.599,708.775,718.0749999999999,210.0
add,115,1711696272554379,1711696272654379,531.6822857142856,622.4115,709.0305,710.3669,140.0
add,116,1711696272654379,1711696272754379,503.60869230769237,609.5735,744.676,1089.7647499999998,260.0
add,117,1711696272754379,1711696272854379,504.8991875,612.4435000000001,876.6805,1150.4401,160.0
add,118,1711696272854379,1711696272954379,638.6416923076922,663.698,746.7228,757.63656,130.0
add,119,1711696272954379,1711696273054379,567.6211000000001,646.7239999999999,1162.5916499999992,1441.9167300000001,100.0
add,120,1711696273054379,1711696273154379,505.1331333333332,626.479,746.0605,747.5137,150.0
add,121,1711696273154379,1711696273254379,578.7846111111112,729.5125,841.6156499999993,1176.631929999999,180.0
add,122,1711696273254379,1711696273354379,486.0325,643.268,857.3268999999993,1209.0813799999992,180.0
add,123,1711696273354379,1711696273454379,556.7935294117647,650.33,1405.0520000000001,1410.892,170.0
add,124,1711696273454379,1711696273554379,490.5099,621.6465000000001,828.8000500000006,1417.1168099999988,200.0
add,125,1711696273554379,1711696273654379,538.7396842105262,620.314,1358.7894999999994,1558.3267,190.0
add,126,1711696273654379,1711696273754379,523.5542666666666,651.058,792.4046,797.45132,150.0
add,127,1711696273754379,1711696273854379,497.5065789473683,677.487,791.0665,792.5965,190.0
add,128,1711696273854379,1711696273954379,404.4046875,196.2905,802.0895,827.6243000000001,160.0
add,129,1711696273954379,1711696274054379,443.59935294117645,699.895,789.4972,802.1058400000001,170.0
add,130,1711696274054379,1711696274154379,592.7019166666666,721.979,804.08005,813.83441,120.0
add,131,1711696274154379,1711696274254379,513.0001666666666,716.248,813.5749999999999,817.52211,300.0
add,132,1711696274254379,1711696274354379,603.8276111111111,731.8834999999999,958.0345999999988,1531.2637199999986,180.0
add,133,1711696274354379,1711696274454379,740.6245555555555,755.18,1238.7147999999997,1440.95896,90.0
add,134,1711696274454379,1711696274554379,758.30164,797.937,1611.0164,1630.9628,250.0
add,135,1711696274554379,1711696274654379,640.723125,758.0735,1627.08545,1634.15985,240.0
add,136,1711696274654379,1711696274754379,501.83894999999995,737.2495,806.40055,807.35131,200.0
add,137,1711696274754379,1711696274854379,758.1530000000001,758.183,1562.1546,1575.41172,130.0
add,138,1711696274854379,1711696274954379,657.8894166666668,797.9110000000001,1417.6684499999988,1792.6686699999998,240.0
add,139,1711696274954379,1711696275054379,727.4107777777776,812.96,1456.5400499999998,1485.30881,180.0
add,140,1711696275054379,1711696275154379,650.1280588235295,774.159,983.2331999999997,1355.20184,170.0
add,141,1711696275154379,1711696275254379,620.3663333333333,807.3965000000001,1255.875149999999,1328.7384,240.0
add,142,1711696275254379,1711696275354379,794.0300625,858.0,1025.3255,1351.6666999999998,160.0
add,143,1711696275354379,1711696275454379,642.815611111111,795.871,926.8163999999994,1250.9696799999992,180.0
add,144,1711696275454379,1711696275554379,445.492625,483.3965,811.231,820.6678,160.0
add,145,1711696275554379,1711696275654379,517.065642857143,707.6615,777.01375,777.9315499999999,140.0
add,146,1711696275654379,1711696275754379,403.1545333333334,192.752,850.3871999999994,1131.6382399999998,150.0
add,147,1711696275754379,1711696275854379,453.61007142857136,635.5255,687.74685,702.83257,140.0
add,148,1711696275854379,1711696275954379,460.71673333333337,593.504,998.3095999999998,1046.3419199999998,150.0
add,149,1711696275954379,1711696276054379,394.8118571428572,551.6775,763.3332999999998,962.5338599999997,140.0
add,150,1711696276054379,1711696276154379,407.63461111111104,522.5844999999999,590.1948,590.51576,180.0
add,151,1711696276154379,1711696276254379,322.53646153846154,87.581,901.8462,920.4284399999999,130.0
add,152,1711696276254379,1711696276354379,422.5978999999999,488.836,830.3763,842.48166,100.0
add,153,1711696276354379,1711696276454379,339.0084375,433.548,809.778,859.8875999999999,160.0
add,154,1711696276454379,1711696276554379,282.1975454545455,420.597,485.58934999999997,705.5692899999998,220.0
add,155,1711696276554379,1711696276654379,286.9382631578947,396.636,669.4745999999999,670.10532,190.0
add,156,1711696276654379,1711696276754379,269.31556521739134,365.617,429.2838,430.0462,230.0
add,157,1711696276754379,1711696276854379,254.17626086956517,349.387,389.516,404.42812000000004,230.0
add,158,1711696276854379,1711696276954379,178.44070833333333,150.421,368.6642,557.9441599999999,240.0
add,159,1711696276954379,1711696277054379,210.33963636363634,276.463,402.66150000000005,456.45310000000006,110.0
add,160,1711696277054379,1711696277154379,238.44432,265.822,531.9787999999998,652.7539599999997,250.0
add,161,1711696277154379,1711696277254379,197.1242142857143,243.60750000000002,326.3823499999999,393.5772699999999,140.0
add,162,1711696277254379,1711696277354379,180.70715789473684,229.745,267.9706,269.49412,190.0
add,163,1711696277354379,1711696277454379,114.86452631578949,168.431,230.00299999999996,239.60060000000001,190.0
add,164,1711696277454379,1711696277554379,135.1978095238095,155.467,254.043,337.93420000000003,210.0
add,165,1711696277554379,1711696277654379,68.185,55.439,148.54789999999997,155.71838,100.0
add,166,1711696277654379,1711696277754379,72.03861538461538,3.053,216.3569999999998,277.85459999999983,130.0
add,167,1711696277754379,1711696277854379,95.18854999999999,109.185,156.62345,158.15029,200.0
add,168,1711696277854379,1711696277954379,74.7328125,60.188,155.36075,209.72254999999996,160.0
add,169,1711696277954379,1711696278054379,41.97164705882353,32.497,101.619,104.3614,170.0
add,170,1711696278054379,1711696278154379,42.329588235294125,28.139,91.56099999999999,92.18499999999999,170.0
add,171,1711696278154379,1711696278254379,19.19331818181818,3.8385000000000002,56.52155,59.987359999999995,220.0
add,172,1711696278254379,1711696278354379,4.7683333333333335,2.4675000000000002,14.852949999999986,24.168190000000013,120.0
add,173,1711696278354379,1711696278454379,4.269538461538461,3.059,9.799399999999999,10.275079999999999,130.0
add,174,1711696278454379,1711696278554379,2.6529473684210525,2.397,5.682199999999999,6.11564,190.0
add,175,1711696278554379,1711696278654379,2.3474705882352938,2.19,3.4035999999999995,3.9015199999999997,170.0
add,176,1711696278654379,1711696278754379,3.1002000000000005,2.643,5.470399999999997,6.9700799999999985,150.0
add,177,1711696278754379,1711696278854379,2.8413888888888885,2.597,4.56095,4.65139,180.0
add,178,1711696278854379,1711696278954379,3.003,2.794,4.977999999999998,5.594799999999998,130.0
add,179,1711696278954379,1711696279054379,3.032625,2.6935000000000002,5.835149999999998,6.13321,240.0
add,180,1711696279054379,1711696279154379,3.0772727272727267,2.825,4.6475,5.2991,110.0
add,181,1711696279154379,1711696279254379,3.1304375,2.9375,4.78275,4.85175,160.0
add,182,1711696279254379,1711696279354379,2.8278000000000003,2.5815,4.6132,5.04184,200.0
add,183,1711696279354379,1711696279454379,3.5439999999999996,2.537,7.363399999999999,7.88308,150.0
add,184,1711696279454379,1711696279554379,4.523153846153846,3.7969999999999997,7.27975,9.95725,260.0
add,185,1711696279554379,1711696279654379,3.2420625000000003,3.104,4.912,5.0632,160.0
add,186,1711696279654379,1711696279754379,2.6342307692307694,2.2510000000000003,4.03425,4.25425,260.0
add,187,1711696279754379,1711696279854379,3.022235294117647,2.666,4.466,4.7956,170.0
add,188,1711696279854379,1711696279954379,2.7415714285714285,2.4965,4.05725,4.1690499999999995,140.0
add,189,1711696279954379,1711696280054379,2.8870666666666667,2.495,4.488899999999998,5.470579999999999,150.0
add,190,1711696280054379,1711696280154379,3.8310769230769233,3.07,7.164799999999997,8.058559999999998,130.0
add,191,1711696280154379,1711696280254379,2.8718125,2.403,4.70325,5.925449999999999,160.0
add,192,1711696280254379,1711696280354379,2.8039473684210527,2.587,4.275799999999997,5.25356,190.0
add,193,1711696280354379,1711696280454379,3.952,2.999,10.2812,10.40344,170.0
add,194,1711696280454379,1711696280554379,2.953875,2.4285,5.50725,5.81505,160.0
add,195,1711696280554379,1711696280654379,3.3077391304347827,2.498,7.4103999999999965,8.921460000000002,230.0
add,196,1711696280654379,1711696280754379,3.4632631578947373,2.743,7.3178999999999945,8.980380000000002,190.0
add,197,1711696280754379,1711696280854379,3.331888888888889,2.6645,6.823599999999998,7.669519999999998,180.0
add,198,1711696280854379,1711696280954379,3.1220000000000003,2.5625,4.713200000000005,9.519439999999992,200.0
add,199,1711696280954379,1711696281054379,3.3247692307692307,2.693,6.587999999999993,8.971199999999996,130.0
add,200,1711696281054379,1711696281154379,2.8663499999999997,2.4400000000000004,4.64785,4.919169999999999,200.0
add,201,1711696281154379,1711696281254379,3.0982666666666665,3.002,4.3849,4.4425799999999995,150.0
add,202,1711696281254379,1711696281354379,3.1956875,3.0835,4.18725,4.49745,160.0
add,203,1711696281354379,1711696281454379,3.0129444444444444,2.852,4.585849999999999,5.142769999999999,180.0
add,204,1711696281454379,1711696281554379,3.752944444444444,3.242,6.315349999999999,6.7838699999999985,180.0
add,205,1711696281554379,1711696281654379,3.6193571428571434,3.1885,6.241449999999999,7.337089999999998,140.0
add,206,1711696281654379,1711696281754379,2.4759999999999995,2.0725,3.9029999999999996,4.187029999999999,220.0
add,207,1711696281754379,1711696281854379,2.771642857142857,2.4815,4.325949999999999,5.541189999999998,140.0
add,208,1711696281854379,1711696281954379,5.810363636363636,6.178000000000001,9.454099999999999,10.689629999999998,220.0
add,209,1711696281954379,1711696282054379,3.9948888888888883,3.477,6.594399999999997,8.101279999999996,180.0
add,210,1711696282054379,1711696282154379,2.7828095238095236,2.678,3.865,4.939400000000001,210.0
add,211,1711696282154379,1711696282254379,3.913692307692308,3.698,6.841799999999999,6.972359999999999,130.0
add,212,1711696282254379,1711696282354379,4.1931111111111115,3.171,8.2208,8.25696,90.0
add,213,1711696282354379,1711696282454379,3.3322000000000003,2.5860000000000003,4.864550000000003,7.760909999999995,200.0
add,214,1711696282454379,1711696282554379,2.9539090909090913,2.412,5.173,5.244199999999999,110.0
add,215,1711696282554379,1711696282654379,3.4899333333333336,2.833,6.809699999999999,7.1619399999999995,150.0
add,216,1711696282654379,1711696282754379,4.066,3.4705,6.62875,6.79375,120.0
add,217,1711696282754379,1711696282854379,2.470818181818182,2.378,3.4345,3.5733,110.0
add,218,1711696282854379,1711696282954379,2.5838125,2.2560000000000002,3.8085,3.8409,160.0
add,219,1711696282954379,1711696283054379,3.0625,2.6615,4.757,4.9682,120.0
add,220,1711696283054379,1711696283154379,3.058846153846154,2.624,4.975799999999999,5.6319599999999985,130.0
add,221,1711696283154379,1711696283254379,3.2869499999999996,2.84,6.049850000000004,9.467569999999993,200.0
add,222,1711696283254379,1711696283354379,2.9448125000000003,2.5854999999999997,4.9175,6.977899999999999,160.0
add,223,1711696283354379,1711696283454379,4.2954,3.64,8.783399999999997,10.32228,150.0
add,224,1711696283454379,1711696283554379,2.9496500000000005,2.423,5.3333,5.793859999999999,200.0
add,225,1711696283554379,1711696283654379,2.326947368421053,2.197,3.335299999999997,4.26626,190.0
add,226,1711696283654379,1711696283754379,3.0115416666666666,2.4565,5.171649999999999,5.785699999999999,240.0
add,227,1711696283754379,1711696283854379,3.0871578947368423,2.115,7.733399999999988,11.717880000000001,190.0
add,228,1711696283854379,1711696283954379,2.7099166666666665,2.3465,4.236699999999999,4.53854,120.0
add,229,1711696283954379,1711696284054379,3.5071818181818184,2.441,7.598,9.018,110.0
add,230,1711696284054379,1711696284154379,2.5898,2.284,3.829400000000002,5.705079999999997,200.0
add,231,1711696284154379,1711696284254379,2.848375,2.098,5.35425,5.86125,160.0
add,232,1711696284254379,1711696284354379,2.8090434782608695,2.277,5.833799999999997,6.839540000000001,230.0
add,233,1711696284354379,1711696284454379,3.1665625,2.4185,6.98425,7.28965,160.0
add,234,1711696284454379,1711696284554379,3.9025000000000003,2.9765,8.83,10.356399999999999,160.0
add,235,1711696284554379,1711696284654379,3.0105000000000004,2.4240000000000004,5.797049999999998,8.671849999999997,220.0
add,236,1711696284654379,1711696284754379,4.05655,3.7315,6.45525,7.325449999999998,200.0
add,237,1711696284754379,1711696284854379,2.388,2.3555,3.17605,3.25921,120.0
add,238,1711696284854379,1711696284954379,3.3640000000000003,2.978,5.988999999999999,6.644199999999999,150.0
add,239,1711696284954379,1711696285054379,2.89465,2.6159999999999997,4.7087,5.0537399999999995,200.0
add,240,1711696285054379,1711696285154379,3.564076923076923,3.275,5.723999999999998,6.191999999999999,130.0
add,241,1711696285154379,1711696285254379,2.4849375,2.1555,4.0085,4.2737,160.0
add,242,1711696285254379,1711696285354379,2.5864166666666666,2.2165,4.3218,4.71956,120.0
add,243,1711696285354379,1711696285454379,3.4412499999999997,2.6725000000000003,6.638899999999998,7.915780000000002,120.0
add,244,1711696285454379,1711696285554379,2.806785714285714,2.4835000000000003,4.4203,4.73126,140.0
add,245,1711696285554379,1711696285654379,4.869625,3.2525000000000004,12.62625,21.883649999999996,160.0
add,246,1711696285654379,1711696285754379,3.6732352941176476,2.851,7.4982,7.8860399999999995,170.0
add,247,1711696285754379,1711696285854379,4.241111111111111,3.682,8.035799999999998,9.05116,90.0
add,248,1711696285854379,1711696285954379,3.3672222222222223,3.091,6.7372499999999995,6.78825,180.0
add,249,1711696285954379,1711696286054379,3.4819285714285715,2.6254999999999997,6.8215499999999984,8.658709999999997,140.0
add,250,1711696286054379,1711696286154379,3.2298421052631583,3.135,4.824599999999999,4.99452,190.0
