srv-usertimeline,pod784f5df2-cf8d-4fb8-b446-28003780bfa8,14.364672
srv-usertimeline,pod78aa1e33-c959-470b-a4f2-72e2904488c7,15.568896
srv-usertimeline,pod856f265e-bdc6-40cb-85b3-94ba83db41cd,15.60576
srv-usertimeline,pod77fd29da-0e3e-4a1b-af22-89dfd1672259,21.44256
srv-usertimeline,pod46c51b5a-56ad-4f35-b21d-b84ac5a7b8de,17.79712
srv-hometimeline,pod63b246eb-8db1-4461-b790-06497ae8fcc3,19.951616
srv-hometimeline,pod051225b7-950c-4960-ab83-f31319f44fd6,17.424384
srv-hometimeline,podd064aba0-8a35-42f9-894d-cbf9c89b2a51,20.574208
srv-poststorage,pod5fd86def-3bc5-4f9b-822f-fcfba219525b,15.142912
srv-text,podb6e5df09-4a50-4870-80ea-c21fa42201ed,10.022912
srv-text,pode9498e7a-1d00-4d9d-94d2-87751bdd1949,10.379264
srv-text,pod95e37961-338b-462d-be40-d595d7419738,10.0352
srv-text,podc6e82a07-7ded-4ee7-a470-8c6ab0554c25,10.919936
srv-text,podf40bc646-fe32-4fa7-94fd-fcdb36411ad7,9.990144
srv-media,pode27f356c-445d-48ab-884d-3528b77013d9,14.176256
srv-media,podcb978a24-1245-4d23-af70-dc5a04bfb699,13.463552
