checkout,0,1711695379369682,1711695379469682,0,0,0,0,0
checkout,1,1711695379469682,1711695379569682,0,0,0,0,0
checkout,2,1711695379569682,1711695379669682,0,0,0,0,0
checkout,3,1711695379669682,1711695379769682,0,0,0,0,0
checkout,4,1711695379769682,1711695379869682,0,0,0,0,0
checkout,5,1711695379869682,1711695379969682,0,0,0,0,0
checkout,6,1711695379969682,1711695380069682,0,0,0,0,0
checkout,7,1711695380069682,1711695380169682,0,0,0,0,0
checkout,8,1711695380169682,1711695380269682,0,0,0,0,0
checkout,9,1711695380269682,1711695380369682,0,0,0,0,0
checkout,10,1711695380369682,1711695380469682,0,0,0,0,0
checkout,11,1711695380469682,1711695380569682,0,0,0,0,0
checkout,12,1711695380569682,1711695380669682,0,0,0,0,0
checkout,13,1711695380669682,1711695380769682,0,0,0,0,0
checkout,14,1711695380769682,1711695380869682,0,0,0,0,0
checkout,15,1711695380869682,1711695380969682,168.49099999999999,169.947,175.1796,175.32952,50.0
checkout,16,1711695380969682,1711695381069682,131.18123529411764,131.054,153.32999999999998,162.162,170.0
checkout,17,1711695381069682,1711695381169682,96.11870833333332,94.84299999999999,108.41475,111.03658,240.0
checkout,18,1711695381169682,1711695381269682,102.55384615384615,94.49950000000001,118.7445,167.4915,260.0
checkout,19,1711695381269682,1711695381369682,138.0428148148148,137.23,151.82989999999998,168.28579999999997,270.0
checkout,20,1711695381369682,1711695381469682,145.56896551724137,142.4,195.51919999999998,210.9896,290.0
checkout,21,1711695381469682,1711695381569682,147.21395238095238,149.338,190.956,202.9664,210.0
checkout,22,1711695381569682,1711695381669682,154.28707692307694,158.066,188.5243,223.4055199999999,390.0
checkout,23,1711695381669682,1711695381769682,185.83570370370373,193.957,222.3654,265.6552799999999,270.0
checkout,24,1711695381769682,1711695381869682,168.119,166.158,221.9,239.47520000000003,210.0
checkout,25,1711695381869682,1711695381969682,179.29973076923076,171.89,263.08975,273.64875,260.0
checkout,26,1711695381969682,1711695382069682,214.13109090909091,206.44400000000002,321.53885,445.5116999999999,220.0
checkout,27,1711695382069682,1711695382169682,177.22608695652173,172.701,252.49120000000002,312.4623600000001,230.0
checkout,28,1711695382169682,1711695382269682,177.7235925925926,196.932,240.3359,312.8382599999999,270.0
checkout,29,1711695382269682,1711695382369682,180.144,174.801,250.69479999999993,286.4805599999999,250.0
checkout,30,1711695382369682,1711695382469682,202.61067857142854,202.268,285.45224999999994,344.55355000000003,280.0
checkout,31,1711695382469682,1711695382569682,200.79217647058826,189.084,282.9935999999999,351.63872,170.0
checkout,32,1711695382569682,1711695382669682,191.59010000000004,182.21,314.26675000000006,343.50774999999993,200.0
checkout,33,1711695382669682,1711695382769682,210.66420833333333,199.868,322.2786,430.5167599999999,240.0
checkout,34,1711695382769682,1711695382869682,223.43533333333332,220.547,409.13079999999997,430.80718,270.0
checkout,35,1711695382869682,1711695382969682,200.61364,200.375,299.6375999999999,359.1810399999998,250.0
checkout,36,1711695382969682,1711695383069682,213.2529642857143,228.4035,345.03804999999994,361.66855,280.0
checkout,37,1711695383069682,1711695383169682,226.60526923076924,210.209,371.98400000000004,430.66900000000004,260.0
checkout,38,1711695383169682,1711695383269682,234.4106129032258,223.911,350.4515,381.76509999999996,310.0
checkout,39,1711695383269682,1711695383369682,241.88413793103447,247.996,383.6162,485.0559599999999,290.0
checkout,40,1711695383369682,1711695383469682,281.365,274.874,382.39939999999996,449.14627999999993,290.0
checkout,41,1711695383469682,1711695383569682,278.7273928571429,260.9925,461.8632499999999,574.85878,280.0
checkout,42,1711695383569682,1711695383669682,257.64546666666666,260.911,380.55509999999987,419.30918,300.0
checkout,43,1711695383669682,1711695383769682,259.5783714285714,240.894,478.9980999999999,541.7769199999999,350.0
checkout,44,1711695383769682,1711695383869682,231.10417241379312,210.99,398.41819999999996,405.08835999999997,290.0
checkout,45,1711695383869682,1711695383969682,325.40485,269.68899999999996,496.3804000000007,1232.8720799999987,200.0
checkout,46,1711695383969682,1711695384069682,314.2616315789474,317.971,620.4075999999999,629.83672,190.0
checkout,47,1711695384069682,1711695384169682,285.7527666666667,287.9575,420.6933999999999,522.1160900000001,300.0
checkout,48,1711695384169682,1711695384269682,304.5932068965517,301.809,481.11259999999993,530.76428,290.0
checkout,49,1711695384269682,1711695384369682,284.16427272727276,266.959,480.10599999999994,513.92332,330.0
checkout,50,1711695384369682,1711695384469682,313.3861481481482,305.531,538.0108,737.4600599999997,270.0
checkout,51,1711695384469682,1711695384569682,316.315129032258,283.306,591.3109999999999,786.8853999999998,310.0
checkout,52,1711695384569682,1711695384669682,332.7359666666667,275.09749999999997,615.5503999999999,744.1338500000002,300.0
checkout,53,1711695384669682,1711695384769682,352.8325,334.311,676.9162499999999,713.22424,240.0
checkout,54,1711695384769682,1711695384869682,285.1307272727272,287.679,599.5605,648.6825,110.0
checkout,55,1711695384869682,1711695384969682,336.108,304.019,587.141,709.5125699999999,240.0
checkout,56,1711695384969682,1711695385069682,308.8654444444444,286.0885,511.3624999999999,554.3452999999998,180.0
checkout,57,1711695385069682,1711695385169682,383.1060689655173,351.11,698.5388,935.5279199999997,290.0
checkout,58,1711695385169682,1711695385269682,307.9749333333333,268.338,566.2775,576.2539,150.0
checkout,59,1711695385269682,1711695385369682,350.6875128205128,335.247,545.9486,872.0791599999988,390.0
checkout,60,1711695385369682,1711695385469682,318.465375,305.788,570.0318,604.5306499999999,240.0
checkout,61,1711695385469682,1711695385569682,406.1451666666666,363.8375,713.1275999999999,951.6849300000002,300.0
checkout,62,1711695385569682,1711695385669682,360.189,302.285,797.3423999999995,851.91764,250.0
checkout,63,1711695385669682,1711695385769682,403.06006666666667,368.9895,824.7905999999996,941.89583,300.0
checkout,64,1711695385769682,1711695385869682,347.0235172413792,296.485,673.5186,914.5703599999996,290.0
checkout,65,1711695385869682,1711695385969682,429.2479333333333,448.1005,766.7104999999999,990.5914300000002,300.0
checkout,66,1711695385969682,1711695386069682,450.78433333333334,461.317,771.8779,794.40936,270.0
checkout,67,1711695386069682,1711695386169682,450.0780322580645,423.192,801.568,979.3171999999998,310.0
checkout,68,1711695386169682,1711695386269682,444.83990625,430.067,843.42345,996.2432900000001,320.0
checkout,69,1711695386269682,1711695386369682,414.81231578947364,336.217,860.0279999999999,863.952,190.0
checkout,70,1711695386369682,1711695386469682,371.6941794871796,342.761,595.9831000000001,709.0037,390.0
checkout,71,1711695386469682,1711695386569682,442.5352692307692,474.382,686.835,730.4730000000001,260.0
checkout,72,1711695386569682,1711695386669682,445.91067741935484,488.182,766.5685,1004.2895999999998,310.0
checkout,73,1711695386669682,1711695386769682,431.4554074074074,421.499,752.0751,831.4947199999999,270.0
checkout,74,1711695386769682,1711695386869682,450.23893103448285,373.09,737.206,948.8399999999997,290.0
checkout,75,1711695386869682,1711695386969682,491.877962962963,492.211,726.5659,960.1011999999995,270.0
checkout,76,1711695386969682,1711695387069682,485.73094999999995,472.812,814.1627499999997,1086.62673,400.0
checkout,77,1711695387069682,1711695387169682,522.2791304347826,501.463,939.2566,1066.0070600000001,230.0
checkout,78,1711695387169682,1711695387269682,495.20265217391307,514.322,787.3009999999999,809.46276,230.0
checkout,79,1711695387269682,1711695387369682,431.7651891891892,392.253,713.9785999999999,914.9970000000002,370.0
checkout,80,1711695387369682,1711695387469682,455.8408928571428,503.63800000000003,891.0183499999996,992.21362,280.0
checkout,81,1711695387469682,1711695387569682,460.09614814814813,395.705,684.3041,799.5450599999998,270.0
checkout,82,1711695387569682,1711695387669682,537.4625925925926,511.485,942.6107,1039.62646,270.0
checkout,83,1711695387669682,1711695387769682,406.63851612903227,357.539,845.15,933.9256999999999,310.0
checkout,84,1711695387769682,1711695387869682,463.4247142857143,491.107,846.4865999999998,892.7758399999999,350.0
checkout,85,1711695387869682,1711695387969682,606.2001904761904,598.118,1037.445,1138.9682,210.0
checkout,86,1711695387969682,1711695388069682,696.2594838709676,611.504,1378.4495,1715.9637999999998,310.0
checkout,87,1711695388069682,1711695388169682,636.2890384615384,590.923,1248.66175,1817.673,260.0
checkout,88,1711695388169682,1711695388269682,457.4402666666667,431.41499999999996,893.6290999999997,1100.9526300000002,300.0
checkout,89,1711695388269682,1711695388369682,583.6295384615385,562.788,1320.8260000000002,1386.43204,390.0
checkout,90,1711695388369682,1711695388469682,596.0930952380952,606.307,972.824,1428.2056000000002,210.0
checkout,91,1711695388469682,1711695388569682,497.83965000000006,510.053,782.87275,812.64575,200.0
checkout,92,1711695388569682,1711695388669682,501.44027272727277,524.2785,920.44405,1102.0348599999998,220.0
checkout,93,1711695388669682,1711695388769682,560.6376666666664,507.559,1054.6009000000001,1432.9987799999985,390.0
checkout,94,1711695388769682,1711695388869682,629.3881379310344,609.208,1192.0355999999997,1465.0787199999995,290.0
checkout,95,1711695388869682,1711695388969682,614.6293666666664,603.238,972.3141999999998,1373.5143500000004,300.0
checkout,96,1711695388969682,1711695389069682,607.1792647058824,536.2745,1038.61955,1134.58904,340.0
checkout,97,1711695389069682,1711695389169682,582.4391052631579,496.291,1214.092699999999,1538.7313400000003,190.0
checkout,98,1711695389169682,1711695389269682,602.4125,560.607,1033.2670999999998,1127.97677,220.0
checkout,99,1711695389269682,1711695389369682,470.16400000000004,470.997,900.1432499999999,959.11622,280.0
checkout,100,1711695389369682,1711695389469682,520.2794838709677,507.068,1072.8629999999998,1145.5881,310.0
checkout,101,1711695389469682,1711695389569682,624.2554642857143,515.852,1112.27865,1545.7778100000003,280.0
checkout,102,1711695389569682,1711695389669682,654.1108636363637,601.588,1147.2576,1203.17457,220.0
checkout,103,1711695389669682,1711695389769682,638.5861,612.988,1168.3735,1254.37333,400.0
checkout,104,1711695389769682,1711695389869682,603.8602272727273,562.5615,1133.5761,1235.29263,220.0
checkout,105,1711695389869682,1711695389969682,677.1964722222222,647.884,1142.153,1260.9413,360.0
checkout,106,1711695389969682,1711695390069682,604.9604814814816,600.968,982.3281999999999,1137.6334999999997,270.0
checkout,107,1711695390069682,1711695390169682,768.9341923076923,732.6375,1281.57375,1649.1185,260.0
checkout,108,1711695390169682,1711695390269682,635.7121599999999,658.141,1283.5819999999997,1329.6092800000001,250.0
checkout,109,1711695390269682,1711695390369682,662.7010322580644,667.432,1184.9675000000002,1844.1551999999995,310.0
checkout,110,1711695390369682,1711695390469682,520.1567777777777,515.3085,1060.9436500000002,1061.93033,180.0
checkout,111,1711695390469682,1711695390569682,687.1044642857145,594.938,1396.2349,1913.2833200000005,280.0
checkout,112,1711695390569682,1711695390669682,636.3285806451612,586.496,1220.5695,1244.5975,310.0
checkout,113,1711695390669682,1711695390769682,693.3673636363636,616.8765000000001,1242.6752999999999,2341.7956299999987,220.0
checkout,114,1711695390769682,1711695390869682,780.5987599999999,700.496,1745.114799999999,1837.1990799999999,250.0
checkout,115,1711695390869682,1711695390969682,722.4419,651.011,1331.97025,1395.4340499999998,200.0
checkout,116,1711695390969682,1711695391069682,680.1508076923078,605.374,1192.38475,1301.3687499999999,260.0
checkout,117,1711695391069682,1711695391169682,667.6159999999999,737.26,1252.2195999999994,1437.8037999999997,250.0
checkout,118,1711695391169682,1711695391269682,762.9778333333333,737.764,1485.1545999999998,1716.5628800000002,300.0
checkout,119,1711695391269682,1711695391369682,750.9571875,746.7484999999999,1422.13295,2200.5997300000013,320.0
checkout,120,1711695391369682,1711695391469682,786.756090909091,750.6949999999999,1206.2998,1371.5423899999998,220.0
checkout,121,1711695391469682,1711695391569682,908.7343157894735,870.563,1335.093699999997,2389.9707400000007,190.0
checkout,122,1711695391569682,1711695391669682,888.9520833333332,840.7315000000001,1550.53395,1802.2497899999998,240.0
checkout,123,1711695391669682,1711695391769682,599.6664705882354,527.329,1229.1093999999998,1347.45308,170.0
checkout,124,1711695391769682,1711695391869682,830.5052857142856,797.454,1512.8302999999999,1796.0110100000002,280.0
checkout,125,1711695391869682,1711695391969682,942.604875,878.687,1926.515799999999,2166.21271,240.0
checkout,126,1711695391969682,1711695392069682,738.8159375,797.0425,1269.52485,1281.3320800000001,320.0
checkout,127,1711695392069682,1711695392169682,1059.2501904761905,877.629,1786.093,2169.0330000000004,210.0
checkout,128,1711695392169682,1711695392269682,691.9105151515153,668.365,1434.6278,1565.1115599999998,330.0
checkout,129,1711695392269682,1711695392369682,928.2610434782607,1102.28,1570.3696,2361.255320000001,230.0
checkout,130,1711695392369682,1711695392469682,981.3289999999998,833.962,1676.982,2212.8164000000006,210.0
checkout,131,1711695392469682,1711695392569682,835.3574285714285,709.655,2067.771,2085.835,210.0
checkout,132,1711695392569682,1711695392669682,825.0558235294118,761.866,1601.73145,2101.2957400000014,340.0
checkout,133,1711695392669682,1711695392769682,940.9177272727271,873.044,1718.0555999999997,1945.63584,330.0
checkout,134,1711695392769682,1711695392869682,699.2676785714285,710.8765000000001,1158.2682999999997,1441.7275200000001,280.0
checkout,135,1711695392869682,1711695392969682,745.68559375,751.248,1383.47535,1505.27955,320.0
checkout,136,1711695392969682,1711695393069682,890.2371333333334,798.463,1589.7242999999999,1630.12573,300.0
checkout,137,1711695393069682,1711695393169682,949.7359250000002,927.2445,1620.2999499999994,1836.15005,400.0
checkout,138,1711695393169682,1711695393269682,868.8896363636363,871.809,1577.3741,1624.5564299999999,220.0
checkout,139,1711695393269682,1711695393369682,622.7814285714286,598.731,1242.351,1309.3038,210.0
checkout,140,1711695393369682,1711695393469682,799.8921666666664,781.27,1610.25175,2301.382790000001,300.0
checkout,141,1711695393469682,1711695393569682,859.5232352941176,858.2535,1571.5505,1632.8207800000002,340.0
checkout,142,1711695393569682,1711695393669682,910.8587619047618,997.031,1515.339,1519.3781999999999,210.0
checkout,143,1711695393669682,1711695393769682,1028.0429677419354,1169.563,1825.5325,2250.7607,310.0
checkout,144,1711695393769682,1711695393869682,982.52868,929.247,1654.1739999999998,1994.772039999999,250.0
checkout,145,1711695393869682,1711695393969682,1029.5131212121214,866.455,2067.5165999999995,3165.3444799999997,330.0
checkout,146,1711695393969682,1711695394069682,882.3563703703704,883.874,1665.7280999999998,1835.9561599999997,270.0
checkout,147,1711695394069682,1711695394169682,777.8021000000001,829.24,1666.54705,1691.16146,300.0
checkout,148,1711695394169682,1711695394269682,855.6034642857142,839.031,1534.1069499999996,1659.8464,280.0
checkout,149,1711695394269682,1711695394369682,872.0896666666666,860.664,1683.1034499999998,1980.8900800000001,300.0
checkout,150,1711695394369682,1711695394469682,874.9441724137932,828.941,1656.3057999999999,1692.4676399999998,290.0
checkout,151,1711695394469682,1711695394569682,879.1723142857143,891.084,1683.3852,2080.226479999998,350.0
checkout,152,1711695394569682,1711695394669682,831.4285142857143,814.973,1735.8744,1754.80776,350.0
checkout,153,1711695394669682,1711695394769682,1072.7781304347827,905.483,1768.3595,2369.098320000001,230.0
checkout,154,1711695394769682,1711695394869682,914.5463600000002,890.925,1707.9868,1995.6213999999993,250.0
checkout,155,1711695394869682,1711695394969682,940.8446,899.358,1730.0264,1744.8872800000001,250.0
checkout,156,1711695394969682,1711695395069682,918.3545428571427,885.467,2187.6113999999984,2718.536919999999,350.0
checkout,157,1711695395069682,1711695395169682,1117.445625,950.8765000000001,1770.3515,1793.7302,240.0
checkout,158,1711695395169682,1711695395269682,1099.8252692307692,1013.242,1798.05175,1812.28475,260.0
checkout,159,1711695395269682,1711695395369682,1025.7582592592591,1022.815,1792.7443,1818.96048,270.0
checkout,160,1711695395369682,1711695395469682,957.34576,909.537,1836.3795999999998,2370.104359999999,250.0
checkout,161,1711695395469682,1711695395569682,1155.1016296296295,1021.031,1970.1957,3092.0427999999974,270.0
checkout,162,1711695395569682,1711695395669682,1148.563294117647,1071.243,2429.4969499999997,2462.0052,340.0
checkout,163,1711695395669682,1711695395769682,1106.0906956521737,970.067,1765.9673,2132.4111600000006,230.0
checkout,164,1711695395769682,1711695395869682,931.00928125,895.0550000000001,1843.0198999999998,2738.0224500000013,320.0
checkout,165,1711695395869682,1711695395969682,1139.1628148148147,1330.645,1719.2024999999999,1731.03414,270.0
checkout,166,1711695395969682,1711695396069682,1119.0265555555557,1278.225,1730.1344,1892.5505199999998,270.0
checkout,167,1711695396069682,1711695396169682,985.0858484848485,1006.015,1703.7066,1712.90436,330.0
checkout,168,1711695396169682,1711695396269682,960.3284666666664,982.3045,1505.5182499999996,1661.7116200000003,300.0
checkout,169,1711695396269682,1711695396369682,936.4703548387098,958.993,1635.5929999999998,1652.3918999999999,310.0
checkout,170,1711695396369682,1711695396469682,935.5276666666667,927.1475,1612.0094,1620.0208,300.0
checkout,171,1711695396469682,1711695396569682,878.5714999999999,930.3675000000001,1604.1565,1613.6470000000002,260.0
checkout,172,1711695396569682,1711695396669682,958.2281785714285,887.4105,1588.0814,1591.40179,280.0
checkout,173,1711695396669682,1711695396769682,952.13871875,897.81,1749.8814499999996,2134.0978400000004,320.0
checkout,174,1711695396769682,1711695396869682,907.0511142857143,838.017,1594.6965999999998,1975.5667599999986,350.0
checkout,175,1711695396869682,1711695396969682,700.4600769230769,742.7484999999999,1312.7545,1496.72475,260.0
checkout,176,1711695396969682,1711695397069682,885.9259411764706,811.6659999999999,1745.715349999999,2077.94773,340.0
checkout,177,1711695397069682,1711695397169682,854.6758055555556,766.4845,1443.3622500000001,1806.4673999999993,360.0
checkout,178,1711695397169682,1711695397269682,845.8853571428571,780.9159999999999,1447.3856,1584.98323,280.0
checkout,179,1711695397269682,1711695397369682,680.8121874999999,715.4290000000001,1405.9668,1414.49893,320.0
checkout,180,1711695397369682,1711695397469682,788.6793200000002,761.172,1402.9502,1415.94744,250.0
checkout,181,1711695397469682,1711695397569682,747.849814814815,730.034,1391.9127,1620.4634199999996,270.0
checkout,182,1711695397569682,1711695397669682,777.23712,718.43,1367.917,1385.99928,250.0
checkout,183,1711695397669682,1711695397769682,746.6156874999999,709.138,1353.51255,1360.96143,320.0
checkout,184,1711695397769682,1711695397869682,653.152875,713.6555000000001,1384.17685,1537.2010500000001,320.0
checkout,185,1711695397869682,1711695397969682,682.966448275862,689.806,1302.8888,1348.3613599999999,290.0
checkout,186,1711695397969682,1711695398069682,619.7584615384615,703.0425,1295.49325,1314.7952500000001,260.0
checkout,187,1711695398069682,1711695398169682,605.6285652173913,534.772,1287.3652,1812.1443600000007,230.0
checkout,188,1711695398169682,1711695398269682,659.4293999999999,634.988,1276.6706000000001,1655.1045199999992,250.0
checkout,189,1711695398269682,1711695398369682,622.417588235294,672.5509999999999,1255.7087999999999,1401.2616500000004,340.0
checkout,190,1711695398369682,1711695398469682,655.2490333333333,667.5889999999999,1232.7747499999998,1619.1153100000006,300.0
checkout,191,1711695398469682,1711695398569682,544.5704193548387,626.177,1147.016,1172.1436,310.0
checkout,192,1711695398569682,1711695398669682,668.2190434782609,626.423,1410.2625,1566.1960000000001,230.0
checkout,193,1711695398669682,1711695398769682,517.1979999999999,585.777,1133.52875,1149.41915,360.0
checkout,194,1711695398769682,1711695398869682,619.2578139534885,590.868,1143.4682999999998,1459.636439999999,430.0
checkout,195,1711695398869682,1711695398969682,482.9151499999999,568.071,1077.7371,1087.89222,200.0
checkout,196,1711695398969682,1711695399069682,633.6121111111112,591.903,1095.3632,1295.9314599999996,270.0
checkout,197,1711695399069682,1711695399169682,414.7370357142857,539.864,949.0427499999997,1071.06558,280.0
checkout,198,1711695399169682,1711695399269682,335.2049259259259,261.729,1007.5334,1050.39448,270.0
checkout,199,1711695399269682,1711695399369682,616.8281904761905,666.27,1044.713,1061.001,210.0
checkout,200,1711695399369682,1711695399469682,425.817,495.9255,1046.67695,1073.39889,220.0
checkout,201,1711695399469682,1711695399569682,307.34134482758617,392.748,604.0756,909.5032799999994,290.0
checkout,202,1711695399569682,1711695399669682,510.6976956521739,487.515,1009.0608999999998,1216.5353800000003,230.0
checkout,203,1711695399669682,1711695399769682,453.13424,472.739,988.7227999999997,1287.6696799999993,250.0
checkout,204,1711695399769682,1711695399869682,408.4744166666667,449.5825,836.2733999999999,892.87672,240.0
checkout,205,1711695399869682,1711695399969682,440.90046666666666,515.625,1035.7224999999992,1291.59128,300.0
checkout,206,1711695399969682,1711695400069682,539.44584375,446.514,995.0559,1235.0305700000004,320.0
checkout,207,1711695400069682,1711695400169682,381.9770384615384,421.06899999999996,900.87575,1146.83475,260.0
checkout,208,1711695400169682,1711695400269682,357.50829032258065,416.043,904.9315,910.8042,310.0
checkout,209,1711695400269682,1711695400369682,340.95849999999996,376.76,793.6925,1128.4696699999997,220.0
checkout,210,1711695400369682,1711695400469682,332.2891153846154,377.08500000000004,764.65975,820.5725,260.0
checkout,211,1711695400469682,1711695400569682,239.0542222222222,115.804,629.6146999999999,672.5297,270.0
checkout,212,1711695400569682,1711695400669682,303.7047714285714,350.56,788.5930999999999,809.76902,350.0
checkout,213,1711695400669682,1711695400769682,215.48523333333333,91.578,540.9402999999995,685.8773000000001,300.0
checkout,214,1711695400769682,1711695400869682,308.53493749999996,335.69,726.2559,760.44986,320.0
checkout,215,1711695400869682,1711695400969682,245.88394117647059,343.027,669.7665999999999,719.56052,170.0
checkout,216,1711695400969682,1711695401069682,312.535972972973,340.573,680.4867999999999,715.57256,370.0
checkout,217,1711695401069682,1711695401169682,267.259,311.79999999999995,718.6028,833.5771400000002,340.0
checkout,218,1711695401169682,1711695401269682,230.0788181818182,292.656,581.2949499999999,599.22258,220.0
checkout,219,1711695401269682,1711695401369682,236.1149333333333,255.723,657.00315,822.8025600000002,300.0
checkout,220,1711695401369682,1711695401469682,285.97573529411767,275.293,694.2462499999997,855.9627700000002,340.0
checkout,221,1711695401469682,1711695401569682,256.3428,264.017,539.2715999999999,557.00424,250.0
checkout,222,1711695401569682,1711695401669682,193.9321315789474,234.0035,392.1554499999997,601.5589900000001,380.0
checkout,223,1711695401669682,1711695401769682,216.25095999999996,219.344,498.4744,573.4193599999999,250.0
checkout,224,1711695401769682,1711695401869682,198.71642424242424,200.239,506.238,602.9481999999999,330.0
checkout,225,1711695401869682,1711695401969682,193.3917857142857,177.32850000000002,534.4627499999999,643.40308,280.0
checkout,226,1711695401969682,1711695402069682,226.76727272727274,217.231,717.0675,727.38097,220.0
checkout,227,1711695402069682,1711695402169682,121.55275,22.851999999999997,304.376,437.1917499999998,360.0
checkout,228,1711695402169682,1711695402269682,89.70761290322582,20.822,270.462,362.1741999999999,310.0
checkout,229,1711695402269682,1711695402369682,129.51656250000002,98.971,314.03315,399.6997600000001,320.0
checkout,230,1711695402369682,1711695402469682,99.04376,33.229,251.5912,279.29239999999993,250.0
checkout,231,1711695402469682,1711695402569682,155.46944444444446,139.533,395.38359999999994,476.7623399999999,270.0
checkout,232,1711695402569682,1711695402669682,140.22262962962964,133.786,378.47769999999986,445.08255999999994,270.0
checkout,233,1711695402669682,1711695402769682,103.85254838709676,29.807,277.96299999999997,303.17789999999997,310.0
checkout,234,1711695402769682,1711695402869682,93.12114999999999,66.56099999999999,253.6414,266.08108,200.0
checkout,235,1711695402869682,1711695402969682,70.63777419354838,32.746,149.75900000000001,159.9839,310.0
checkout,236,1711695402969682,1711695403069682,81.77054285714286,65.403,237.46469999999997,243.58502,350.0
checkout,237,1711695403069682,1711695403169682,69.8481304347826,39.773,175.76539999999994,189.74768000000003,230.0
checkout,238,1711695403169682,1711695403269682,75.23752941176471,68.1195,143.7528999999999,191.40772000000004,340.0
checkout,239,1711695403269682,1711695403369682,77.78322222222222,76.651,112.17739999999999,143.16127999999992,270.0
checkout,240,1711695403369682,1711695403469682,73.8630303030303,64.216,112.3442,117.77448,330.0
checkout,241,1711695403469682,1711695403569682,54.73875,49.599000000000004,92.23429999999999,115.44794999999998,240.0
checkout,242,1711695403569682,1711695403669682,32.23972222222222,27.394,55.26125,65.92574999999998,360.0
checkout,243,1711695403669682,1711695403769682,23.484589743589748,21.924,31.2834,35.97389999999998,390.0
checkout,244,1711695403769682,1711695403869682,20.535999999999998,18.6955,35.789999999999985,40.57918,280.0
checkout,245,1711695403869682,1711695403969682,20.20533333333333,19.044,30.446799999999996,38.111539999999984,270.0
checkout,246,1711695403969682,1711695404069682,34.167486486486474,34.928,58.47579999999999,60.48012,370.0
checkout,247,1711695404069682,1711695404169682,20.1962,20.238,27.67649999999999,29.82889,300.0
checkout,248,1711695404169682,1711695404269682,16.900185185185183,16.777,21.677,23.645339999999997,270.0
checkout,249,1711695404269682,1711695404369682,15.531357142857143,15.377,18.51045,20.419980000000002,280.0
checkout,250,1711695404369682,1711695404469682,23.10919230769231,24.241,31.249,32.504000000000005,260.0
browse,0,1711695379369682,1711695379469682,0,0,0,0,0
browse,1,1711695379469682,1711695379569682,0,0,0,0,0
browse,2,1711695379569682,1711695379669682,0,0,0,0,0
browse,3,1711695379669682,1711695379769682,0,0,0,0,0
browse,4,1711695379769682,1711695379869682,0,0,0,0,0
browse,5,1711695379869682,1711695379969682,0,0,0,0,0
browse,6,1711695379969682,1711695380069682,0,0,0,0,0
browse,7,1711695380069682,1711695380169682,0,0,0,0,0
browse,8,1711695380169682,1711695380269682,0,0,0,0,0
browse,9,1711695380269682,1711695380369682,0,0,0,0,0
browse,10,1711695380369682,1711695380469682,0,0,0,0,0
browse,11,1711695380469682,1711695380569682,0,0,0,0,0
browse,12,1711695380569682,1711695380669682,0,0,0,0,0
browse,13,1711695380669682,1711695380769682,0,0,0,0,0
browse,14,1711695380769682,1711695380869682,0,0,0,0,0
browse,15,1711695380869682,1711695380969682,49.57340000000001,32.42,94.48320000000001,94.73104000000001,50.0
browse,16,1711695380969682,1711695381069682,35.563199999999995,31.674,53.556599999999996,55.61212,50.0
browse,17,1711695381069682,1711695381169682,26.841523809523807,27.759,39.5,46.3984,210.0
browse,18,1711695381169682,1711695381269682,13.439478260869565,12.326,22.2741,26.015920000000005,230.0
browse,19,1711695381269682,1711695381369682,21.835526315789473,19.053,35.602199999999975,43.04844,190.0
browse,20,1711695381369682,1711695381469682,31.721703703703707,30.45,48.8011,50.485,270.0
browse,21,1711695381469682,1711695381569682,35.0408,36.995,53.18689999999999,59.25337999999999,150.0
browse,22,1711695381569682,1711695381669682,59.05451612903225,54.913,106.035,117.45839999999998,310.0
browse,23,1711695381669682,1711695381769682,84.34984,81.346,142.40659999999994,159.23607999999996,250.0
browse,24,1711695381769682,1711695381869682,104.53900000000002,97.422,154.1854,156.52836,250.0
browse,25,1711695381869682,1711695381969682,109.28270270270271,102.805,210.06019999999953,317.73204,370.0
browse,26,1711695381969682,1711695382069682,177.7249259259259,165.117,355.45559999999995,395.97178,270.0
browse,27,1711695382069682,1711695382169682,191.10054285714287,194.397,280.4324999999998,344.51931999999994,350.0
browse,28,1711695382169682,1711695382269682,189.91184615384614,179.791,278.12699999999995,312.8975,260.0
browse,29,1711695382269682,1711695382369682,205.77085714285712,195.066,368.50874999999996,446.87726000000004,280.0
browse,30,1711695382369682,1711695382469682,221.80539393939392,234.854,298.15720000000005,324.16808000000003,330.0
browse,31,1711695382469682,1711695382569682,250.53519999999997,235.428,463.2065999999997,519.3230799999999,250.0
browse,32,1711695382569682,1711695382669682,196.63375,194.589,316.05764999999997,365.05102000000005,320.0
browse,33,1711695382669682,1711695382769682,231.53529411764708,214.8055,452.3165499999999,503.25417000000004,340.0
browse,34,1711695382769682,1711695382869682,270.714,220.41449999999998,658.3265999999995,970.5880299999999,240.0
browse,35,1711695382869682,1711695382969682,204.31004166666665,149.95499999999998,527.9167999999999,588.13404,240.0
browse,36,1711695382969682,1711695383069682,325.5782592592593,392.325,491.06649999999996,505.9611,270.0
browse,37,1711695383069682,1711695383169682,317.06684,348.276,519.6449999999998,630.4245599999997,250.0
browse,38,1711695383169682,1711695383269682,364.37093333333326,388.049,522.2103,547.26526,150.0
browse,39,1711695383269682,1711695383369682,341.35573913043476,323.95,608.9864999999999,631.42096,230.0
browse,40,1711695383369682,1711695383469682,293.33321875,267.317,556.26305,585.0945700000001,320.0
browse,41,1711695383469682,1711695383569682,309.9281111111111,306.349,453.66549999999995,492.37229999999994,270.0
browse,42,1711695383569682,1711695383669682,349.1838333333333,336.4955,592.5879999999997,740.0079600000001,300.0
browse,43,1711695383669682,1711695383769682,324.1948695652174,331.572,485.8041,507.5639,230.0
browse,44,1711695383769682,1711695383869682,339.79804545454544,365.005,587.3179999999999,597.4037999999999,220.0
browse,45,1711695383869682,1711695383969682,326.27125,307.932,594.9477999999999,702.7764500000001,320.0
browse,46,1711695383969682,1711695384069682,329.3529736842105,310.3565,617.57395,885.951390000001,380.0
browse,47,1711695384069682,1711695384169682,331.2370833333333,336.812,486.41909999999996,597.55887,240.0
browse,48,1711695384169682,1711695384269682,353.0817272727273,376.7345,529.58255,734.5233899999998,220.0
browse,49,1711695384269682,1711695384369682,306.44722222222225,283.429,485.66049999999996,584.5577799999999,270.0
browse,50,1711695384369682,1711695384469682,379.23126666666667,367.1205,672.5013499999998,723.6983700000001,300.0
browse,51,1711695384469682,1711695384569682,426.00480952380957,418.958,766.776,827.3424000000001,210.0
browse,52,1711695384569682,1711695384669682,380.6263214285714,340.41549999999995,671.3466,683.7500100000001,280.0
browse,53,1711695384669682,1711695384769682,435.958388888889,440.994,839.19375,872.7333499999999,360.0
browse,54,1711695384769682,1711695384869682,447.3398571428571,442.5285,650.78455,748.23787,280.0
browse,55,1711695384869682,1711695384969682,403.53635135135136,408.0,706.9001999999999,763.70628,370.0
browse,56,1711695384969682,1711695385069682,471.75139999999993,450.4075,783.6630499999998,941.7816700000001,300.0
browse,57,1711695385069682,1711695385169682,456.49030303030304,489.133,682.3636,813.1712799999999,330.0
browse,58,1711695385169682,1711695385269682,478.4065,460.62850000000003,762.6301499999998,1216.5679899999996,220.0
browse,59,1711695385269682,1711695385369682,437.0044418604652,403.345,789.4723999999999,968.0260399999995,430.0
browse,60,1711695385369682,1711695385469682,478.1936153846154,499.05449999999996,810.34825,869.847,260.0
browse,61,1711695385469682,1711695385569682,565.1092,558.3225,941.7441499999996,1154.5663000000002,300.0
browse,62,1711695385569682,1711695385669682,465.20534482758626,405.948,843.6997999999998,897.2138,290.0
browse,63,1711695385669682,1711695385769682,511.570303030303,513.483,989.4489999999997,1095.51764,330.0
browse,64,1711695385769682,1711695385869682,425.05733333333336,352.4275,809.1139999999994,1078.9368700000002,300.0
browse,65,1711695385869682,1711695385969682,478.36204000000004,537.938,800.6822000000001,906.0221599999998,250.0
browse,66,1711695385969682,1711695386069682,545.9217777777778,510.327,915.1911999999999,1279.5146199999992,270.0
browse,67,1711695386069682,1711695386169682,477.3560833333333,429.62,848.6414999999998,950.2284099999999,240.0
browse,68,1711695386169682,1711695386269682,615.4562758620689,511.345,1125.7787999999998,1366.8408799999997,290.0
browse,69,1711695386269682,1711695386369682,549.682,551.754,997.3526,1022.8361199999999,290.0
browse,70,1711695386369682,1711695386469682,641.0065937500001,610.8125,1190.6458,1370.3345700000004,320.0
browse,71,1711695386469682,1711695386569682,577.8759310344828,517.735,912.664,1350.5359999999991,290.0
browse,72,1711695386569682,1711695386669682,656.8138095238096,540.334,1230.751,1335.0142,210.0
browse,73,1711695386669682,1711695386769682,559.14868,584.88,805.9124,840.3641599999999,250.0
browse,74,1711695386769682,1711695386869682,647.9260357142857,599.549,1133.78725,1265.1448100000002,280.0
browse,75,1711695386869682,1711695386969682,615.0004615384615,679.6265000000001,1072.897,1377.134,260.0
browse,76,1711695386969682,1711695387069682,599.8943823529412,571.999,1109.0881499999998,1419.4493900000007,340.0
browse,77,1711695387069682,1711695387169682,598.8357631578948,579.7345,1013.5947499999997,1375.900220000001,380.0
browse,78,1711695387169682,1711695387269682,614.1802307692308,596.2095,1143.3667500000001,1574.15175,260.0
browse,79,1711695387269682,1711695387369682,674.0014285714286,714.57,1093.992,1110.648,210.0
browse,80,1711695387369682,1711695387469682,680.7281538461538,677.239,1164.2694999999999,1335.49475,260.0
browse,81,1711695387469682,1711695387569682,572.2566923076923,535.9475,1079.4975,1250.9105,260.0
browse,82,1711695387569682,1711695387669682,606.5373636363636,596.978,1262.6642,1425.92264,330.0
browse,83,1711695387669682,1711695387769682,705.8979655172415,764.951,1120.6867999999997,1265.8783999999998,290.0
browse,84,1711695387769682,1711695387869682,716.4115517241379,695.465,1339.4681999999998,1479.8501999999999,290.0
browse,85,1711695387869682,1711695387969682,587.9061481481481,504.201,1114.9661,1447.8289199999992,270.0
browse,86,1711695387969682,1711695388069682,685.5770833333332,642.865,1094.5519,1104.4269,240.0
browse,87,1711695388069682,1711695388169682,621.1258076923076,608.557,1028.5475,1255.83825,260.0
browse,88,1711695388169682,1711695388269682,683.9057647058823,566.7665,1329.4843999999998,1550.8787900000004,340.0
browse,89,1711695388269682,1711695388369682,845.8118571428571,819.919,1511.7248499999996,1782.06894,280.0
browse,90,1711695388369682,1711695388469682,701.1660666666668,755.8715,1413.3392999999996,1538.33218,300.0
browse,91,1711695388469682,1711695388569682,780.9331333333333,877.3305,1249.73815,1319.3842800000002,300.0
browse,92,1711695388569682,1711695388669682,804.2478,787.6804999999999,1537.171,1869.3548200000005,300.0
browse,93,1711695388669682,1711695388769682,875.9208000000002,910.9525000000001,1368.3110499999998,1593.4770500000002,300.0
browse,94,1711695388769682,1711695388869682,802.1569310344829,734.222,1565.3219999999997,1804.6595999999997,290.0
browse,95,1711695388869682,1711695388969682,787.7163913043478,758.24,1468.4980999999996,1578.65426,230.0
browse,96,1711695388969682,1711695389069682,808.0636666666667,781.534,1388.41425,1724.6003999999994,360.0
browse,97,1711695389069682,1711695389169682,937.5408823529411,923.242,1509.1415499999998,1986.9790700000012,340.0
browse,98,1711695389169682,1711695389269682,734.3752399999998,644.212,1529.3125999999993,1663.18256,250.0
browse,99,1711695389269682,1711695389369682,798.1874054054055,782.487,1386.0929999999998,1535.7701200000001,370.0
browse,100,1711695389369682,1711695389469682,834.7503666666667,754.3705,1527.994,1857.8978000000004,300.0
browse,101,1711695389469682,1711695389569682,843.9276060606061,783.479,1540.5197999999998,2106.9962,330.0
browse,102,1711695389569682,1711695389669682,829.3074285714287,819.081,1387.7781999999993,1542.63518,350.0
browse,103,1711695389669682,1711695389769682,783.27725,848.6395,1316.9844,1393.04116,240.0
browse,104,1711695389769682,1711695389869682,926.7055806451615,956.955,1763.887,2150.7792999999997,310.0
browse,105,1711695389869682,1711695389969682,827.2526666666666,839.406,1402.04215,1438.8137,240.0
browse,106,1711695389969682,1711695390069682,823.5959687500001,753.8309999999999,1553.0726,1824.19442,320.0
browse,107,1711695390069682,1711695390169682,1032.4791304347825,1002.853,1667.7799,1799.47358,230.0
browse,108,1711695390169682,1711695390269682,847.4690357142856,780.1859999999999,1554.5791,1632.89783,280.0
browse,109,1711695390269682,1711695390369682,1011.6078529411762,991.591,1699.9044499999998,1731.23829,340.0
browse,110,1711695390369682,1711695390469682,1034.2099166666667,1076.9795,1829.4042499999994,2034.86832,240.0
browse,111,1711695390469682,1711695390569682,1030.9738484848485,919.843,1802.76,2306.56972,330.0
browse,112,1711695390569682,1711695390669682,881.9885454545456,926.414,1399.99955,1494.4747599999998,220.0
browse,113,1711695390669682,1711695390769682,1115.6090625,1118.9765,1884.4913,2122.19066,320.0
browse,114,1711695390769682,1711695390869682,1096.3521785714286,1097.065,1840.6115499999992,2162.6757199999997,280.0
browse,115,1711695390869682,1711695390969682,853.0000869565217,722.937,1530.5458999999998,1656.5543400000001,230.0
browse,116,1711695390969682,1711695391069682,1085.0477826086958,1008.78,2036.8684,2045.60586,230.0
browse,117,1711695391069682,1711695391169682,1144.8723703703704,1014.987,2054.6782,2367.0992799999995,270.0
browse,118,1711695391169682,1711695391269682,1131.889303030303,1054.497,1796.5828,2059.7545999999998,330.0
browse,119,1711695391269682,1711695391369682,1033.8237647058825,1047.193,1999.1721499999996,2484.915050000001,340.0
browse,120,1711695391369682,1711695391469682,1054.7821379310344,1026.826,1698.7095999999997,2041.3236799999995,290.0
browse,121,1711695391469682,1711695391569682,1099.157125,1082.9745,1802.1018,1964.5215100000003,320.0
browse,122,1711695391569682,1711695391669682,1217.5384615384617,1160.1505000000002,1988.8675,2284.1885,260.0
browse,123,1711695391669682,1711695391769682,1084.209653846154,1081.961,2337.92275,2520.73925,260.0
browse,124,1711695391769682,1711695391869682,1132.2548125,1128.558,1830.64385,2026.0428900000002,320.0
browse,125,1711695391869682,1711695391969682,1155.0473529411763,1164.5715,2141.4658,2272.74839,340.0
browse,126,1711695391969682,1711695392069682,1079.8441785714288,943.5855,2216.63425,2851.9295700000002,280.0
browse,127,1711695392069682,1711695392169682,1121.3477419354838,1089.8,1907.229,2152.7181,310.0
browse,128,1711695392169682,1711695392269682,1304.7417419354842,1255.272,2118.3410000000003,2495.4695999999994,310.0
browse,129,1711695392269682,1711695392369682,1380.597114285714,1354.739,2090.6768999999986,2784.342679999998,350.0
browse,130,1711695392369682,1711695392469682,1222.4405,1166.538,2567.791099999998,3196.6571400000003,340.0
browse,131,1711695392469682,1711695392569682,1206.1597407407407,1217.041,2009.9351,2270.8166599999995,270.0
browse,132,1711695392569682,1711695392669682,1292.8605199999997,1105.32,2484.0043999999994,2561.95048,250.0
browse,133,1711695392669682,1711695392769682,1155.0241290322583,1082.902,2116.2865,2227.7769,310.0
browse,134,1711695392769682,1711695392869682,1176.958488372093,1227.705,1946.0808999999997,2210.84834,430.0
browse,135,1711695392869682,1711695392969682,1244.8215,1123.4904999999999,2092.4799,2892.5046600000014,320.0
browse,136,1711695392969682,1711695393069682,1425.3592222222221,1550.0805,2075.57425,2643.8077499999995,360.0
browse,137,1711695393069682,1711695393169682,1345.9261612903224,1264.271,2120.2215,2402.3349,310.0
browse,138,1711695393169682,1711695393269682,1053.0489615384615,1078.745,1510.5515,1597.2972499999998,260.0
browse,139,1711695393269682,1711695393369682,1364.96055,1440.1855,2392.5485,2446.0449,200.0
browse,140,1711695393369682,1711695393469682,1320.7383703703704,1218.576,2857.7378999999996,3240.4127999999996,270.0
browse,141,1711695393469682,1711695393569682,1066.937052631579,1018.01,1805.7918999999995,1957.74718,190.0
browse,142,1711695393569682,1711695393669682,1307.6813333333337,1246.655,2225.3456499999993,2964.9769100000008,300.0
browse,143,1711695393669682,1711695393769682,1261.2810357142857,1209.6315,2296.5425999999993,2913.5604100000005,280.0
browse,144,1711695393769682,1711695393869682,1237.4679500000002,1246.2655,1888.0734,1906.77548,200.0
browse,145,1711695393869682,1711695393969682,1408.3608620689656,1365.827,2607.949999999998,3013.562,290.0
browse,146,1711695393969682,1711695394069682,1136.35596875,1174.6129999999998,2111.5795,2132.33279,320.0
browse,147,1711695394069682,1711695394169682,1355.0475757575757,1366.145,2464.0132,2821.23776,330.0
browse,148,1711695394169682,1711695394269682,1263.66075,1164.2955000000002,2698.91095,3675.580310000001,320.0
browse,149,1711695394269682,1711695394369682,1397.3642307692307,1351.451,2476.70975,2491.24125,260.0
browse,150,1711695394369682,1711695394469682,1467.9038181818182,1478.129,2542.3127999999997,3073.27852,330.0
browse,151,1711695394469682,1711695394569682,1247.3787599999998,1231.744,2130.2673999999993,2676.475079999999,250.0
browse,152,1711695394569682,1711695394669682,1278.294303030303,1300.79,2358.1088,2507.06244,330.0
browse,153,1711695394669682,1711695394769682,1418.9969705882354,1314.261,2559.56825,3446.382880000002,340.0
browse,154,1711695394769682,1711695394869682,1605.3916818181822,1513.9445,2524.71285,3620.1863299999986,220.0
browse,155,1711695394869682,1711695394969682,1448.3534411764708,1411.0675,2489.2878,2808.730990000001,340.0
browse,156,1711695394969682,1711695395069682,1504.266304347826,1417.65,2563.5465999999997,2871.64312,230.0
browse,157,1711695395069682,1711695395169682,1345.4545882352943,1170.3204999999998,2451.325449999999,2923.4729400000006,340.0
browse,158,1711695395169682,1711695395269682,1262.593409090909,1269.797,2184.8623000000002,2487.5997399999997,220.0
browse,159,1711695395269682,1711695395369682,1051.4494166666666,933.2625,1796.0302999999994,2114.0332600000006,120.0
browse,160,1711695395369682,1711695395469682,1372.7489696969697,1444.107,2298.7817999999997,2726.6407999999997,330.0
browse,161,1711695395469682,1711695395569682,1390.4357368421051,1498.55,2335.2050999999988,2803.50102,190.0
browse,162,1711695395569682,1711695395669682,1283.7949117647058,1339.2505,2078.3690999999994,2232.00855,340.0
browse,163,1711695395669682,1711695395769682,1167.0033055555555,981.9615,2212.1745,2362.9323999999997,360.0
browse,164,1711695395769682,1711695395869682,1463.1717931034482,1491.58,2378.4114,2413.6020399999998,290.0
browse,165,1711695395869682,1711695395969682,1150.4747142857145,1204.6705000000002,1831.6847999999998,1986.36046,280.0
browse,166,1711695395969682,1711695396069682,1417.4735,1456.132,2318.6677499999996,2361.15157,380.0
browse,167,1711695396069682,1711695396169682,1151.1301025641028,1093.274,2152.7025000000003,2461.39256,390.0
browse,168,1711695396169682,1711695396269682,1437.4066206896555,1408.839,2253.9279999999994,2643.8959999999997,290.0
browse,169,1711695396269682,1711695396369682,1229.682653846154,1316.9035,2195.92125,2282.91575,260.0
browse,170,1711695396369682,1711695396469682,1405.6085,1369.0375,2174.0416999999998,2314.42541,280.0
browse,171,1711695396469682,1711695396569682,1248.22705,1425.775,1814.6835,1823.7807,200.0
browse,172,1711695396569682,1711695396669682,1261.0878611111107,1221.113,1899.91675,2146.2754999999993,360.0
browse,173,1711695396669682,1711695396769682,1348.7586363636362,1321.1805,2269.7954999999997,2491.9318099999996,220.0
browse,174,1711695396769682,1711695396869682,960.7338260869566,1056.782,1738.1253,1774.51486,230.0
browse,175,1711695396869682,1711695396969682,1184.89392,1098.704,1870.4759999999997,2035.0741999999998,250.0
browse,176,1711695396969682,1711695397069682,1268.7845185185186,1073.955,2472.0425999999993,2790.79,270.0
browse,177,1711695397069682,1711695397169682,1331.9878,1427.3809999999999,1860.2808499999999,1958.0633500000001,300.0
browse,178,1711695397169682,1711695397269682,977.2365882352942,1012.202,1699.0162999999998,1789.04315,340.0
browse,179,1711695397269682,1711695397369682,1051.57575,882.1885,1952.1547,2380.5772799999995,240.0
browse,180,1711695397369682,1711695397469682,1052.6341071428571,1038.9395,1870.8346499999996,1962.98793,280.0
browse,181,1711695397469682,1711695397569682,867.3519393939395,709.657,1710.465,1871.4045999999998,330.0
browse,182,1711695397569682,1711695397669682,1033.1130384615385,1018.509,1926.0995,2333.95,260.0
browse,183,1711695397669682,1711695397769682,1271.857,1215.818,2325.86375,2338.87595,160.0
browse,184,1711695397769682,1711695397869682,936.96308,845.846,1654.6951999999999,1795.1130799999996,250.0
browse,185,1711695397869682,1711695397969682,868.5666470588236,914.654,1670.5818499999996,1819.0599900000002,340.0
browse,186,1711695397969682,1711695398069682,856.9765,807.8995,1426.4875499999996,1697.3849800000005,340.0
browse,187,1711695398069682,1711695398169682,828.4682962962963,841.438,1427.4961999999998,1697.2151599999995,270.0
browse,188,1711695398169682,1711695398269682,906.667777777778,747.4,1529.5975,1753.5683799999997,270.0
browse,189,1711695398269682,1711695398369682,917.4629285714285,957.0815,1596.5487499999997,1906.47521,280.0
browse,190,1711695398369682,1711695398469682,914.1725909090911,840.614,1652.2093999999997,2154.8645599999995,220.0
browse,191,1711695398469682,1711695398569682,774.9911562499999,706.8945,1584.07485,1662.78753,320.0
browse,192,1711695398569682,1711695398669682,756.00425,648.8155,1557.8980999999999,1595.55854,320.0
browse,193,1711695398669682,1711695398769682,622.7353666666669,609.8145,1264.7637999999993,1557.4878600000002,300.0
browse,194,1711695398769682,1711695398869682,696.0747647058824,612.3045,1401.2344999999996,1809.4943400000006,340.0
browse,195,1711695398869682,1711695398969682,622.9436896551725,577.043,1103.7502,1165.3878,290.0
browse,196,1711695398969682,1711695399069682,610.7483478260871,573.489,1253.4967999999997,1378.2225400000002,230.0
browse,197,1711695399069682,1711695399169682,670.5521379310346,562.214,1479.4661999999998,1520.33172,290.0
browse,198,1711695399169682,1711695399269682,750.0215428571429,556.955,1466.4715999999999,1667.8131999999991,350.0
browse,199,1711695399269682,1711695399369682,530.8915806451613,527.355,1296.1505,1482.3064,310.0
browse,200,1711695399369682,1711695399469682,586.62748,488.263,1217.4205999999992,1435.6621999999995,250.0
browse,201,1711695399469682,1711695399569682,653.2905555555556,641.703,1446.2308,1462.26548,270.0
browse,202,1711695399569682,1711695399669682,583.2296176470588,621.0805,1059.5600999999997,1274.3546800000004,340.0
browse,203,1711695399669682,1711695399769682,519.6318695652175,441.864,1235.8038999999997,1272.39012,230.0
browse,204,1711695399769682,1711695399869682,544.6154230769231,482.353,1042.19425,1168.59425,260.0
browse,205,1711695399869682,1711695399969682,555.4153103448275,516.059,1022.3793999999999,1092.4510799999998,290.0
browse,206,1711695399969682,1711695400069682,490.7661363636364,515.5395,878.9608,923.90868,220.0
browse,207,1711695400069682,1711695400169682,561.0636571428571,533.97,1173.2024999999996,1287.60918,350.0
browse,208,1711695400169682,1711695400269682,461.84688888888894,431.71500000000003,1085.90175,1151.7400499999999,360.0
browse,209,1711695400269682,1711695400369682,484.07960869565227,387.676,1084.2223999999999,1115.63038,230.0
browse,210,1711695400369682,1711695400469682,451.91364864864863,436.147,1123.4187999999997,1200.2304800000002,370.0
browse,211,1711695400469682,1711695400569682,396.02626470588234,354.397,889.0097499999997,1093.3249500000002,340.0
browse,212,1711695400569682,1711695400669682,403.04845161290325,413.664,726.598,750.3422,310.0
browse,213,1711695400669682,1711695400769682,471.4849666666667,467.8035,987.4335499999997,1034.53832,300.0
browse,214,1711695400769682,1711695400869682,367.01800000000003,324.365,975.0464999999999,1030.6942999999999,310.0
browse,215,1711695400869682,1711695400969682,266.40671875,321.092,625.81665,664.37197,320.0
browse,216,1711695400969682,1711695401069682,342.41703703703706,341.574,637.7116,699.2918799999999,270.0
browse,217,1711695401069682,1711695401169682,311.10740625000005,296.2155,786.41605,832.30467,320.0
browse,218,1711695401169682,1711695401269682,380.401075,346.94399999999996,894.0847,937.2089,400.0
browse,219,1711695401269682,1711695401369682,330.6959655172414,341.066,672.2565999999999,825.9734799999998,290.0
browse,220,1711695401369682,1711695401469682,251.47982352941176,257.9945,640.2976,831.4252000000005,340.0
browse,221,1711695401469682,1711695401569682,256.43733333333336,260.645,642.4417,692.4448199999999,270.0
browse,222,1711695401569682,1711695401669682,249.50906249999997,249.461,646.1332500000001,746.4490499999999,160.0
browse,223,1711695401669682,1711695401769682,255.60968181818188,214.301,638.2746999999998,739.2262199999999,220.0
browse,224,1711695401769682,1711695401869682,257.5338,197.71550000000002,660.2798499999996,772.43573,300.0
browse,225,1711695401869682,1711695401969682,306.43052380952383,276.654,654.953,883.9482000000002,210.0
browse,226,1711695401969682,1711695402069682,260.4313939393939,285.827,471.37139999999994,561.44388,330.0
browse,227,1711695402069682,1711695402169682,214.8877272727273,186.524,609.8002499999999,644.4820599999999,220.0
browse,228,1711695402169682,1711695402269682,175.2797741935484,180.51,469.11249999999995,536.3493,310.0
browse,229,1711695402269682,1711695402369682,197.38396,232.3,367.6786,420.83211999999986,250.0
browse,230,1711695402369682,1711695402469682,179.752054054054,204.196,431.70439999999957,518.68472,370.0
browse,231,1711695402469682,1711695402569682,163.96445161290325,135.295,443.945,506.4097,310.0
browse,232,1711695402569682,1711695402669682,151.78576190476187,120.057,350.002,396.6012,210.0
browse,233,1711695402669682,1711695402769682,112.35033333333332,99.85,296.3346499999999,316.83723,240.0
browse,234,1711695402769682,1711695402869682,104.55144444444443,107.732,242.9048,271.30533999999994,270.0
browse,235,1711695402869682,1711695402969682,100.82570588235295,84.808,239.61219999999997,261.98724,170.0
browse,236,1711695402969682,1711695403069682,102.34566666666666,85.73750000000001,242.92299999999997,285.6484,240.0
browse,237,1711695403069682,1711695403169682,77.2005909090909,70.521,143.84265,193.87830999999994,220.0
browse,238,1711695403169682,1711695403269682,78.16096,85.806,190.20199999999988,224.73459999999992,250.0
browse,239,1711695403269682,1711695403369682,41.22772727272728,18.8645,120.46314999999997,135.05675,220.0
browse,240,1711695403369682,1711695403469682,45.05424,26.293,109.05679999999998,123.84827999999997,250.0
browse,241,1711695403469682,1711695403569682,27.49947368421053,16.483,65.68169999999999,95.14001000000012,380.0
browse,242,1711695403569682,1711695403669682,22.181160000000006,10.974,50.0712,56.359039999999986,250.0
browse,243,1711695403669682,1711695403769682,14.395791666666668,10.215,27.87744999999999,37.908379999999994,240.0
browse,244,1711695403769682,1711695403869682,14.207764705882354,12.165,28.810399999999994,30.697940000000003,340.0
browse,245,1711695403869682,1711695403969682,11.367333333333335,10.219,16.197599999999998,21.40732,330.0
browse,246,1711695403969682,1711695404069682,11.298709677419357,10.115,16.8735,18.536499999999997,310.0
browse,247,1711695404069682,1711695404169682,10.627031249999998,9.9575,16.55205,18.763830000000006,320.0
browse,248,1711695404169682,1711695404269682,10.279466666666663,9.9205,15.390899999999998,16.6922,300.0
browse,249,1711695404269682,1711695404369682,10.977416666666665,9.523,20.036499999999993,20.72547,240.0
browse,250,1711695404369682,1711695404469682,9.458352941176472,9.5475,13.436949999999996,14.93548,340.0
view,0,1711695379369682,1711695379469682,0,0,0,0,0
view,1,1711695379469682,1711695379569682,0,0,0,0,0
view,2,1711695379569682,1711695379669682,0,0,0,0,0
view,3,1711695379669682,1711695379769682,0,0,0,0,0
view,4,1711695379769682,1711695379869682,0,0,0,0,0
view,5,1711695379869682,1711695379969682,0,0,0,0,0
view,6,1711695379969682,1711695380069682,0,0,0,0,0
view,7,1711695380069682,1711695380169682,0,0,0,0,0
view,8,1711695380169682,1711695380269682,0,0,0,0,0
view,9,1711695380269682,1711695380369682,0,0,0,0,0
view,10,1711695380369682,1711695380469682,0,0,0,0,0
view,11,1711695380469682,1711695380569682,0,0,0,0,0
view,12,1711695380569682,1711695380669682,0,0,0,0,0
view,13,1711695380669682,1711695380769682,0,0,0,0,0
view,14,1711695380769682,1711695380869682,0,0,0,0,0
view,15,1711695380869682,1711695380969682,0,0,0,0,0
view,16,1711695380969682,1711695381069682,14.886384615384612,9.966,37.76839999999995,55.22887999999996,130.0
view,17,1711695381069682,1711695381169682,12.232500000000002,11.955,15.50015,16.326430000000002,80.0
view,18,1711695381169682,1711695381269682,16.069533333333332,11.524,31.33569999999998,42.55193999999999,150.0
view,19,1711695381269682,1711695381369682,18.294071428571424,15.940999999999999,35.31135,41.29186999999999,140.0
view,20,1711695381369682,1711695381469682,35.14894736842105,26.818,71.70899999999997,78.0018,190.0
view,21,1711695381469682,1711695381569682,37.356833333333334,38.509,52.04214999999999,55.49483,120.0
view,22,1711695381569682,1711695381669682,65.4117619047619,54.725,117.421,132.8762,210.0
view,23,1711695381669682,1711695381769682,71.67305263157895,71.202,116.96099999999997,126.69539999999999,190.0
view,24,1711695381769682,1711695381869682,92.434875,87.244,131.123,163.33339999999998,160.0
view,25,1711695381869682,1711695381969682,89.78270588235294,90.675,142.43479999999997,158.00216,170.0
view,26,1711695381969682,1711695382069682,100.10631818181818,96.1725,152.52759999999998,208.51717999999994,220.0
view,27,1711695382069682,1711695382169682,121.604375,127.3325,192.2865,202.34609999999998,160.0
view,28,1711695382169682,1711695382269682,141.58085,154.7485,197.5652500000001,292.7058499999998,200.0
view,29,1711695382269682,1711695382369682,160.59152941176472,174.017,203.065,212.793,170.0
view,30,1711695382369682,1711695382469682,149.61206249999998,143.3315,254.916,261.4776,160.0
view,31,1711695382469682,1711695382569682,156.92305555555555,154.713,262.7113499999998,340.7814699999998,180.0
view,32,1711695382569682,1711695382669682,186.14018181818184,188.774,234.9135,243.2339,110.0
view,33,1711695382669682,1711695382769682,223.492875,207.89,394.87925,425.06465,160.0
view,34,1711695382769682,1711695382869682,170.0009090909091,166.313,261.8165,264.9865,110.0
view,35,1711695382869682,1711695382969682,222.0836842105263,229.991,382.1184999999999,400.89970000000005,190.0
view,36,1711695382969682,1711695383069682,177.98064285714287,189.11950000000002,265.1332,290.21383999999995,140.0
view,37,1711695383069682,1711695383169682,194.5813125,182.715,329.7115,360.28869999999995,160.0
view,38,1711695383169682,1711695383269682,217.0875882352941,229.817,341.70099999999996,376.9842,170.0
view,39,1711695383269682,1711695383369682,199.40214285714288,197.08,363.2274999999999,395.5014999999999,70.0
view,40,1711695383369682,1711695383469682,217.61185714285716,197.107,401.82879999999994,478.3769599999999,140.0
view,41,1711695383469682,1711695383569682,199.99383333333333,183.7415,351.3046999999999,401.4601399999999,180.0
view,42,1711695383569682,1711695383669682,229.4395789473684,213.375,386.06979999999993,405.27796,190.0
view,43,1711695383669682,1711695383769682,322.0163125,254.029,652.6479999999999,907.1343999999998,160.0
view,44,1711695383769682,1711695383869682,182.18336842105262,179.765,356.7392,366.61904,190.0
view,45,1711695383869682,1711695383969682,245.7969375,190.265,582.40275,595.64535,160.0
view,46,1711695383969682,1711695384069682,268.6457,276.6535,413.6399,416.89118,200.0
view,47,1711695384069682,1711695384169682,273.47464285714284,248.13299999999998,463.98019999999997,528.7160399999999,140.0
view,48,1711695384169682,1711695384269682,258.413125,207.769,502.1172499999999,584.0459599999999,240.0
view,49,1711695384269682,1711695384369682,342.75047368421053,387.995,549.6521999999999,598.7720400000001,190.0
view,50,1711695384369682,1711695384469682,224.60225000000003,226.387,364.4305499999999,387.82931,120.0
view,51,1711695384469682,1711695384569682,282.0823333333333,224.488,606.5498499999999,666.8971700000001,120.0
view,52,1711695384569682,1711695384669682,296.1557619047619,328.779,569.812,833.6856000000002,210.0
view,53,1711695384669682,1711695384769682,298.0357142857143,264.042,526.082,575.802,210.0
view,54,1711695384769682,1711695384869682,353.10557142857135,291.406,610.0294,615.39148,70.0
view,55,1711695384869682,1711695384969682,215.114052631579,205.438,328.1400999999996,449.17282,190.0
view,56,1711695384969682,1711695385069682,282.29747619047623,225.543,459.692,636.1272000000001,210.0
view,57,1711695385069682,1711695385169682,256.46813333333336,215.84,427.5899999999999,471.1076,150.0
view,58,1711695385169682,1711695385269682,472.30600000000004,396.909,602.6706,620.96052,30.0
view,59,1711695385269682,1711695385369682,328.49960714285714,307.6445,606.1988499999999,692.74442,280.0
view,60,1711695385369682,1711695385469682,349.04061904761903,350.887,599.557,943.4106000000004,210.0
view,61,1711695385469682,1711695385569682,367.73758333333336,368.1075,457.8447,473.32654,120.0
view,62,1711695385569682,1711695385669682,367.1960588235294,385.245,650.9626,693.2397199999999,170.0
view,63,1711695385669682,1711695385769682,354.73990909090907,313.365,595.653,626.309,110.0
view,64,1711695385769682,1711695385869682,343.74240000000003,326.802,654.6104999999999,750.6028999999999,150.0
view,65,1711695385869682,1711695385969682,407.61765217391303,390.567,841.0413999999995,1347.8110600000007,230.0
view,66,1711695385969682,1711695386069682,344.18135714285717,348.7795,572.06665,572.93973,140.0
view,67,1711695386069682,1711695386169682,439.49965217391303,410.591,955.0998999999995,1126.6372400000002,230.0
view,68,1711695386169682,1711695386269682,328.21582352941175,365.216,517.2424,535.17968,170.0
view,69,1711695386269682,1711695386369682,343.65599999999995,301.851,662.5408,706.4721600000001,120.0
view,70,1711695386369682,1711695386469682,288.38968750000004,261.49199999999996,704.499,767.3765999999999,160.0
view,71,1711695386469682,1711695386569682,419.48587499999996,397.07500000000005,796.72575,1001.32035,160.0
view,72,1711695386569682,1711695386669682,553.7524705882353,410.417,1135.6321999999996,1504.00084,170.0
view,73,1711695386669682,1711695386769682,362.7966818181818,346.2555,623.81465,671.6404299999999,220.0
view,74,1711695386769682,1711695386869682,348.188,341.68,709.704,737.8512000000001,170.0
view,75,1711695386869682,1711695386969682,371.61015384615376,302.133,696.9419999999999,717.2292,130.0
view,76,1711695386969682,1711695387069682,436.57150000000007,454.0405,869.14245,873.2644899999999,140.0
view,77,1711695387069682,1711695387169682,420.77205000000004,452.483,740.3460500000001,858.9068099999998,200.0
view,78,1711695387169682,1711695387269682,402.129,334.5765,726.66275,799.6797499999999,160.0
view,79,1711695387269682,1711695387369682,409.79023809523807,327.07,914.683,1070.1854,210.0
view,80,1711695387369682,1711695387469682,421.52085,499.53,679.8929000000002,771.2433799999999,200.0
view,81,1711695387469682,1711695387569682,377.39413333333334,472.409,747.8327999999999,787.40576,150.0
view,82,1711695387569682,1711695387669682,388.4422222222222,333.82349999999997,820.7746499999998,913.6293299999998,180.0
view,83,1711695387669682,1711695387769682,425.70289473684204,463.779,788.7783,834.75966,190.0
view,84,1711695387769682,1711695387869682,529.3314545454546,432.322,1136.6399999999999,1248.9744,110.0
view,85,1711695387869682,1711695387969682,500.92607142857145,416.5155,1085.4066,1157.67412,140.0
view,86,1711695387969682,1711695388069682,445.774,500.724,823.8557999999999,824.03756,170.0
view,87,1711695388069682,1711695388169682,461.7482000000001,478.861,1034.12385,1152.7271699999997,200.0
view,88,1711695388169682,1711695388269682,493.41133333333335,441.415,1168.8037999999997,1465.72956,90.0
view,89,1711695388269682,1711695388369682,706.85025,734.2115,1092.54555,1111.74431,80.0
view,90,1711695388369682,1711695388469682,540.3628125,586.29,850.0015000000001,874.0195,160.0
view,91,1711695388469682,1711695388569682,458.88664285714276,433.5465,875.2846999999999,993.2529399999999,140.0
view,92,1711695388569682,1711695388669682,545.510875,555.2935,910.58825,1026.42965,160.0
view,93,1711695388669682,1711695388769682,609.1079230769232,563.046,911.0177999999999,958.2051599999999,130.0
view,94,1711695388769682,1711695388869682,688.1545,634.8665000000001,1223.8222499999995,1469.5116500000004,120.0
view,95,1711695388869682,1711695388969682,600.8019999999999,568.112,1075.20475,1176.66095,200.0
view,96,1711695388969682,1711695389069682,536.5102222222223,503.246,1127.9306499999998,1262.5237299999997,180.0
view,97,1711695389069682,1711695389169682,710.7624000000001,598.898,1506.8402999999987,2234.6560599999993,150.0
view,98,1711695389169682,1711695389269682,411.45915,421.94849999999997,695.4674,763.3566799999999,200.0
view,99,1711695389269682,1711695389369682,548.409294117647,536.958,1034.4812,1102.84984,170.0
view,100,1711695389369682,1711695389469682,554.8781428571428,670.9,922.2807,927.73134,70.0
view,101,1711695389469682,1711695389569682,583.0251999999999,496.152,994.5233999999999,1002.15508,150.0
view,102,1711695389569682,1711695389669682,620.2198461538462,590.3254999999999,1217.48,1385.29575,260.0
view,103,1711695389669682,1711695389769682,616.7244117647059,577.691,1179.7183999999995,1693.1468799999998,170.0
view,104,1711695389769682,1711695389869682,492.02969230769236,497.255,924.6995999999997,1019.1871199999998,130.0
view,105,1711695389869682,1711695389969682,746.9385833333332,603.6295,1454.39475,1481.53175,120.0
view,106,1711695389969682,1711695390069682,615.52904,533.106,1163.2086,1234.7300799999998,250.0
view,107,1711695390069682,1711695390169682,519.7296428571428,495.0625,890.63145,953.9502899999999,140.0
view,108,1711695390169682,1711695390269682,569.310090909091,467.475,1525.85565,1654.88006,220.0
view,109,1711695390269682,1711695390369682,582.0065882352941,523.718,1104.7099999999998,1279.6924000000001,170.0
view,110,1711695390369682,1711695390469682,530.4612857142857,546.6514999999999,965.27325,1035.8034499999999,140.0
view,111,1711695390469682,1711695390569682,617.5298695652175,567.474,1200.1745,1309.4041200000001,230.0
view,112,1711695390569682,1711695390669682,668.1256666666667,572.694,1255.0244999999998,1362.2616999999998,150.0
view,113,1711695390669682,1711695390769682,739.2294705882354,678.697,1574.3313999999993,2258.83828,170.0
view,114,1711695390769682,1711695390869682,611.9348076923077,564.5795,1347.18975,1394.12925,260.0
view,115,1711695390869682,1711695390969682,724.6819375,814.6595,1254.35475,1383.0181499999999,160.0
view,116,1711695390969682,1711695391069682,786.9313076923077,711.199,1423.8932,1435.83224,130.0
view,117,1711695391069682,1711695391169682,759.4161111111111,828.4110000000001,1481.3742499999998,1496.57565,180.0
view,118,1711695391169682,1711695391269682,684.6139444444444,629.5585000000001,1129.2648,1175.4993599999998,180.0
view,119,1711695391269682,1711695391369682,646.0481111111111,650.18,1438.7898,1506.6547600000001,90.0
view,120,1711695391369682,1711695391469682,473.3519999999999,397.9155,1010.55625,1017.8544499999999,140.0
view,121,1711695391469682,1711695391569682,514.1519285714286,480.374,1100.8008999999997,1248.2177799999997,140.0
view,122,1711695391569682,1711695391669682,790.8370666666667,867.452,1198.4602,1200.40004,150.0
view,123,1711695391669682,1711695391769682,813.5015714285713,846.255,1325.19185,1480.8231699999997,140.0
view,124,1711695391769682,1711695391869682,774.0440000000001,639.156,1522.333,2179.2706000000007,210.0
view,125,1711695391869682,1711695391969682,867.0085555555556,876.3515,1295.8003499999998,1470.8792699999995,180.0
view,126,1711695391969682,1711695392069682,695.7405454545456,644.504,1380.8595,1494.2143,110.0
view,127,1711695392069682,1711695392169682,722.7630869565218,681.559,1876.8747999999987,1985.3258,230.0
view,128,1711695392169682,1711695392269682,872.3525384615385,790.299,1527.6137999999996,1602.5619599999998,130.0
view,129,1711695392269682,1711695392369682,648.0705714285714,625.6065,1436.4572500000002,1442.79865,140.0
view,130,1711695392369682,1711695392469682,729.2410000000001,820.892,1216.9453999999998,1308.75148,90.0
view,131,1711695392469682,1711695392569682,848.8765,751.196,1646.7667999999994,1986.4213599999991,180.0
view,132,1711695392569682,1711695392669682,800.06755,774.4145000000001,1257.88745,1259.71829,200.0
view,133,1711695392669682,1711695392769682,741.0065454545454,486.83500000000004,1740.7569999999998,2006.44889,220.0
view,134,1711695392769682,1711695392869682,840.0561428571427,782.254,1477.872,1559.2544,210.0
view,135,1711695392869682,1711695392969682,842.0091666666667,682.8945,1480.00315,1497.57103,120.0
view,136,1711695392969682,1711695393069682,751.2195333333332,817.593,1383.2498999999991,1830.4899799999994,150.0
view,137,1711695393069682,1711695393169682,1081.455625,838.145,2076.91175,2319.93275,160.0
view,138,1711695393169682,1711695393269682,904.8386470588235,831.575,1546.3558,1576.6431599999999,170.0
view,139,1711695393269682,1711695393369682,888.2852666666665,837.426,1366.6426999999996,1523.4533399999998,150.0
view,140,1711695393369682,1711695393469682,910.6832142857144,856.4505,1410.9339499999999,1569.2619899999997,140.0
view,141,1711695393469682,1711695393569682,867.7689999999999,1139.407,1342.611,1368.0726000000002,110.0
view,142,1711695393569682,1711695393669682,890.7158333333332,863.242,1625.0699499999998,1638.62439,180.0
view,143,1711695393669682,1711695393769682,1007.5112727272729,955.1569999999999,1545.8289999999997,2828.5106199999987,220.0
view,144,1711695393769682,1711695393869682,1061.6015,840.1904999999999,1890.9534499999977,2994.9626899999976,180.0
view,145,1711695393869682,1711695393969682,917.2206666666668,828.024,1669.9057999999995,1834.8347599999997,150.0
view,146,1711695393969682,1711695394069682,799.0702083333334,769.258,1515.7542999999996,1573.61557,240.0
view,147,1711695394069682,1711695394169682,931.1572608695653,807.476,1893.0433999999996,2340.9129600000006,230.0
view,148,1711695394169682,1711695394269682,748.3649333333334,582.564,1403.4357999999997,1542.5039599999998,150.0
view,149,1711695394269682,1711695394369682,995.0001,874.5699999999999,1649.8260500000004,2092.055609999999,200.0
view,150,1711695394369682,1711695394469682,1084.821333333333,1104.848,1648.014,2281.3028000000004,210.0
view,151,1711695394469682,1711695394569682,900.9389230769231,857.497,1624.7392,1628.15344,130.0
view,152,1711695394569682,1711695394669682,823.1483846153847,842.474,1711.5682,1745.11684,130.0
view,153,1711695394669682,1711695394769682,983.5054736842105,904.835,1678.7469999999998,1687.3509999999999,190.0
view,154,1711695394769682,1711695394869682,837.7748947368422,866.486,1494.9161999999976,2283.6272400000003,190.0
view,155,1711695394869682,1711695394969682,764.071588235294,837.923,1463.6305999999997,1790.05172,170.0
view,156,1711695394969682,1711695395069682,969.6709374999999,869.5685,1695.42125,1702.73465,160.0
view,157,1711695395069682,1711695395169682,1184.6120624999999,1273.0405,1918.353,2386.8089999999997,160.0
view,158,1711695395169682,1711695395269682,819.2402727272726,875.763,1256.8339999999998,1277.1699999999998,110.0
view,159,1711695395269682,1711695395369682,820.2824,859.9739999999999,1484.4659500000007,2111.282789999999,200.0
view,160,1711695395369682,1711695395469682,771.809625,787.4415,1267.4820999999997,1424.1684199999997,80.0
view,161,1711695395469682,1711695395569682,950.3984347826089,963.548,1605.8109,1974.7898400000004,230.0
view,162,1711695395569682,1711695395669682,982.1615,953.5135,1712.53495,1725.89739,140.0
view,163,1711695395669682,1711695395769682,894.6477199999999,920.462,1710.1976,1720.45104,250.0
view,164,1711695395769682,1711695395869682,1120.425875,1290.9055,1698.4205,1703.3009,160.0
view,165,1711695395869682,1711695395969682,861.5440526315789,944.499,1444.1604,1453.5520800000002,190.0
view,166,1711695395969682,1711695396069682,1213.4243636363635,1011.481,2142.2475,2326.4679,110.0
view,167,1711695396069682,1711695396169682,797.2531111111111,919.5625,1409.4711,1411.94222,180.0
view,168,1711695396169682,1711695396269682,1150.3328,1134.98,1888.5853,1914.96746,150.0
view,169,1711695396269682,1711695396369682,894.0742222222223,919.635,1494.066549999999,1964.842109999999,180.0
view,170,1711695396369682,1711695396469682,965.1653636363637,1063.4085,1618.46725,1620.4956300000001,220.0
view,171,1711695396469682,1711695396569682,894.9424736842105,924.389,1640.4244999999985,2147.7473,190.0
view,172,1711695396569682,1711695396669682,795.4835,882.686,1554.81925,1560.3518499999998,160.0
view,173,1711695396669682,1711695396769682,844.9854166666668,889.256,1565.7269,1583.65338,120.0
view,174,1711695396769682,1711695396869682,885.5327083333333,856.5405000000001,1494.5912999999998,1799.5152299999997,240.0
view,175,1711695396869682,1711695396969682,893.2100434782608,840.026,1482.1638,1492.4442800000002,230.0
view,176,1711695396969682,1711695397069682,855.6208666666665,816.588,1324.4840999999997,1446.5904199999998,150.0
view,177,1711695397069682,1711695397169682,866.1410000000001,789.692,1564.4165,1970.8905000000004,110.0
view,178,1711695397169682,1711695397269682,690.1224,712.408,1398.1627,1450.59814,200.0
view,179,1711695397269682,1711695397369682,854.1424166666667,774.2175,1557.6933499999998,1715.3818700000004,120.0
view,180,1711695397369682,1711695397469682,738.011,728.902,1405.617,1409.8794,210.0
view,181,1711695397469682,1711695397569682,824.4627619047619,876.619,1546.14,1648.1824000000001,210.0
view,182,1711695397569682,1711695397669682,578.2940526315789,690.851,1118.2357,1128.33514,190.0
view,183,1711695397669682,1711695397769682,548.186375,566.177,1052.2745,1375.0396999999998,160.0
view,184,1711695397769682,1711695397869682,768.3209999999999,574.961,1721.8159999999998,1831.7104000000002,120.0
view,185,1711695397869682,1711695397969682,689.6416666666667,684.402,1621.1137999999999,1740.6323599999998,150.0
view,186,1711695397969682,1711695398069682,717.689,713.9345000000001,1363.9834499999995,1725.0126900000005,120.0
view,187,1711695398069682,1711695398169682,672.3416,668.556,1450.9290999999996,1718.0586199999996,150.0
view,188,1711695398169682,1711695398269682,695.6410666666667,813.761,1239.1902,1250.24684,150.0
view,189,1711695398269682,1711695398369682,646.7170952380952,672.373,1189.068,1245.0224,210.0
view,190,1711695398369682,1711695398469682,630.3073157894736,638.613,1274.1348,1316.18856,190.0
view,191,1711695398469682,1711695398569682,611.6990000000001,624.8785,1131.5853499999998,1159.19947,180.0
view,192,1711695398569682,1711695398669682,526.1881,556.1465000000001,1183.7811000000004,1567.3698199999994,200.0
view,193,1711695398669682,1711695398769682,581.862,579.659,1131.44065,1142.65933,120.0
view,194,1711695398769682,1711695398869682,295.30937500000005,129.13400000000001,669.74285,684.26617,80.0
view,195,1711695398869682,1711695398969682,425.75922727272723,429.5785,1071.2976999999996,1715.4829099999995,220.0
view,196,1711695398969682,1711695399069682,331.713375,71.1465,1038.2827499999999,1077.86535,160.0
view,197,1711695399069682,1711695399169682,570.0136,566.25,1062.4032,1074.81504,150.0
view,198,1711695399169682,1711695399269682,504.4011764705883,534.081,1409.6041999999998,1492.8208399999999,170.0
view,199,1711695399269682,1711695399369682,425.0168947368421,517.904,955.3543999999998,1018.1844800000001,190.0
view,200,1711695399369682,1711695399469682,384.31973684210527,447.308,760.6254999999996,878.9755,190.0
view,201,1711695399469682,1711695399569682,443.3684782608695,476.113,952.8173999999999,1184.1562400000003,230.0
view,202,1711695399569682,1711695399669682,448.012,470.236,877.46335,878.84707,140.0
view,203,1711695399669682,1711695399769682,301.20837500000005,196.6105,896.886,944.2188,160.0
view,204,1711695399769682,1711695399869682,314.95085714285716,427.355,645.532,654.5928,210.0
view,205,1711695399869682,1711695399969682,360.74790476190475,423.696,867.413,890.3802,210.0
view,206,1711695399969682,1711695400069682,172.50126666666668,13.235,512.3931,527.63462,150.0
view,207,1711695400069682,1711695400169682,285.0646923076923,141.934,664.7331999999996,814.7658399999997,130.0
view,208,1711695400169682,1711695400269682,261.06266666666664,256.235,669.0837499999998,839.6167500000003,120.0
view,209,1711695400269682,1711695400369682,216.5588333333333,234.543,421.7392,456.64704000000006,120.0
view,210,1711695400369682,1711695400469682,207.4424,90.245,519.2479000000002,788.4535799999995,200.0
view,211,1711695400469682,1711695400569682,253.06706666666665,113.395,594.0180999999998,715.1052199999998,150.0
view,212,1711695400569682,1711695400669682,293.7760909090909,256.5195,789.1736999999999,795.85244,220.0
view,213,1711695400669682,1711695400769682,343.343,407.8025,703.4902500000001,713.63325,160.0
view,214,1711695400769682,1711695400869682,256.5748421052632,326.056,616.6834999999998,709.6031,190.0
view,215,1711695400869682,1711695400969682,234.2464482758621,75.458,644.2105999999999,792.5885199999998,290.0
view,216,1711695400969682,1711695401069682,328.78221428571436,341.01800000000003,677.5231999999999,817.5862399999997,140.0
view,217,1711695401069682,1711695401169682,230.10350000000003,20.391,723.5372999999998,789.8250599999999,180.0
view,218,1711695401169682,1711695401269682,114.03866666666666,9.3545,356.1602,359.14164,120.0
view,219,1711695401269682,1711695401369682,222.2435625,132.764,653.33025,820.9012499999999,160.0
view,220,1711695401369682,1711695401469682,228.42211111111112,331.575,533.3721999999999,632.25444,90.0
view,221,1711695401469682,1711695401569682,175.51727777777782,22.744500000000002,523.2668999999994,812.7605799999993,180.0
view,222,1711695401569682,1711695401669682,211.06413333333336,15.368,618.7056,632.8243200000001,150.0
view,223,1711695401669682,1711695401769682,180.9153846153846,205.31,356.21339999999987,387.5530799999999,130.0
view,224,1711695401769682,1711695401869682,129.4483181818182,26.1755,350.42395,621.8125899999997,220.0
view,225,1711695401869682,1711695401969682,219.00938888888888,275.3275,536.7699,561.49878,180.0
view,226,1711695401969682,1711695402069682,187.62614285714284,186.2005,468.49195,516.8191899999999,140.0
view,227,1711695402069682,1711695402169682,158.25326666666663,182.721,364.51449999999994,404.13169999999997,150.0
view,228,1711695402169682,1711695402269682,152.95314285714284,175.58,300.803,539.2414000000002,210.0
view,229,1711695402269682,1711695402369682,154.50554545454546,155.264,264.0275,273.35429999999997,110.0
view,230,1711695402369682,1711695402469682,191.77623076923075,206.91,394.87579999999997,399.52556,130.0
view,231,1711695402469682,1711695402569682,160.4491111111111,199.8705,310.8926999999999,377.1097399999998,180.0
view,232,1711695402569682,1711695402669682,71.35507142857142,12.1935,194.14215,196.32043000000002,140.0
view,233,1711695402669682,1711695402769682,80.295875,55.6475,181.5934,254.52264999999997,240.0
view,234,1711695402769682,1711695402869682,114.98447058823528,107.875,274.24639999999994,345.13408,170.0
view,235,1711695402869682,1711695402969682,82.10813043478261,88.675,162.01579999999998,162.74756,230.0
view,236,1711695402969682,1711695403069682,60.20837499999999,53.2455,148.33319999999998,154.87446,240.0
view,237,1711695403069682,1711695403169682,58.1185,53.753,136.735,183.02619999999996,160.0
view,238,1711695403169682,1711695403269682,34.9638,13.0625,94.87465,95.14213000000001,100.0
view,239,1711695403269682,1711695403369682,35.53985714285714,18.695500000000003,82.76285,84.73417,140.0
view,240,1711695403369682,1711695403469682,29.280333333333335,15.860500000000002,89.94294999999998,100.39658999999997,180.0
view,241,1711695403469682,1711695403569682,29.199199999999998,19.6505,60.44155,61.665910000000004,100.0
view,242,1711695403569682,1711695403669682,18.265066666666662,12.084,39.9034,41.89028,150.0
view,243,1711695403669682,1711695403769682,14.487647058823526,10.307,28.8204,30.67128,170.0
view,244,1711695403769682,1711695403869682,14.30411111111111,12.774999999999999,25.04825,25.67045,180.0
view,245,1711695403869682,1711695403969682,13.566461538461537,12.769,21.1072,21.943839999999998,130.0
view,246,1711695403969682,1711695404069682,11.84625,11.318000000000001,15.466000000000003,18.247599999999995,200.0
view,247,1711695404069682,1711695404169682,11.918866666666668,11.111,17.575899999999997,19.100779999999997,150.0
view,248,1711695404169682,1711695404269682,12.02575,11.2605,17.460449999999998,18.525690000000004,120.0
view,249,1711695404269682,1711695404369682,12.086666666666668,11.723,16.5677,17.85514,150.0
view,250,1711695404369682,1711695404469682,10.319153846153846,10.231,12.0718,12.427959999999999,130.0
add,0,1711695379369682,1711695379469682,0,0,0,0,0
add,1,1711695379469682,1711695379569682,0,0,0,0,0
add,2,1711695379569682,1711695379669682,0,0,0,0,0
add,3,1711695379669682,1711695379769682,0,0,0,0,0
add,4,1711695379769682,1711695379869682,0,0,0,0,0
add,5,1711695379869682,1711695379969682,0,0,0,0,0
add,6,1711695379969682,1711695380069682,0,0,0,0,0
add,7,1711695380069682,1711695380169682,0,0,0,0,0
add,8,1711695380169682,1711695380269682,0,0,0,0,0
add,9,1711695380269682,1711695380369682,0,0,0,0,0
add,10,1711695380369682,1711695380469682,0,0,0,0,0
add,11,1711695380469682,1711695380569682,0,0,0,0,0
add,12,1711695380569682,1711695380669682,0,0,0,0,0
add,13,1711695380669682,1711695380769682,0,0,0,0,0
add,14,1711695380769682,1711695380869682,0,0,0,0,0
add,15,1711695380869682,1711695380969682,4.245,4.245,4.245,4.245,10.0
add,16,1711695380969682,1711695381069682,3.8640000000000003,3.3425000000000002,6.3757,6.52074,80.0
add,17,1711695381069682,1711695381169682,5.126647058823529,4.246,10.5926,11.80092,170.0
add,18,1711695381169682,1711695381269682,3.3287619047619046,2.858,4.129,10.446600000000005,210.0
add,19,1711695381269682,1711695381369682,5.644928571428572,2.5860000000000003,14.7677,15.756739999999999,140.0
add,20,1711695381369682,1711695381469682,9.693823529411766,10.461,18.4526,19.05612,170.0
add,21,1711695381469682,1711695381569682,9.101476190476191,6.512,22.124,23.4048,210.0
add,22,1711695381569682,1711695381669682,18.505142857142857,16.106,40.707,41.522999999999996,210.0
add,23,1711695381669682,1711695381769682,28.2966,25.806,55.659,55.9478,200.0
add,24,1711695381769682,1711695381869682,36.732214285714285,31.3305,64.35145,65.68629,140.0
add,25,1711695381869682,1711695381969682,40.67494117647059,33.222,92.78759999999997,125.93512,170.0
add,26,1711695381969682,1711695382069682,31.74271428571429,26.924500000000002,56.434799999999996,60.49495999999999,140.0
add,27,1711695382069682,1711695382169682,49.034473684210525,42.47,92.64049999999996,103.7897,190.0
add,28,1711695382169682,1711695382269682,76.52568749999999,83.25550000000001,122.5475,138.8567,160.0
add,29,1711695382269682,1711695382369682,84.77063636363637,89.214,115.5485,116.51050000000001,110.0
add,30,1711695382369682,1711695382469682,74.5835,73.7895,114.98049999999999,116.95689999999999,160.0
add,31,1711695382469682,1711695382569682,45.14114285714285,40.952,92.16,97.84880000000001,210.0
add,32,1711695382569682,1711695382669682,94.96272727272726,101.30199999999999,157.16559999999998,197.75819999999996,220.0
add,33,1711695382669682,1711695382769682,69.96418518518519,58.542,142.0209,167.10947999999996,270.0
add,34,1711695382769682,1711695382869682,74.31569999999999,54.3755,164.18100000000004,213.36819999999992,200.0
add,35,1711695382869682,1711695382969682,82.61211764705882,66.583,178.2134,178.42588,170.0
add,36,1711695382969682,1711695383069682,97.87075,103.6825,187.0015,209.7643,160.0
add,37,1711695383069682,1711695383169682,113.82821428571427,113.7415,244.28079999999994,340.2249599999999,140.0
add,38,1711695383169682,1711695383269682,91.64025000000001,81.58500000000001,187.19174999999998,188.76875,200.0
add,39,1711695383269682,1711695383369682,74.723375,71.718,141.90375,183.89114999999998,160.0
add,40,1711695383369682,1711695383469682,95.3232,85.44149999999999,216.2886,216.64572,100.0
add,41,1711695383469682,1711695383569682,79.6235,69.717,184.86125,191.22424999999998,160.0
add,42,1711695383569682,1711695383669682,78.5675,106.875,130.57,134.9324,80.0
add,43,1711695383669682,1711695383769682,99.99776470588235,87.704,210.8004,217.65928,170.0
add,44,1711695383769682,1711695383869682,104.32964705882353,101.451,203.02639999999997,212.30128,170.0
add,45,1711695383869682,1711695383969682,58.02133333333334,76.778,119.7026,121.60212,150.0
add,46,1711695383969682,1711695384069682,77.43455,78.5805,222.11915000000002,226.05823,200.0
add,47,1711695384069682,1711695384169682,114.50057142857145,98.928,209.49649999999997,271.57929999999993,140.0
add,48,1711695384169682,1711695384269682,135.8156,120.126,335.13829999999973,464.3308599999999,150.0
add,49,1711695384269682,1711695384369682,101.93338888888887,78.5035,260.30274999999995,273.8653499999999,180.0
add,50,1711695384369682,1711695384469682,148.38966666666667,130.499,276.27,323.78520000000003,210.0
add,51,1711695384469682,1711695384569682,159.662,127.601,392.8206999999998,485.23133999999993,150.0
add,52,1711695384569682,1711695384669682,223.65285714285713,191.702,452.9013999999998,516.3578799999998,70.0
add,53,1711695384669682,1711695384769682,116.13969230769231,89.285,303.1313999999998,361.4374799999999,130.0
add,54,1711695384769682,1711695384869682,226.12933333333334,179.92000000000002,437.7049999999993,783.226599999999,180.0
add,55,1711695384869682,1711695384969682,131.41860000000003,130.3785,260.9726,279.99691999999993,200.0
add,56,1711695384969682,1711695385069682,157.57735714285715,172.5865,307.20919999999995,389.1882399999999,140.0
add,57,1711695385069682,1711695385169682,204.4641538461539,196.149,362.1227999999998,424.92935999999986,130.0
add,58,1711695385169682,1711695385269682,132.84144444444445,95.072,275.40919999999994,312.51063999999997,90.0
add,59,1711695385269682,1711695385369682,148.14504,115.503,328.53579999999994,576.7612399999994,250.0
add,60,1711695385369682,1711695385469682,171.94411764705885,90.453,404.07439999999974,611.91248,170.0
add,61,1711695385469682,1711695385569682,174.1796666666667,166.559,335.5366,336.37212,150.0
add,62,1711695385569682,1711695385669682,158.509875,169.4615,342.79075,354.86935,160.0
add,63,1711695385669682,1711695385769682,134.087875,123.32549999999999,239.486,314.79799999999994,160.0
add,64,1711695385769682,1711695385869682,145.82510526315787,108.089,352.71889999999996,364.28138,190.0
add,65,1711695385869682,1711695385969682,124.91578260869562,101.925,318.4569,324.76696,230.0
add,66,1711695385969682,1711695386069682,151.62757142857143,160.927,340.051,401.78700000000003,210.0
add,67,1711695386069682,1711695386169682,192.35809523809525,175.862,708.476,710.46,210.0
add,68,1711695386169682,1711695386269682,201.80700000000002,209.625,382.719,383.1342,160.0
add,69,1711695386269682,1711695386369682,192.06866666666667,208.5125,381.94964999999996,397.09313000000003,120.0
add,70,1711695386369682,1711695386469682,163.34888888888887,163.171,315.28319999999997,339.56703999999996,90.0
add,71,1711695386469682,1711695386569682,175.0740588235294,151.437,370.07,398.0636,170.0
add,72,1711695386569682,1711695386669682,240.9473125,244.7545,424.38325,482.25985,160.0
add,73,1711695386669682,1711695386769682,115.49725000000001,89.4945,252.86675000000002,269.46935,160.0
add,74,1711695386769682,1711695386869682,254.9793076923077,259.087,404.7338,405.44276,130.0
add,75,1711695386869682,1711695386969682,198.62899999999996,229.97949999999997,385.87565,386.99833,140.0
add,76,1711695386969682,1711695387069682,139.83499999999998,82.508,379.07525,381.36305,160.0
add,77,1711695387069682,1711695387169682,227.48047058823528,275.688,439.59619999999984,543.6928399999999,170.0
add,78,1711695387169682,1711695387269682,187.52329411764708,161.022,405.9918,407.00236,170.0
add,79,1711695387269682,1711695387369682,263.1820769230769,255.361,444.57539999999995,451.63667999999996,130.0
add,80,1711695387369682,1711695387469682,96.22327272727271,19.265,355.659,426.40780000000007,110.0
add,81,1711695387469682,1711695387569682,249.16947619047616,270.483,483.22,588.4488000000001,210.0
add,82,1711695387569682,1711695387669682,259.82846666666666,260.312,475.89919999999995,489.07824,150.0
add,83,1711695387669682,1711695387769682,238.7429285714286,224.2375,515.3161,582.5760199999999,140.0
add,84,1711695387769682,1711695387869682,195.3807,150.75750000000002,520.83805,548.5476100000001,100.0
add,85,1711695387869682,1711695387969682,197.07052631578946,165.84,488.4527,495.96734,190.0
add,86,1711695387969682,1711695388069682,148.338375,81.43350000000001,478.97825,495.64205,160.0
add,87,1711695388069682,1711695388169682,281.92040740740737,299.203,514.5286,537.39148,270.0
add,88,1711695388169682,1711695388269682,271.87811764705884,291.015,601.0251999999997,904.2130399999999,170.0
add,89,1711695388269682,1711695388369682,260.86985714285714,226.74349999999998,508.07005,509.56921,140.0
add,90,1711695388369682,1711695388469682,298.1038461538461,342.162,488.4422,489.00284,130.0
add,91,1711695388469682,1711695388569682,196.27835714285715,161.9595,414.26349999999996,480.6206999999999,140.0
add,92,1711695388569682,1711695388669682,264.33908333333335,229.965,510.0969,519.7153500000001,240.0
add,93,1711695388669682,1711695388769682,165.72136842105263,55.54,501.11839999999995,516.7092799999999,190.0
add,94,1711695388769682,1711695388869682,208.02703999999997,174.637,511.0934,513.3738,250.0
add,95,1711695388869682,1711695388969682,238.77272727272728,290.1895,520.2664,522.08243,220.0
add,96,1711695388969682,1711695389069682,255.929125,228.9295,575.234,650.1547999999999,160.0
add,97,1711695389069682,1711695389169682,289.71361111111116,323.48199999999997,520.6986,521.77572,180.0
add,98,1711695389169682,1711695389269682,256.79026666666664,340.27,530.3254,545.80268,150.0
add,99,1711695389269682,1711695389369682,399.757,421.588,558.3240000000001,655.8927999999999,200.0
add,100,1711695389369682,1711695389469682,298.5872666666666,312.156,691.0268999999994,1005.8885799999997,150.0
add,101,1711695389469682,1711695389569682,307.8817142857143,335.724,518.1781,523.36042,140.0
add,102,1711695389569682,1711695389669682,570.9717499999999,427.92600000000004,1287.1964999999998,1345.1425,80.0
add,103,1711695389669682,1711695389769682,205.03192307692308,219.342,491.8223999999999,532.3900799999999,130.0
add,104,1711695389769682,1711695389869682,267.34860000000003,338.362,481.0230999999999,530.0214199999999,150.0
add,105,1711695389869682,1711695389969682,210.47337931034485,78.739,538.8584,556.35296,290.0
add,106,1711695389969682,1711695390069682,301.86269230769227,234.771,598.5640000000001,599.8192,130.0
add,107,1711695390069682,1711695390169682,297.73188235294117,382.635,598.5492,601.75944,170.0
add,108,1711695390169682,1711695390269682,323.22715,345.71000000000004,579.532,587.3904,200.0
add,109,1711695390269682,1711695390369682,282.2413888888889,305.256,613.12995,614.5667900000001,180.0
add,110,1711695390369682,1711695390469682,280.23449999999997,250.12,584.5276,605.12072,180.0
add,111,1711695390469682,1711695390569682,281.4584375,260.6165,631.33075,641.0909499999999,160.0
add,112,1711695390569682,1711695390669682,319.6106153846154,350.994,625.8947999999999,641.03976,130.0
add,113,1711695390669682,1711695390769682,367.5581428571428,378.364,633.81415,635.59723,140.0
add,114,1711695390769682,1711695390869682,422.0505333333333,397.187,879.2996999999993,1279.3743399999996,150.0
add,115,1711695390869682,1711695390969682,296.36045,286.657,639.04205,654.5012099999999,200.0
add,116,1711695390969682,1711695391069682,340.72612499999997,385.0875,664.6245,668.4321,160.0
add,117,1711695391069682,1711695391169682,385.0907692307692,384.728,655.0841999999999,659.04804,130.0
add,118,1711695391169682,1711695391269682,435.0798125,551.5915,699.87275,704.67935,160.0
add,119,1711695391269682,1711695391369682,220.6177,184.73,501.9185499999998,560.01571,100.0
add,120,1711695391369682,1711695391469682,360.5319545454546,386.8435,717.3313999999999,721.10692,220.0
add,121,1711695391469682,1711695391569682,422.17805,329.334,1461.76065,1495.19533,200.0
add,122,1711695391569682,1711695391669682,344.75800000000004,414.17,646.9569999999999,719.7922,170.0
add,123,1711695391669682,1711695391769682,271.28370000000007,200.1885,735.4247,764.86254,200.0
add,124,1711695391769682,1711695391869682,444.15455000000003,425.49,787.0928000000004,1106.7609599999996,200.0
add,125,1711695391869682,1711695391969682,295.92306249999996,194.89,846.70825,1109.8520499999997,160.0
add,126,1711695391969682,1711695392069682,381.87373684210536,326.171,969.7645999999987,1412.4033200000003,190.0
add,127,1711695392069682,1711695392169682,643.1499090909091,444.241,1528.258,1539.2036,110.0
add,128,1711695392169682,1711695392269682,301.97331578947365,295.841,739.3843999999999,750.65528,190.0
add,129,1711695392269682,1711695392369682,594.0355454545453,458.822,1138.321,1430.3658000000003,110.0
add,130,1711695392369682,1711695392469682,420.2348,452.342,798.0492999999999,886.7762599999999,150.0
add,131,1711695392469682,1711695392569682,384.37683333333337,442.653,749.1002,758.57124,180.0
add,132,1711695392569682,1711695392669682,353.4568888888889,340.829,707.5446,743.46812,90.0
add,133,1711695392669682,1711695392769682,477.8255384615384,639.217,775.0803999999999,784.0448799999999,130.0
add,134,1711695392769682,1711695392869682,638.208875,675.0295000000001,781.9244,783.33448,80.0
add,135,1711695392869682,1711695392969682,379.45741666666663,383.651,780.10675,780.23655,120.0
add,136,1711695392969682,1711695393069682,475.2991875,463.3565,974.0137500000001,1451.3923499999999,160.0
add,137,1711695393069682,1711695393169682,392.50676923076924,483.631,729.7741999999998,784.1284399999998,130.0
add,138,1711695393169682,1711695393269682,394.44356521739127,471.04,791.765,797.99096,230.0
add,139,1711695393269682,1711695393369682,462.9171999999999,458.191,1047.9160999999992,1492.1456199999996,150.0
add,140,1711695393369682,1711695393469682,461.7231875,401.8775,1028.395,1484.0397999999998,160.0
add,141,1711695393469682,1711695393569682,424.2500952380952,472.697,770.352,781.2744,210.0
add,142,1711695393569682,1711695393669682,458.3454375,367.8065,1002.3015,1485.3698999999997,160.0
add,143,1711695393669682,1711695393769682,362.48006250000003,376.414,803.337,804.9474,160.0
add,144,1711695393769682,1711695393869682,408.78214285714284,442.8405,801.87645,802.87849,140.0
add,145,1711695393869682,1711695393969682,341.8504285714286,358.87699999999995,788.491,789.5934,140.0
add,146,1711695393969682,1711695394069682,431.34906249999995,414.894,981.8699999999999,1415.6291999999996,160.0
add,147,1711695394069682,1711695394169682,399.8888333333333,374.505,808.5866000000001,808.79332,180.0
add,148,1711695394169682,1711695394269682,425.1301176470588,366.867,958.4711999999995,1455.3646399999998,170.0
add,149,1711695394269682,1711695394369682,545.987,376.335,1472.1523999999977,2296.6152799999986,130.0
add,150,1711695394369682,1711695394469682,384.04735999999997,389.489,812.8174,836.64464,250.0
add,151,1711695394469682,1711695394569682,318.62255555555555,350.127,811.7426,842.90612,90.0
add,152,1711695394569682,1711695394669682,455.36699999999996,429.296,1022.5745000000001,1443.8068999999998,160.0
add,153,1711695394669682,1711695394769682,358.96258333333327,333.4015,809.0109,828.3584199999999,240.0
add,154,1711695394769682,1711695394869682,497.69329411764704,543.011,974.5057999999995,1497.8235599999998,170.0
add,155,1711695394869682,1711695394969682,473.18938888888886,526.7375,863.5789999999997,978.8117999999997,180.0
add,156,1711695394969682,1711695395069682,461.2543333333333,448.3925,830.3702999999999,834.24846,120.0
add,157,1711695395069682,1711695395169682,504.9548235294118,532.673,829.0112,829.12064,170.0
add,158,1711695395169682,1711695395269682,475.8833333333333,541.871,830.8451,839.16502,150.0
add,159,1711695395269682,1711695395369682,438.82441666666665,514.5640000000001,813.74175,816.2387500000001,120.0
add,160,1711695395369682,1711695395469682,477.6028181818181,511.422,827.0305000000001,827.0373,110.0
add,161,1711695395469682,1711695395569682,293.76380000000006,200.48450000000003,854.5981,855.31402,200.0
add,162,1711695395569682,1711695395669682,538.2771818181819,541.854,990.2335,1100.3891,110.0
add,163,1711695395669682,1711695395769682,510.3135555555556,530.4845,863.8702000000001,866.84044,180.0
add,164,1711695395769682,1711695395869682,559.029,549.283,1119.8519999999999,1129.0296,170.0
add,165,1711695395869682,1711695395969682,677.1839166666667,862.3195,1566.6467499999985,1691.07583,240.0
add,166,1711695395969682,1711695396069682,256.89090909090913,47.255,889.0165,898.9481000000001,110.0
add,167,1711695396069682,1711695396169682,560.86225,572.8965000000001,888.5885,893.0657,160.0
add,168,1711695396169682,1711695396269682,327.13466666666665,68.059,876.4442,877.01924,90.0
add,169,1711695396269682,1711695396369682,543.7862,687.979,896.32335,896.93427,100.0
add,170,1711695396369682,1711695396469682,411.2415333333333,396.4335,873.9226,877.25742,300.0
add,171,1711695396469682,1711695396569682,505.9449411764706,608.399,868.1596,869.67192,170.0
add,172,1711695396569682,1711695396669682,464.58881818181817,595.7125,843.0243,851.27633,220.0
add,173,1711695396669682,1711695396769682,579.6187142857142,600.5055,822.4064999999999,823.3788999999999,140.0
add,174,1711695396769682,1711695396869682,626.8723636363636,787.043,1258.7805,1440.3465,110.0
add,175,1711695396869682,1711695396969682,396.7231904761905,357.096,803.564,1332.8456000000003,210.0
add,176,1711695396969682,1711695397069682,403.2099444444445,346.1585,868.533649999999,1311.180329999999,180.0
add,177,1711695397069682,1711695397169682,412.25866666666667,507.275,763.3281499999999,772.77363,120.0
add,178,1711695397169682,1711695397269682,380.1978666666667,292.039,946.0592999999993,1291.1262599999998,150.0
add,179,1711695397269682,1711695397369682,357.18719999999996,365.711,764.3665000000004,1235.9388999999992,200.0
add,180,1711695397369682,1711695397469682,454.9694444444444,466.18899999999996,913.0946999999983,1743.6589399999978,180.0
add,181,1711695397469682,1711695397569682,481.15984615384616,675.022,710.2426,716.41252,130.0
add,182,1711695397569682,1711695397669682,310.7835789473684,251.857,713.2352000000001,716.57024,190.0
add,183,1711695397669682,1711695397769682,331.02313636363635,244.7965,696.81515,700.1431299999999,220.0
add,184,1711695397769682,1711695397869682,260.5998000000001,214.362,689.2987,695.92134,200.0
add,185,1711695397869682,1711695397969682,404.358,536.4114999999999,703.4975000000001,752.7538999999999,160.0
add,186,1711695397969682,1711695398069682,406.43704347826093,637.454,671.849,749.1056000000001,230.0
add,187,1711695398069682,1711695398169682,369.1133333333334,295.762,925.3567499999996,1172.5113500000002,120.0
add,188,1711695398169682,1711695398269682,309.16291304347834,174.571,681.6425,683.21058,230.0
add,189,1711695398269682,1711695398369682,461.5163684210526,616.482,662.2216999999999,695.10914,190.0
add,190,1711695398369682,1711695398469682,295.42572222222225,252.47750000000002,737.1210499999992,1127.241809999999,180.0
add,191,1711695398469682,1711695398569682,234.8036666666667,125.854,622.0335,622.7067,180.0
add,192,1711695398569682,1711695398669682,288.1015625,163.9395,751.0632499999999,1092.7854499999996,160.0
add,193,1711695398669682,1711695398769682,229.19794736842107,5.523,833.245,836.2762,190.0
add,194,1711695398769682,1711695398869682,272.2701,202.011,595.4486499999999,608.30893,100.0
add,195,1711695398869682,1711695398969682,256.6868125,51.9045,585.27875,588.25415,160.0
add,196,1711695398969682,1711695399069682,335.67338461538463,284.907,736.4155999999994,948.1431199999996,130.0
add,197,1711695399069682,1711695399169682,213.1654347826087,253.366,546.2651000000001,555.09442,230.0
add,198,1711695399169682,1711695399269682,329.55069999999995,275.767,570.34195,572.2171900000001,100.0
add,199,1711695399269682,1711695399369682,236.1792142857143,128.916,685.7410499999999,878.2258099999997,140.0
add,200,1711695399369682,1711695399469682,254.2686363636364,247.066,535.483,543.0542,110.0
add,201,1711695399469682,1711695399569682,199.78500000000003,20.332,511.38460000000003,524.10972,170.0
add,202,1711695399569682,1711695399669682,398.3352142857143,317.261,992.23295,993.0945899999999,140.0
add,203,1711695399669682,1711695399769682,257.39307692307693,320.818,496.08840000000004,497.41607999999997,130.0
add,204,1711695399769682,1711695399869682,211.5716153846154,16.035,518.4698,522.39236,130.0
add,205,1711695399869682,1711695399969682,136.01084210526318,12.774,433.5713999999998,491.83668000000006,190.0
add,206,1711695399969682,1711695400069682,217.0790416666667,137.3675,499.12775,501.31293,240.0
add,207,1711695400069682,1711695400169682,212.48772727272728,148.75850000000003,495.21445,814.6057799999996,220.0
add,208,1711695400169682,1711695400269682,199.28866666666667,19.204,560.1354999999998,696.8622999999999,150.0
add,209,1711695400269682,1711695400369682,161.4199411764706,18.899,456.47279999999995,473.33616,170.0
add,210,1711695400369682,1711695400469682,152.40581818181815,83.311,645.0925,802.7025000000001,110.0
add,211,1711695400469682,1711695400569682,156.02195,43.346999999999994,444.80854999999997,445.68331,200.0
add,212,1711695400569682,1711695400669682,143.07292857142858,69.517,375.20975,413.94194999999996,140.0
add,213,1711695400669682,1711695400769682,190.64421428571427,104.6805,492.9235499999999,610.2423099999999,140.0
add,214,1711695400769682,1711695400869682,95.31335714285716,4.224,394.14945,394.26749,140.0
add,215,1711695400869682,1711695400969682,105.35788888888888,15.852,382.80095,383.01379000000003,180.0
add,216,1711695400969682,1711695401069682,136.69607692307693,33.929,364.5938,373.73156,130.0
add,217,1711695401069682,1711695401169682,158.27137499999998,143.666,356.2945,362.3509,160.0
add,218,1711695401169682,1711695401269682,79.242,2.0295,318.7711499999999,353.96543,120.0
add,219,1711695401269682,1711695401369682,71.16923529411764,2.162,332.3314,332.69748,170.0
add,220,1711695401369682,1711695401469682,130.2778823529412,2.331,517.3941999999998,622.40604,170.0
add,221,1711695401469682,1711695401569682,84.46095652173913,2.845,327.3466,333.44592,230.0
add,222,1711695401569682,1711695401669682,46.21770000000001,2.7675,220.00369999999998,223.65194,100.0
add,223,1711695401669682,1711695401769682,44.9288947368421,2.109,305.24019999999996,305.49364,190.0
add,224,1711695401769682,1711695401869682,118.1662727272727,21.883,300.80449999999996,304.2385,110.0
add,225,1711695401869682,1711695401969682,58.77527777777779,4.902,290.99989999999997,291.39838,180.0
add,226,1711695401969682,1711695402069682,54.994,2.424,267.6472,271.92544,190.0
add,227,1711695402069682,1711695402169682,98.0335652173913,3.338,269.0849,270.24438000000004,230.0
add,228,1711695402169682,1711695402269682,124.041,3.233,285.483,295.99580000000003,110.0
add,229,1711695402269682,1711695402369682,48.37588000000001,2.459,226.15759999999997,229.03112000000002,250.0
add,230,1711695402369682,1711695402469682,86.18926315789474,2.943,256.9370999999991,574.4794200000001,190.0
add,231,1711695402469682,1711695402569682,37.23323529411764,3.663,137.77639999999994,201.95367999999996,170.0
add,232,1711695402569682,1711695402669682,67.25541666666668,3.8405,185.16115,300.24487999999997,240.0
add,233,1711695402669682,1711695402769682,45.65472222222221,2.343,158.13459999999998,165.86212,180.0
add,234,1711695402769682,1711695402869682,50.22932142857143,3.0309999999999997,161.01475,163.08832999999998,280.0
add,235,1711695402869682,1711695402969682,40.251,2.754,148.51,212.35719999999995,160.0
add,236,1711695402969682,1711695403069682,36.205000000000005,5.199,168.5145,212.82050000000004,110.0
add,237,1711695403069682,1711695403169682,30.675521739130442,4.21,110.7601,113.2702,230.0
add,238,1711695403169682,1711695403269682,14.509529411764705,2.847,78.4742,80.37884,170.0
add,239,1711695403269682,1711695403369682,15.00007142857143,4.4510000000000005,63.79749999999999,72.61149999999998,140.0
add,240,1711695403369682,1711695403469682,17.18345,3.243,70.80109999999999,71.27382,200.0
add,241,1711695403469682,1711695403569682,11.189833333333334,3.886,47.186099999999996,49.14762,120.0
add,242,1711695403569682,1711695403669682,5.035066666666666,2.139,19.25049999999999,23.985299999999995,150.0
add,243,1711695403669682,1711695403769682,2.865272727272727,2.5629999999999997,3.8630999999999998,6.243319999999997,220.0
add,244,1711695403769682,1711695403869682,3.849888888888889,2.973,7.425599999999998,12.89075999999999,270.0
add,245,1711695403869682,1711695403969682,2.725857142857143,2.4845,3.97755,4.05711,140.0
add,246,1711695403969682,1711695404069682,3.074,2.441,5.089999999999999,5.9284,170.0
add,247,1711695404069682,1711695404169682,2.8475238095238096,2.528,5.042,6.453200000000002,210.0
add,248,1711695404169682,1711695404269682,2.6896875,2.271,5.00375,5.30075,160.0
add,249,1711695404269682,1711695404369682,2.5374545454545454,2.3225,3.61475,3.68372,220.0
add,250,1711695404369682,1711695404469682,2.6898125,2.675,3.66825,3.85845,160.0
